variant,algo,train_seed,eval_mode,episode,seed,return_total,steps,terminated,truncated,termination_reason,animal_status,is_success,animal_lost,battery_depleted,final_battery,battery_spent,barriers_installed,effective_barriers_installed,pickup_step,delivery_step
tuned,a2c,42,deterministic,0,50000,-38.0,58,True,False,success,saved,True,False,False,85,15,0,0,5,58
tuned,a2c,42,deterministic,1,50001,-8.0,28,True,False,success,saved,True,False,False,85,15,0,0,5,28
tuned,a2c,42,deterministic,2,50002,-41.0,61,True,False,success,saved,True,False,False,85,15,0,0,5,61
tuned,a2c,42,deterministic,3,50003,-100.0,100,False,True,max_steps,with_robot,False,False,False,86,14,0,0,5,
tuned,a2c,42,deterministic,4,50004,-72.0,92,True,False,success,saved,True,False,False,85,15,0,0,5,92
tuned,a2c,42,deterministic,5,50005,-29.0,49,True,False,success,saved,True,False,False,85,15,0,0,5,49
tuned,a2c,42,deterministic,6,50006,-5.0,25,True,False,success,saved,True,False,False,85,15,0,0,5,25
tuned,a2c,42,deterministic,7,50007,-3.0,23,True,False,success,saved,True,False,False,85,15,0,0,5,23
tuned,a2c,42,deterministic,8,50008,-18.0,38,True,False,success,saved,True,False,False,85,15,0,0,5,38
tuned,a2c,42,deterministic,9,50009,-6.0,26,True,False,success,saved,True,False,False,85,15,0,0,5,26
tuned,a2c,42,deterministic,10,50010,-53.0,73,True,False,success,saved,True,False,False,85,15,0,0,5,73
tuned,a2c,42,deterministic,11,50011,-100.0,100,False,True,max_steps,with_robot,False,False,False,86,14,0,0,5,
tuned,a2c,42,deterministic,12,50012,-7.0,27,True,False,success,saved,True,False,False,85,15,0,0,5,27
tuned,a2c,42,deterministic,13,50013,-39.0,59,True,False,success,saved,True,False,False,85,15,0,0,5,59
tuned,a2c,42,deterministic,14,50014,-40.0,60,True,False,success,saved,True,False,False,85,15,0,0,5,60
tuned,a2c,42,deterministic,15,50015,5.0,15,True,False,success,saved,True,False,False,85,15,0,0,5,15
tuned,a2c,42,deterministic,16,50016,-31.0,51,True,False,success,saved,True,False,False,85,15,0,0,5,51
tuned,a2c,42,deterministic,17,50017,-24.0,44,True,False,success,saved,True,False,False,85,15,0,0,5,44
tuned,a2c,42,deterministic,18,50018,-60.0,80,True,False,success,saved,True,False,False,85,15,0,0,5,80
tuned,a2c,42,deterministic,19,50019,-100.0,100,False,True,max_steps,with_robot,False,False,False,86,14,0,0,5,
tuned,a2c,42,deterministic,20,50020,-41.0,61,True,False,success,saved,True,False,False,85,15,0,0,5,61
tuned,a2c,42,deterministic,21,50021,-20.0,40,True,False,success,saved,True,False,False,85,15,0,0,5,40
tuned,a2c,42,deterministic,22,50022,-41.0,61,True,False,success,saved,True,False,False,85,15,0,0,5,61
tuned,a2c,42,deterministic,23,50023,-23.0,43,True,False,success,saved,True,False,False,85,15,0,0,5,43
tuned,a2c,42,deterministic,24,50024,-23.0,43,True,False,success,saved,True,False,False,85,15,0,0,5,43
tuned,a2c,42,deterministic,25,50025,-22.0,42,True,False,success,saved,True,False,False,85,15,0,0,5,42
tuned,a2c,42,deterministic,26,50026,-71.0,91,True,False,success,saved,True,False,False,85,15,0,0,5,91
tuned,a2c,42,deterministic,27,50027,-8.0,28,True,False,success,saved,True,False,False,85,15,0,0,5,28
tuned,a2c,42,deterministic,28,50028,-26.0,46,True,False,success,saved,True,False,False,85,15,0,0,5,46
tuned,a2c,42,deterministic,29,50029,-67.0,87,True,False,success,saved,True,False,False,83,17,0,0,5,87
tuned,a2c,42,deterministic,30,50030,-34.0,54,True,False,success,saved,True,False,False,85,15,0,0,5,54
tuned,a2c,42,deterministic,31,50031,-58.0,78,True,False,success,saved,True,False,False,85,15,0,0,5,78
tuned,a2c,42,deterministic,32,50032,-100.0,100,False,True,max_steps,with_robot,False,False,False,86,14,0,0,5,
tuned,a2c,42,deterministic,33,50033,-100.0,100,False,True,max_steps,with_robot,False,False,False,86,14,0,0,5,
tuned,a2c,42,deterministic,34,50034,-29.0,49,True,False,success,saved,True,False,False,85,15,0,0,5,49
tuned,a2c,42,deterministic,35,50035,-60.0,80,True,False,success,saved,True,False,False,85,15,0,0,5,80
tuned,a2c,42,deterministic,36,50036,-2.0,22,True,False,success,saved,True,False,False,85,15,0,0,5,22
tuned,a2c,42,deterministic,37,50037,-4.0,24,True,False,success,saved,True,False,False,85,15,0,0,5,24
tuned,a2c,42,deterministic,38,50038,-10.0,30,True,False,success,saved,True,False,False,85,15,0,0,5,30
tuned,a2c,42,deterministic,39,50039,-32.0,52,True,False,success,saved,True,False,False,85,15,0,0,5,52
tuned,a2c,42,deterministic,40,50040,-32.0,52,True,False,success,saved,True,False,False,85,15,0,0,5,52
tuned,a2c,42,deterministic,41,50041,-42.0,62,True,False,success,saved,True,False,False,83,17,0,0,5,62
tuned,a2c,42,deterministic,42,50042,-49.0,69,True,False,success,saved,True,False,False,85,15,0,0,5,69
tuned,a2c,42,deterministic,43,50043,-18.0,38,True,False,success,saved,True,False,False,85,15,0,0,5,38
tuned,a2c,42,deterministic,44,50044,-29.0,49,True,False,success,saved,True,False,False,85,15,0,0,5,49
tuned,a2c,42,deterministic,45,50045,-32.0,52,True,False,success,saved,True,False,False,85,15,0,0,5,52
tuned,a2c,42,deterministic,46,50046,-15.0,35,True,False,success,saved,True,False,False,85,15,0,0,5,35
tuned,a2c,42,deterministic,47,50047,-13.0,33,True,False,success,saved,True,False,False,85,15,0,0,5,33
tuned,a2c,42,deterministic,48,50048,-16.0,36,True,False,success,saved,True,False,False,85,15,0,0,5,36
tuned,a2c,42,deterministic,49,50049,-58.0,78,True,False,success,saved,True,False,False,85,15,0,0,5,78
tuned,a2c,42,deterministic,50,50050,-42.0,62,True,False,success,saved,True,False,False,85,15,0,0,5,62
tuned,a2c,42,deterministic,51,50051,-48.0,68,True,False,success,saved,True,False,False,85,15,0,0,5,68
tuned,a2c,42,deterministic,52,50052,-29.0,49,True,False,success,saved,True,False,False,83,17,0,0,5,49
tuned,a2c,42,deterministic,53,50053,-100.0,100,False,True,max_steps,with_robot,False,False,False,86,14,0,0,5,
tuned,a2c,42,deterministic,54,50054,-48.0,68,True,False,success,saved,True,False,False,85,15,0,0,5,68
tuned,a2c,42,deterministic,55,50055,-100.0,100,False,True,max_steps,with_robot,False,False,False,86,14,0,0,5,
tuned,a2c,42,deterministic,56,50056,-59.0,79,True,False,success,saved,True,False,False,85,15,0,0,5,79
tuned,a2c,42,deterministic,57,50057,-22.0,42,True,False,success,saved,True,False,False,83,17,0,0,5,42
tuned,a2c,42,deterministic,58,50058,-49.0,69,True,False,success,saved,True,False,False,83,17,0,0,5,69
tuned,a2c,42,deterministic,59,50059,-54.0,74,True,False,success,saved,True,False,False,85,15,0,0,5,74
tuned,a2c,42,deterministic,60,50060,-10.0,30,True,False,success,saved,True,False,False,85,15,0,0,5,30
tuned,a2c,42,deterministic,61,50061,-52.0,72,True,False,success,saved,True,False,False,85,15,0,0,5,72
tuned,a2c,42,deterministic,62,50062,-36.0,56,True,False,success,saved,True,False,False,85,15,0,0,5,56
tuned,a2c,42,deterministic,63,50063,-23.0,43,True,False,success,saved,True,False,False,85,15,0,0,5,43
tuned,a2c,42,deterministic,64,50064,-22.0,42,True,False,success,saved,True,False,False,85,15,0,0,5,42
tuned,a2c,42,deterministic,65,50065,-48.0,68,True,False,success,saved,True,False,False,85,15,0,0,5,68
tuned,a2c,42,deterministic,66,50066,-32.0,52,True,False,success,saved,True,False,False,85,15,0,0,5,52
tuned,a2c,42,deterministic,67,50067,-44.0,64,True,False,success,saved,True,False,False,85,15,0,0,5,64
tuned,a2c,42,deterministic,68,50068,-33.0,53,True,False,success,saved,True,False,False,85,15,0,0,5,53
tuned,a2c,42,deterministic,69,50069,-19.0,39,True,False,success,saved,True,False,False,85,15,0,0,5,39
tuned,a2c,42,deterministic,70,50070,-6.0,26,True,False,success,saved,True,False,False,85,15,0,0,5,26
tuned,a2c,42,deterministic,71,50071,-100.0,100,False,True,max_steps,with_robot,False,False,False,86,14,0,0,5,
tuned,a2c,42,deterministic,72,50072,-25.0,45,True,False,success,saved,True,False,False,85,15,0,0,5,45
tuned,a2c,42,deterministic,73,50073,-36.0,56,True,False,success,saved,True,False,False,85,15,0,0,5,56
tuned,a2c,42,deterministic,74,50074,-25.0,45,True,False,success,saved,True,False,False,85,15,0,0,5,45
tuned,a2c,42,deterministic,75,50075,-25.0,45,True,False,success,saved,True,False,False,85,15,0,0,5,45
tuned,a2c,42,deterministic,76,50076,-23.0,43,True,False,success,saved,True,False,False,85,15,0,0,5,43
tuned,a2c,42,deterministic,77,50077,-100.0,100,False,True,max_steps,with_robot,False,False,False,86,14,0,0,5,
tuned,a2c,42,deterministic,78,50078,-23.0,43,True,False,success,saved,True,False,False,85,15,0,0,5,43
tuned,a2c,42,deterministic,79,50079,-35.0,55,True,False,success,saved,True,False,False,85,15,0,0,5,55
tuned,a2c,42,deterministic,80,50080,-5.0,25,True,False,success,saved,True,False,False,85,15,0,0,5,25
tuned,a2c,42,deterministic,81,50081,-47.0,67,True,False,success,saved,True,False,False,85,15,0,0,5,67
tuned,a2c,42,deterministic,82,50082,-31.0,51,True,False,success,saved,True,False,False,85,15,0,0,5,51
tuned,a2c,42,deterministic,83,50083,-47.0,67,True,False,success,saved,True,False,False,85,15,0,0,5,67
tuned,a2c,42,deterministic,84,50084,-40.0,60,True,False,success,saved,True,False,False,85,15,0,0,5,60
tuned,a2c,42,deterministic,85,50085,-25.0,45,True,False,success,saved,True,False,False,83,17,0,0,5,45
tuned,a2c,42,deterministic,86,50086,-17.0,37,True,False,success,saved,True,False,False,85,15,0,0,5,37
tuned,a2c,42,deterministic,87,50087,-49.0,69,True,False,success,saved,True,False,False,85,15,0,0,5,69
tuned,a2c,42,deterministic,88,50088,-32.0,52,True,False,success,saved,True,False,False,85,15,0,0,5,52
tuned,a2c,42,deterministic,89,50089,-100.0,100,False,True,max_steps,with_robot,False,False,False,86,14,0,0,5,
tuned,a2c,42,deterministic,90,50090,-100.0,100,False,True,max_steps,with_robot,False,False,False,86,14,0,0,5,
tuned,a2c,42,deterministic,91,50091,-45.0,65,True,False,success,saved,True,False,False,85,15,0,0,5,65
tuned,a2c,42,deterministic,92,50092,-13.0,33,True,False,success,saved,True,False,False,85,15,0,0,5,33
tuned,a2c,42,deterministic,93,50093,-33.0,53,True,False,success,saved,True,False,False,83,17,0,0,5,53
tuned,a2c,42,deterministic,94,50094,-39.0,59,True,False,success,saved,True,False,False,85,15,0,0,5,59
tuned,a2c,42,deterministic,95,50095,-8.0,28,True,False,success,saved,True,False,False,85,15,0,0,5,28
tuned,a2c,42,deterministic,96,50096,-32.0,52,True,False,success,saved,True,False,False,85,15,0,0,5,52
tuned,a2c,42,deterministic,97,50097,-28.0,48,True,False,success,saved,True,False,False,85,15,0,0,5,48
tuned,a2c,42,deterministic,98,50098,-18.0,38,True,False,success,saved,True,False,False,85,15,0,0,5,38
tuned,a2c,42,deterministic,99,50099,-28.0,48,True,False,success,saved,True,False,False,85,15,0,0,5,48
tuned,a2c,42,stochastic,0,50000,-38.0,58,True,False,success,saved,True,False,False,85,15,0,0,5,58
tuned,a2c,42,stochastic,1,50001,-8.0,28,True,False,success,saved,True,False,False,85,15,0,0,5,28
tuned,a2c,42,stochastic,2,50002,-41.0,61,True,False,success,saved,True,False,False,85,15,0,0,5,61
tuned,a2c,42,stochastic,3,50003,-100.0,100,False,True,max_steps,with_robot,False,False,False,86,14,0,0,5,
tuned,a2c,42,stochastic,4,50004,-72.0,92,True,False,success,saved,True,False,False,85,15,0,0,5,92
tuned,a2c,42,stochastic,5,50005,-29.0,49,True,False,success,saved,True,False,False,85,15,0,0,5,49
tuned,a2c,42,stochastic,6,50006,-5.0,25,True,False,success,saved,True,False,False,85,15,0,0,5,25
tuned,a2c,42,stochastic,7,50007,-3.0,23,True,False,success,saved,True,False,False,85,15,0,0,5,23
tuned,a2c,42,stochastic,8,50008,-18.0,38,True,False,success,saved,True,False,False,85,15,0,0,5,38
tuned,a2c,42,stochastic,9,50009,-6.0,26,True,False,success,saved,True,False,False,85,15,0,0,5,26
tuned,a2c,42,stochastic,10,50010,-49.0,69,True,False,success,saved,True,False,False,85,15,0,0,5,69
tuned,a2c,42,stochastic,11,50011,-100.0,100,False,True,max_steps,with_robot,False,False,False,86,14,0,0,5,
tuned,a2c,42,stochastic,12,50012,-5.0,25,True,False,success,saved,True,False,False,85,15,0,0,5,25
tuned,a2c,42,stochastic,13,50013,-39.0,59,True,False,success,saved,True,False,False,85,15,0,0,5,59
tuned,a2c,42,stochastic,14,50014,-40.0,60,True,False,success,saved,True,False,False,85,15,0,0,5,60
tuned,a2c,42,stochastic,15,50015,5.0,15,True,False,success,saved,True,False,False,85,15,0,0,5,15
tuned,a2c,42,stochastic,16,50016,-31.0,51,True,False,success,saved,True,False,False,85,15,0,0,5,51
tuned,a2c,42,stochastic,17,50017,-24.0,44,True,False,success,saved,True,False,False,85,15,0,0,5,44
tuned,a2c,42,stochastic,18,50018,-60.0,80,True,False,success,saved,True,False,False,85,15,0,0,5,80
tuned,a2c,42,stochastic,19,50019,-100.0,100,False,True,max_steps,with_robot,False,False,False,86,14,0,0,5,
tuned,a2c,42,stochastic,20,50020,-41.0,61,True,False,success,saved,True,False,False,85,15,0,0,5,61
tuned,a2c,42,stochastic,21,50021,-20.0,40,True,False,success,saved,True,False,False,85,15,0,0,5,40
tuned,a2c,42,stochastic,22,50022,-41.0,61,True,False,success,saved,True,False,False,85,15,0,0,5,61
tuned,a2c,42,stochastic,23,50023,-23.0,43,True,False,success,saved,True,False,False,85,15,0,0,5,43
tuned,a2c,42,stochastic,24,50024,-13.0,33,True,False,success,saved,True,False,False,85,15,0,0,5,33
tuned,a2c,42,stochastic,25,50025,-21.0,41,True,False,success,saved,True,False,False,85,15,0,0,5,41
tuned,a2c,42,stochastic,26,50026,-71.0,91,True,False,success,saved,True,False,False,85,15,0,0,5,91
tuned,a2c,42,stochastic,27,50027,-8.0,28,True,False,success,saved,True,False,False,85,15,0,0,5,28
tuned,a2c,42,stochastic,28,50028,-26.0,46,True,False,success,saved,True,False,False,85,15,0,0,5,46
tuned,a2c,42,stochastic,29,50029,-67.0,87,True,False,success,saved,True,False,False,83,17,0,0,5,87
tuned,a2c,42,stochastic,30,50030,-34.0,54,True,False,success,saved,True,False,False,85,15,0,0,5,54
tuned,a2c,42,stochastic,31,50031,-58.0,78,True,False,success,saved,True,False,False,85,15,0,0,5,78
tuned,a2c,42,stochastic,32,50032,-100.0,100,False,True,max_steps,with_robot,False,False,False,86,14,0,0,5,
tuned,a2c,42,stochastic,33,50033,-54.0,74,True,False,success,saved,True,False,False,83,17,0,0,5,74
tuned,a2c,42,stochastic,34,50034,-29.0,49,True,False,success,saved,True,False,False,85,15,0,0,5,49
tuned,a2c,42,stochastic,35,50035,-60.0,80,True,False,success,saved,True,False,False,85,15,0,0,5,80
tuned,a2c,42,stochastic,36,50036,-2.0,22,True,False,success,saved,True,False,False,85,15,0,0,5,22
tuned,a2c,42,stochastic,37,50037,-4.0,24,True,False,success,saved,True,False,False,85,15,0,0,5,24
tuned,a2c,42,stochastic,38,50038,-10.0,30,True,False,success,saved,True,False,False,85,15,0,0,5,30
tuned,a2c,42,stochastic,39,50039,-33.0,53,True,False,success,saved,True,False,False,85,15,0,0,5,53
tuned,a2c,42,stochastic,40,50040,-32.0,52,True,False,success,saved,True,False,False,85,15,0,0,5,52
tuned,a2c,42,stochastic,41,50041,-42.0,62,True,False,success,saved,True,False,False,83,17,0,0,5,62
tuned,a2c,42,stochastic,42,50042,-50.0,70,True,False,success,saved,True,False,False,85,15,0,0,5,70
tuned,a2c,42,stochastic,43,50043,-18.0,38,True,False,success,saved,True,False,False,85,15,0,0,5,38
tuned,a2c,42,stochastic,44,50044,-29.0,49,True,False,success,saved,True,False,False,85,15,0,0,5,49
tuned,a2c,42,stochastic,45,50045,-32.0,52,True,False,success,saved,True,False,False,85,15,0,0,5,52
tuned,a2c,42,stochastic,46,50046,-15.0,35,True,False,success,saved,True,False,False,85,15,0,0,5,35
tuned,a2c,42,stochastic,47,50047,-13.0,33,True,False,success,saved,True,False,False,85,15,0,0,5,33
tuned,a2c,42,stochastic,48,50048,-16.0,36,True,False,success,saved,True,False,False,85,15,0,0,5,36
tuned,a2c,42,stochastic,49,50049,-54.0,74,True,False,success,saved,True,False,False,85,15,0,0,5,74
tuned,a2c,42,stochastic,50,50050,-42.0,62,True,False,success,saved,True,False,False,85,15,0,0,5,62
tuned,a2c,42,stochastic,51,50051,-48.0,68,True,False,success,saved,True,False,False,85,15,0,0,5,68
tuned,a2c,42,stochastic,52,50052,-29.0,49,True,False,success,saved,True,False,False,83,17,0,0,5,49
tuned,a2c,42,stochastic,53,50053,-100.0,100,False,True,max_steps,with_robot,False,False,False,86,14,0,0,5,
tuned,a2c,42,stochastic,54,50054,-48.0,68,True,False,success,saved,True,False,False,85,15,0,0,5,68
tuned,a2c,42,stochastic,55,50055,-100.0,100,False,True,max_steps,with_robot,False,False,False,86,14,0,0,5,
tuned,a2c,42,stochastic,56,50056,-59.0,79,True,False,success,saved,True,False,False,85,15,0,0,5,79
tuned,a2c,42,stochastic,57,50057,-22.0,42,True,False,success,saved,True,False,False,83,17,0,0,5,42
tuned,a2c,42,stochastic,58,50058,-49.0,69,True,False,success,saved,True,False,False,83,17,0,0,5,69
tuned,a2c,42,stochastic,59,50059,-54.0,74,True,False,success,saved,True,False,False,85,15,0,0,5,74
tuned,a2c,42,stochastic,60,50060,-10.0,30,True,False,success,saved,True,False,False,85,15,0,0,5,30
tuned,a2c,42,stochastic,61,50061,-52.0,72,True,False,success,saved,True,False,False,85,15,0,0,5,72
tuned,a2c,42,stochastic,62,50062,-36.0,56,True,False,success,saved,True,False,False,85,15,0,0,5,56
tuned,a2c,42,stochastic,63,50063,-23.0,43,True,False,success,saved,True,False,False,85,15,0,0,5,43
tuned,a2c,42,stochastic,64,50064,-22.0,42,True,False,success,saved,True,False,False,85,15,0,0,5,42
tuned,a2c,42,stochastic,65,50065,-48.0,68,True,False,success,saved,True,False,False,85,15,0,0,5,68
tuned,a2c,42,stochastic,66,50066,-32.0,52,True,False,success,saved,True,False,False,85,15,0,0,5,52
tuned,a2c,42,stochastic,67,50067,-44.0,64,True,False,success,saved,True,False,False,85,15,0,0,5,64
tuned,a2c,42,stochastic,68,50068,-33.0,53,True,False,success,saved,True,False,False,85,15,0,0,5,53
tuned,a2c,42,stochastic,69,50069,-19.0,39,True,False,success,saved,True,False,False,85,15,0,0,5,39
tuned,a2c,42,stochastic,70,50070,-6.0,26,True,False,success,saved,True,False,False,85,15,0,0,5,26
tuned,a2c,42,stochastic,71,50071,-100.0,100,False,True,max_steps,with_robot,False,False,False,86,14,0,0,5,
tuned,a2c,42,stochastic,72,50072,-25.0,45,True,False,success,saved,True,False,False,85,15,0,0,5,45
tuned,a2c,42,stochastic,73,50073,-36.0,56,True,False,success,saved,True,False,False,85,15,0,0,5,56
tuned,a2c,42,stochastic,74,50074,-22.0,42,True,False,success,saved,True,False,False,85,15,0,0,5,42
tuned,a2c,42,stochastic,75,50075,-24.0,44,True,False,success,saved,True,False,False,85,15,0,0,5,44
tuned,a2c,42,stochastic,76,50076,-23.0,43,True,False,success,saved,True,False,False,85,15,0,0,5,43
tuned,a2c,42,stochastic,77,50077,-100.0,100,False,True,max_steps,with_robot,False,False,False,86,14,0,0,5,
tuned,a2c,42,stochastic,78,50078,-23.0,43,True,False,success,saved,True,False,False,85,15,0,0,5,43
tuned,a2c,42,stochastic,79,50079,-33.0,53,True,False,success,saved,True,False,False,85,15,0,0,5,53
tuned,a2c,42,stochastic,80,50080,-5.0,25,True,False,success,saved,True,False,False,85,15,0,0,5,25
tuned,a2c,42,stochastic,81,50081,-46.0,66,True,False,success,saved,True,False,False,85,15,0,0,5,66
tuned,a2c,42,stochastic,82,50082,-31.0,51,True,False,success,saved,True,False,False,85,15,0,0,5,51
tuned,a2c,42,stochastic,83,50083,-47.0,67,True,False,success,saved,True,False,False,85,15,0,0,5,67
tuned,a2c,42,stochastic,84,50084,-41.0,61,True,False,success,saved,True,False,False,85,15,0,0,5,61
tuned,a2c,42,stochastic,85,50085,-25.0,45,True,False,success,saved,True,False,False,83,17,0,0,5,45
tuned,a2c,42,stochastic,86,50086,-17.0,37,True,False,success,saved,True,False,False,85,15,0,0,5,37
tuned,a2c,42,stochastic,87,50087,-49.0,69,True,False,success,saved,True,False,False,85,15,0,0,5,69
tuned,a2c,42,stochastic,88,50088,-32.0,52,True,False,success,saved,True,False,False,85,15,0,0,5,52
tuned,a2c,42,stochastic,89,50089,-100.0,100,False,True,max_steps,with_robot,False,False,False,86,14,0,0,5,
tuned,a2c,42,stochastic,90,50090,-56.0,76,True,False,success,saved,True,False,False,83,17,0,0,5,76
tuned,a2c,42,stochastic,91,50091,-45.0,65,True,False,success,saved,True,False,False,85,15,0,0,5,65
tuned,a2c,42,stochastic,92,50092,-13.0,33,True,False,success,saved,True,False,False,85,15,0,0,5,33
tuned,a2c,42,stochastic,93,50093,-33.0,53,True,False,success,saved,True,False,False,83,17,0,0,5,53
tuned,a2c,42,stochastic,94,50094,-39.0,59,True,False,success,saved,True,False,False,85,15,0,0,5,59
tuned,a2c,42,stochastic,95,50095,-8.0,28,True,False,success,saved,True,False,False,85,15,0,0,5,28
tuned,a2c,42,stochastic,96,50096,-32.0,52,True,False,success,saved,True,False,False,85,15,0,0,5,52
tuned,a2c,42,stochastic,97,50097,-28.0,48,True,False,success,saved,True,False,False,85,15,0,0,5,48
tuned,a2c,42,stochastic,98,50098,-18.0,38,True,False,success,saved,True,False,False,85,15,0,0,5,38
tuned,a2c,42,stochastic,99,50099,-28.0,48,True,False,success,saved,True,False,False,85,15,0,0,5,48
tuned,a2c,123,deterministic,0,50000,5.0,15,True,False,success,saved,True,False,False,85,15,0,0,5,15
tuned,a2c,123,deterministic,1,50001,5.0,15,True,False,success,saved,True,False,False,85,15,0,0,5,15
tuned,a2c,123,deterministic,2,50002,5.0,15,True,False,success,saved,True,False,False,85,15,0,0,5,15
tuned,a2c,123,deterministic,3,50003,5.0,15,True,False,success,saved,True,False,False,85,15,0,0,5,15
tuned,a2c,123,deterministic,4,50004,5.0,15,True,False,success,saved,True,False,False,85,15,0,0,5,15
tuned,a2c,123,deterministic,5,50005,5.0,15,True,False,success,saved,True,False,False,85,15,0,0,5,15
tuned,a2c,123,deterministic,6,50006,5.0,15,True,False,success,saved,True,False,False,85,15,0,0,5,15
tuned,a2c,123,deterministic,7,50007,5.0,15,True,False,success,saved,True,False,False,85,15,0,0,5,15
tuned,a2c,123,deterministic,8,50008,5.0,15,True,False,success,saved,True,False,False,85,15,0,0,5,15
tuned,a2c,123,deterministic,9,50009,5.0,15,True,False,success,saved,True,False,False,85,15,0,0,5,15
tuned,a2c,123,deterministic,10,50010,5.0,15,True,False,success,saved,True,False,False,85,15,0,0,5,15
tuned,a2c,123,deterministic,11,50011,5.0,15,True,False,success,saved,True,False,False,85,15,0,0,5,15
tuned,a2c,123,deterministic,12,50012,5.0,15,True,False,success,saved,True,False,False,85,15,0,0,5,15
tuned,a2c,123,deterministic,13,50013,5.0,15,True,False,success,saved,True,False,False,85,15,0,0,5,15
tuned,a2c,123,deterministic,14,50014,5.0,15,True,False,success,saved,True,False,False,85,15,0,0,5,15
tuned,a2c,123,deterministic,15,50015,-100.0,100,False,True,max_steps,with_robot,False,False,False,86,14,0,0,5,
tuned,a2c,123,deterministic,16,50016,5.0,15,True,False,success,saved,True,False,False,85,15,0,0,5,15
tuned,a2c,123,deterministic,17,50017,5.0,15,True,False,success,saved,True,False,False,85,15,0,0,5,15
tuned,a2c,123,deterministic,18,50018,5.0,15,True,False,success,saved,True,False,False,85,15,0,0,5,15
tuned,a2c,123,deterministic,19,50019,5.0,15,True,False,success,saved,True,False,False,85,15,0,0,5,15
tuned,a2c,123,deterministic,20,50020,5.0,15,True,False,success,saved,True,False,False,85,15,0,0,5,15
tuned,a2c,123,deterministic,21,50021,5.0,15,True,False,success,saved,True,False,False,85,15,0,0,5,15
tuned,a2c,123,deterministic,22,50022,5.0,15,True,False,success,saved,True,False,False,85,15,0,0,5,15
tuned,a2c,123,deterministic,23,50023,5.0,15,True,False,success,saved,True,False,False,85,15,0,0,5,15
tuned,a2c,123,deterministic,24,50024,5.0,15,True,False,success,saved,True,False,False,85,15,0,0,5,15
tuned,a2c,123,deterministic,25,50025,5.0,15,True,False,success,saved,True,False,False,85,15,0,0,5,15
tuned,a2c,123,deterministic,26,50026,5.0,15,True,False,success,saved,True,False,False,85,15,0,0,5,15
tuned,a2c,123,deterministic,27,50027,5.0,15,True,False,success,saved,True,False,False,85,15,0,0,5,15
tuned,a2c,123,deterministic,28,50028,5.0,15,True,False,success,saved,True,False,False,85,15,0,0,5,15
tuned,a2c,123,deterministic,29,50029,5.0,15,True,False,success,saved,True,False,False,85,15,0,0,5,15
tuned,a2c,123,deterministic,30,50030,5.0,15,True,False,success,saved,True,False,False,85,15,0,0,5,15
tuned,a2c,123,deterministic,31,50031,5.0,15,True,False,success,saved,True,False,False,85,15,0,0,5,15
tuned,a2c,123,deterministic,32,50032,5.0,15,True,False,success,saved,True,False,False,85,15,0,0,5,15
tuned,a2c,123,deterministic,33,50033,5.0,15,True,False,success,saved,True,False,False,85,15,0,0,5,15
tuned,a2c,123,deterministic,34,50034,5.0,15,True,False,success,saved,True,False,False,85,15,0,0,5,15
tuned,a2c,123,deterministic,35,50035,5.0,15,True,False,success,saved,True,False,False,85,15,0,0,5,15
tuned,a2c,123,deterministic,36,50036,5.0,15,True,False,success,saved,True,False,False,85,15,0,0,5,15
tuned,a2c,123,deterministic,37,50037,5.0,15,True,False,success,saved,True,False,False,85,15,0,0,5,15
tuned,a2c,123,deterministic,38,50038,5.0,15,True,False,success,saved,True,False,False,85,15,0,0,5,15
tuned,a2c,123,deterministic,39,50039,5.0,15,True,False,success,saved,True,False,False,85,15,0,0,5,15
tuned,a2c,123,deterministic,40,50040,5.0,15,True,False,success,saved,True,False,False,85,15,0,0,5,15
tuned,a2c,123,deterministic,41,50041,5.0,15,True,False,success,saved,True,False,False,85,15,0,0,5,15
tuned,a2c,123,deterministic,42,50042,5.0,15,True,False,success,saved,True,False,False,85,15,0,0,5,15
tuned,a2c,123,deterministic,43,50043,5.0,15,True,False,success,saved,True,False,False,85,15,0,0,5,15
tuned,a2c,123,deterministic,44,50044,5.0,15,True,False,success,saved,True,False,False,85,15,0,0,5,15
tuned,a2c,123,deterministic,45,50045,5.0,15,True,False,success,saved,True,False,False,85,15,0,0,5,15
tuned,a2c,123,deterministic,46,50046,5.0,15,True,False,success,saved,True,False,False,85,15,0,0,5,15
tuned,a2c,123,deterministic,47,50047,5.0,15,True,False,success,saved,True,False,False,85,15,0,0,5,15
tuned,a2c,123,deterministic,48,50048,5.0,15,True,False,success,saved,True,False,False,85,15,0,0,5,15
tuned,a2c,123,deterministic,49,50049,5.0,15,True,False,success,saved,True,False,False,85,15,0,0,5,15
tuned,a2c,123,deterministic,50,50050,5.0,15,True,False,success,saved,True,False,False,85,15,0,0,5,15
tuned,a2c,123,deterministic,51,50051,5.0,15,True,False,success,saved,True,False,False,85,15,0,0,5,15
tuned,a2c,123,deterministic,52,50052,5.0,15,True,False,success,saved,True,False,False,85,15,0,0,5,15
tuned,a2c,123,deterministic,53,50053,5.0,15,True,False,success,saved,True,False,False,85,15,0,0,5,15
tuned,a2c,123,deterministic,54,50054,5.0,15,True,False,success,saved,True,False,False,85,15,0,0,5,15
tuned,a2c,123,deterministic,55,50055,5.0,15,True,False,success,saved,True,False,False,85,15,0,0,5,15
tuned,a2c,123,deterministic,56,50056,5.0,15,True,False,success,saved,True,False,False,85,15,0,0,5,15
tuned,a2c,123,deterministic,57,50057,5.0,15,True,False,success,saved,True,False,False,85,15,0,0,5,15
tuned,a2c,123,deterministic,58,50058,5.0,15,True,False,success,saved,True,False,False,85,15,0,0,5,15
tuned,a2c,123,deterministic,59,50059,5.0,15,True,False,success,saved,True,False,False,85,15,0,0,5,15
tuned,a2c,123,deterministic,60,50060,5.0,15,True,False,success,saved,True,False,False,85,15,0,0,5,15
tuned,a2c,123,deterministic,61,50061,5.0,15,True,False,success,saved,True,False,False,85,15,0,0,5,15
tuned,a2c,123,deterministic,62,50062,5.0,15,True,False,success,saved,True,False,False,85,15,0,0,5,15
tuned,a2c,123,deterministic,63,50063,5.0,15,True,False,success,saved,True,False,False,85,15,0,0,5,15
tuned,a2c,123,deterministic,64,50064,5.0,15,True,False,success,saved,True,False,False,85,15,0,0,5,15
tuned,a2c,123,deterministic,65,50065,5.0,15,True,False,success,saved,True,False,False,85,15,0,0,5,15
tuned,a2c,123,deterministic,66,50066,5.0,15,True,False,success,saved,True,False,False,85,15,0,0,5,15
tuned,a2c,123,deterministic,67,50067,5.0,15,True,False,success,saved,True,False,False,85,15,0,0,5,15
tuned,a2c,123,deterministic,68,50068,5.0,15,True,False,success,saved,True,False,False,85,15,0,0,5,15
tuned,a2c,123,deterministic,69,50069,5.0,15,True,False,success,saved,True,False,False,85,15,0,0,5,15
tuned,a2c,123,deterministic,70,50070,5.0,15,True,False,success,saved,True,False,False,85,15,0,0,5,15
tuned,a2c,123,deterministic,71,50071,5.0,15,True,False,success,saved,True,False,False,85,15,0,0,5,15
tuned,a2c,123,deterministic,72,50072,5.0,15,True,False,success,saved,True,False,False,85,15,0,0,5,15
tuned,a2c,123,deterministic,73,50073,5.0,15,True,False,success,saved,True,False,False,85,15,0,0,5,15
tuned,a2c,123,deterministic,74,50074,5.0,15,True,False,success,saved,True,False,False,85,15,0,0,5,15
tuned,a2c,123,deterministic,75,50075,5.0,15,True,False,success,saved,True,False,False,85,15,0,0,5,15
tuned,a2c,123,deterministic,76,50076,5.0,15,True,False,success,saved,True,False,False,85,15,0,0,5,15
tuned,a2c,123,deterministic,77,50077,5.0,15,True,False,success,saved,True,False,False,85,15,0,0,5,15
tuned,a2c,123,deterministic,78,50078,5.0,15,True,False,success,saved,True,False,False,85,15,0,0,5,15
tuned,a2c,123,deterministic,79,50079,5.0,15,True,False,success,saved,True,False,False,85,15,0,0,5,15
tuned,a2c,123,deterministic,80,50080,5.0,15,True,False,success,saved,True,False,False,85,15,0,0,5,15
tuned,a2c,123,deterministic,81,50081,5.0,15,True,False,success,saved,True,False,False,85,15,0,0,5,15
tuned,a2c,123,deterministic,82,50082,5.0,15,True,False,success,saved,True,False,False,85,15,0,0,5,15
tuned,a2c,123,deterministic,83,50083,5.0,15,True,False,success,saved,True,False,False,85,15,0,0,5,15
tuned,a2c,123,deterministic,84,50084,5.0,15,True,False,success,saved,True,False,False,85,15,0,0,5,15
tuned,a2c,123,deterministic,85,50085,5.0,15,True,False,success,saved,True,False,False,85,15,0,0,5,15
tuned,a2c,123,deterministic,86,50086,5.0,15,True,False,success,saved,True,False,False,85,15,0,0,5,15
tuned,a2c,123,deterministic,87,50087,5.0,15,True,False,success,saved,True,False,False,85,15,0,0,5,15
tuned,a2c,123,deterministic,88,50088,5.0,15,True,False,success,saved,True,False,False,85,15,0,0,5,15
tuned,a2c,123,deterministic,89,50089,5.0,15,True,False,success,saved,True,False,False,85,15,0,0,5,15
tuned,a2c,123,deterministic,90,50090,5.0,15,True,False,success,saved,True,False,False,85,15,0,0,5,15
tuned,a2c,123,deterministic,91,50091,5.0,15,True,False,success,saved,True,False,False,85,15,0,0,5,15
tuned,a2c,123,deterministic,92,50092,5.0,15,True,False,success,saved,True,False,False,85,15,0,0,5,15
tuned,a2c,123,deterministic,93,50093,5.0,15,True,False,success,saved,True,False,False,85,15,0,0,5,15
tuned,a2c,123,deterministic,94,50094,5.0,15,True,False,success,saved,True,False,False,85,15,0,0,5,15
tuned,a2c,123,deterministic,95,50095,5.0,15,True,False,success,saved,True,False,False,85,15,0,0,5,15
tuned,a2c,123,deterministic,96,50096,5.0,15,True,False,success,saved,True,False,False,85,15,0,0,5,15
tuned,a2c,123,deterministic,97,50097,5.0,15,True,False,success,saved,True,False,False,85,15,0,0,5,15
tuned,a2c,123,deterministic,98,50098,5.0,15,True,False,success,saved,True,False,False,85,15,0,0,5,15
tuned,a2c,123,deterministic,99,50099,5.0,15,True,False,success,saved,True,False,False,85,15,0,0,5,15
tuned,a2c,123,stochastic,0,50000,5.0,15,True,False,success,saved,True,False,False,85,15,0,0,5,15
tuned,a2c,123,stochastic,1,50001,5.0,15,True,False,success,saved,True,False,False,85,15,0,0,5,15
tuned,a2c,123,stochastic,2,50002,5.0,15,True,False,success,saved,True,False,False,85,15,0,0,5,15
tuned,a2c,123,stochastic,3,50003,5.0,15,True,False,success,saved,True,False,False,85,15,0,0,5,15
tuned,a2c,123,stochastic,4,50004,5.0,15,True,False,success,saved,True,False,False,85,15,0,0,5,15
tuned,a2c,123,stochastic,5,50005,5.0,15,True,False,success,saved,True,False,False,85,15,0,0,5,15
tuned,a2c,123,stochastic,6,50006,5.0,15,True,False,success,saved,True,False,False,85,15,0,0,5,15
tuned,a2c,123,stochastic,7,50007,5.0,15,True,False,success,saved,True,False,False,85,15,0,0,5,15
tuned,a2c,123,stochastic,8,50008,5.0,15,True,False,success,saved,True,False,False,85,15,0,0,5,15
tuned,a2c,123,stochastic,9,50009,5.0,15,True,False,success,saved,True,False,False,85,15,0,0,5,15
tuned,a2c,123,stochastic,10,50010,5.0,15,True,False,success,saved,True,False,False,85,15,0,0,5,15
tuned,a2c,123,stochastic,11,50011,5.0,15,True,False,success,saved,True,False,False,85,15,0,0,5,15
tuned,a2c,123,stochastic,12,50012,5.0,15,True,False,success,saved,True,False,False,85,15,0,0,5,15
tuned,a2c,123,stochastic,13,50013,5.0,15,True,False,success,saved,True,False,False,85,15,0,0,5,15
tuned,a2c,123,stochastic,14,50014,5.0,15,True,False,success,saved,True,False,False,85,15,0,0,5,15
tuned,a2c,123,stochastic,15,50015,-100.0,100,False,True,max_steps,with_robot,False,False,False,86,14,0,0,5,
tuned,a2c,123,stochastic,16,50016,5.0,15,True,False,success,saved,True,False,False,85,15,0,0,5,15
tuned,a2c,123,stochastic,17,50017,5.0,15,True,False,success,saved,True,False,False,85,15,0,0,5,15
tuned,a2c,123,stochastic,18,50018,5.0,15,True,False,success,saved,True,False,False,85,15,0,0,5,15
tuned,a2c,123,stochastic,19,50019,5.0,15,True,False,success,saved,True,False,False,85,15,0,0,5,15
tuned,a2c,123,stochastic,20,50020,5.0,15,True,False,success,saved,True,False,False,85,15,0,0,5,15
tuned,a2c,123,stochastic,21,50021,5.0,15,True,False,success,saved,True,False,False,85,15,0,0,5,15
tuned,a2c,123,stochastic,22,50022,5.0,15,True,False,success,saved,True,False,False,85,15,0,0,5,15
tuned,a2c,123,stochastic,23,50023,5.0,15,True,False,success,saved,True,False,False,85,15,0,0,5,15
tuned,a2c,123,stochastic,24,50024,5.0,15,True,False,success,saved,True,False,False,85,15,0,0,5,15
tuned,a2c,123,stochastic,25,50025,5.0,15,True,False,success,saved,True,False,False,85,15,0,0,5,15
tuned,a2c,123,stochastic,26,50026,5.0,15,True,False,success,saved,True,False,False,85,15,0,0,5,15
tuned,a2c,123,stochastic,27,50027,5.0,15,True,False,success,saved,True,False,False,85,15,0,0,5,15
tuned,a2c,123,stochastic,28,50028,5.0,15,True,False,success,saved,True,False,False,85,15,0,0,5,15
tuned,a2c,123,stochastic,29,50029,5.0,15,True,False,success,saved,True,False,False,85,15,0,0,5,15
tuned,a2c,123,stochastic,30,50030,5.0,15,True,False,success,saved,True,False,False,85,15,0,0,5,15
tuned,a2c,123,stochastic,31,50031,5.0,15,True,False,success,saved,True,False,False,85,15,0,0,5,15
tuned,a2c,123,stochastic,32,50032,5.0,15,True,False,success,saved,True,False,False,85,15,0,0,5,15
tuned,a2c,123,stochastic,33,50033,5.0,15,True,False,success,saved,True,False,False,85,15,0,0,5,15
tuned,a2c,123,stochastic,34,50034,5.0,15,True,False,success,saved,True,False,False,85,15,0,0,5,15
tuned,a2c,123,stochastic,35,50035,5.0,15,True,False,success,saved,True,False,False,85,15,0,0,5,15
tuned,a2c,123,stochastic,36,50036,5.0,15,True,False,success,saved,True,False,False,85,15,0,0,5,15
tuned,a2c,123,stochastic,37,50037,5.0,15,True,False,success,saved,True,False,False,85,15,0,0,5,15
tuned,a2c,123,stochastic,38,50038,5.0,15,True,False,success,saved,True,False,False,85,15,0,0,5,15
tuned,a2c,123,stochastic,39,50039,5.0,15,True,False,success,saved,True,False,False,85,15,0,0,5,15
tuned,a2c,123,stochastic,40,50040,5.0,15,True,False,success,saved,True,False,False,85,15,0,0,5,15
tuned,a2c,123,stochastic,41,50041,5.0,15,True,False,success,saved,True,False,False,85,15,0,0,5,15
tuned,a2c,123,stochastic,42,50042,5.0,15,True,False,success,saved,True,False,False,85,15,0,0,5,15
tuned,a2c,123,stochastic,43,50043,5.0,15,True,False,success,saved,True,False,False,85,15,0,0,5,15
tuned,a2c,123,stochastic,44,50044,5.0,15,True,False,success,saved,True,False,False,85,15,0,0,5,15
tuned,a2c,123,stochastic,45,50045,5.0,15,True,False,success,saved,True,False,False,85,15,0,0,5,15
tuned,a2c,123,stochastic,46,50046,5.0,15,True,False,success,saved,True,False,False,85,15,0,0,5,15
tuned,a2c,123,stochastic,47,50047,5.0,15,True,False,success,saved,True,False,False,85,15,0,0,5,15
tuned,a2c,123,stochastic,48,50048,5.0,15,True,False,success,saved,True,False,False,85,15,0,0,5,15
tuned,a2c,123,stochastic,49,50049,5.0,15,True,False,success,saved,True,False,False,85,15,0,0,5,15
tuned,a2c,123,stochastic,50,50050,5.0,15,True,False,success,saved,True,False,False,85,15,0,0,5,15
tuned,a2c,123,stochastic,51,50051,5.0,15,True,False,success,saved,True,False,False,85,15,0,0,5,15
tuned,a2c,123,stochastic,52,50052,5.0,15,True,False,success,saved,True,False,False,85,15,0,0,5,15
tuned,a2c,123,stochastic,53,50053,5.0,15,True,False,success,saved,True,False,False,85,15,0,0,5,15
tuned,a2c,123,stochastic,54,50054,5.0,15,True,False,success,saved,True,False,False,85,15,0,0,5,15
tuned,a2c,123,stochastic,55,50055,5.0,15,True,False,success,saved,True,False,False,85,15,0,0,5,15
tuned,a2c,123,stochastic,56,50056,5.0,15,True,False,success,saved,True,False,False,85,15,0,0,5,15
tuned,a2c,123,stochastic,57,50057,5.0,15,True,False,success,saved,True,False,False,85,15,0,0,5,15
tuned,a2c,123,stochastic,58,50058,5.0,15,True,False,success,saved,True,False,False,85,15,0,0,5,15
tuned,a2c,123,stochastic,59,50059,5.0,15,True,False,success,saved,True,False,False,85,15,0,0,5,15
tuned,a2c,123,stochastic,60,50060,5.0,15,True,False,success,saved,True,False,False,85,15,0,0,5,15
tuned,a2c,123,stochastic,61,50061,5.0,15,True,False,success,saved,True,False,False,85,15,0,0,5,15
tuned,a2c,123,stochastic,62,50062,5.0,15,True,False,success,saved,True,False,False,85,15,0,0,5,15
tuned,a2c,123,stochastic,63,50063,5.0,15,True,False,success,saved,True,False,False,85,15,0,0,5,15
tuned,a2c,123,stochastic,64,50064,5.0,15,True,False,success,saved,True,False,False,85,15,0,0,5,15
tuned,a2c,123,stochastic,65,50065,5.0,15,True,False,success,saved,True,False,False,85,15,0,0,5,15
tuned,a2c,123,stochastic,66,50066,5.0,15,True,False,success,saved,True,False,False,85,15,0,0,5,15
tuned,a2c,123,stochastic,67,50067,5.0,15,True,False,success,saved,True,False,False,85,15,0,0,5,15
tuned,a2c,123,stochastic,68,50068,5.0,15,True,False,success,saved,True,False,False,85,15,0,0,5,15
tuned,a2c,123,stochastic,69,50069,5.0,15,True,False,success,saved,True,False,False,85,15,0,0,5,15
tuned,a2c,123,stochastic,70,50070,5.0,15,True,False,success,saved,True,False,False,85,15,0,0,5,15
tuned,a2c,123,stochastic,71,50071,5.0,15,True,False,success,saved,True,False,False,85,15,0,0,5,15
tuned,a2c,123,stochastic,72,50072,5.0,15,True,False,success,saved,True,False,False,85,15,0,0,5,15
tuned,a2c,123,stochastic,73,50073,5.0,15,True,False,success,saved,True,False,False,85,15,0,0,5,15
tuned,a2c,123,stochastic,74,50074,5.0,15,True,False,success,saved,True,False,False,85,15,0,0,5,15
tuned,a2c,123,stochastic,75,50075,5.0,15,True,False,success,saved,True,False,False,85,15,0,0,5,15
tuned,a2c,123,stochastic,76,50076,5.0,15,True,False,success,saved,True,False,False,85,15,0,0,5,15
tuned,a2c,123,stochastic,77,50077,5.0,15,True,False,success,saved,True,False,False,85,15,0,0,5,15
tuned,a2c,123,stochastic,78,50078,5.0,15,True,False,success,saved,True,False,False,85,15,0,0,5,15
tuned,a2c,123,stochastic,79,50079,5.0,15,True,False,success,saved,True,False,False,85,15,0,0,5,15
tuned,a2c,123,stochastic,80,50080,5.0,15,True,False,success,saved,True,False,False,85,15,0,0,5,15
tuned,a2c,123,stochastic,81,50081,5.0,15,True,False,success,saved,True,False,False,85,15,0,0,5,15
tuned,a2c,123,stochastic,82,50082,5.0,15,True,False,success,saved,True,False,False,85,15,0,0,5,15
tuned,a2c,123,stochastic,83,50083,5.0,15,True,False,success,saved,True,False,False,85,15,0,0,5,15
tuned,a2c,123,stochastic,84,50084,5.0,15,True,False,success,saved,True,False,False,85,15,0,0,5,15
tuned,a2c,123,stochastic,85,50085,5.0,15,True,False,success,saved,True,False,False,85,15,0,0,5,15
tuned,a2c,123,stochastic,86,50086,5.0,15,True,False,success,saved,True,False,False,85,15,0,0,5,15
tuned,a2c,123,stochastic,87,50087,5.0,15,True,False,success,saved,True,False,False,85,15,0,0,5,15
tuned,a2c,123,stochastic,88,50088,5.0,15,True,False,success,saved,True,False,False,85,15,0,0,5,15
tuned,a2c,123,stochastic,89,50089,5.0,15,True,False,success,saved,True,False,False,85,15,0,0,5,15
tuned,a2c,123,stochastic,90,50090,5.0,15,True,False,success,saved,True,False,False,85,15,0,0,5,15
tuned,a2c,123,stochastic,91,50091,5.0,15,True,False,success,saved,True,False,False,85,15,0,0,5,15
tuned,a2c,123,stochastic,92,50092,5.0,15,True,False,success,saved,True,False,False,85,15,0,0,5,15
tuned,a2c,123,stochastic,93,50093,5.0,15,True,False,success,saved,True,False,False,85,15,0,0,5,15
tuned,a2c,123,stochastic,94,50094,5.0,15,True,False,success,saved,True,False,False,85,15,0,0,5,15
tuned,a2c,123,stochastic,95,50095,5.0,15,True,False,success,saved,True,False,False,85,15,0,0,5,15
tuned,a2c,123,stochastic,96,50096,5.0,15,True,False,success,saved,True,False,False,85,15,0,0,5,15
tuned,a2c,123,stochastic,97,50097,5.0,15,True,False,success,saved,True,False,False,85,15,0,0,5,15
tuned,a2c,123,stochastic,98,50098,5.0,15,True,False,success,saved,True,False,False,85,15,0,0,5,15
tuned,a2c,123,stochastic,99,50099,5.0,15,True,False,success,saved,True,False,False,85,15,0,0,5,15
tuned,a2c,2024,deterministic,0,50000,5.0,15,True,False,success,saved,True,False,False,85,15,0,0,5,15
tuned,a2c,2024,deterministic,1,50001,5.0,15,True,False,success,saved,True,False,False,85,15,0,0,5,15
tuned,a2c,2024,deterministic,2,50002,5.0,15,True,False,success,saved,True,False,False,85,15,0,0,5,15
tuned,a2c,2024,deterministic,3,50003,5.0,15,True,False,success,saved,True,False,False,85,15,0,0,5,15
tuned,a2c,2024,deterministic,4,50004,5.0,15,True,False,success,saved,True,False,False,85,15,0,0,5,15
tuned,a2c,2024,deterministic,5,50005,5.0,15,True,False,success,saved,True,False,False,85,15,0,0,5,15
tuned,a2c,2024,deterministic,6,50006,5.0,15,True,False,success,saved,True,False,False,85,15,0,0,5,15
tuned,a2c,2024,deterministic,7,50007,5.0,15,True,False,success,saved,True,False,False,79,21,0,0,5,15
tuned,a2c,2024,deterministic,8,50008,5.0,15,True,False,success,saved,True,False,False,83,17,0,0,5,15
tuned,a2c,2024,deterministic,9,50009,5.0,15,True,False,success,saved,True,False,False,83,17,0,0,5,15
tuned,a2c,2024,deterministic,10,50010,5.0,15,True,False,success,saved,True,False,False,85,15,0,0,5,15
tuned,a2c,2024,deterministic,11,50011,5.0,15,True,False,success,saved,True,False,False,85,15,0,0,5,15
tuned,a2c,2024,deterministic,12,50012,5.0,15,True,False,success,saved,True,False,False,85,15,0,0,5,15
tuned,a2c,2024,deterministic,13,50013,5.0,15,True,False,success,saved,True,False,False,85,15,0,0,5,15
tuned,a2c,2024,deterministic,14,50014,5.0,15,True,False,success,saved,True,False,False,85,15,0,0,5,15
tuned,a2c,2024,deterministic,15,50015,5.0,15,True,False,success,saved,True,False,False,85,15,0,0,5,15
tuned,a2c,2024,deterministic,16,50016,5.0,15,True,False,success,saved,True,False,False,85,15,0,0,5,15
tuned,a2c,2024,deterministic,17,50017,5.0,15,True,False,success,saved,True,False,False,85,15,0,0,5,15
tuned,a2c,2024,deterministic,18,50018,5.0,15,True,False,success,saved,True,False,False,85,15,0,0,5,15
tuned,a2c,2024,deterministic,19,50019,5.0,15,True,False,success,saved,True,False,False,85,15,0,0,5,15
tuned,a2c,2024,deterministic,20,50020,5.0,15,True,False,success,saved,True,False,False,85,15,0,0,5,15
tuned,a2c,2024,deterministic,21,50021,5.0,15,True,False,success,saved,True,False,False,85,15,0,0,5,15
tuned,a2c,2024,deterministic,22,50022,5.0,15,True,False,success,saved,True,False,False,85,15,0,0,5,15
tuned,a2c,2024,deterministic,23,50023,5.0,15,True,False,success,saved,True,False,False,85,15,0,0,5,15
tuned,a2c,2024,deterministic,24,50024,5.0,15,True,False,success,saved,True,False,False,85,15,0,0,5,15
tuned,a2c,2024,deterministic,25,50025,5.0,15,True,False,success,saved,True,False,False,85,15,0,0,5,15
tuned,a2c,2024,deterministic,26,50026,5.0,15,True,False,success,saved,True,False,False,85,15,0,0,5,15
tuned,a2c,2024,deterministic,27,50027,5.0,15,True,False,success,saved,True,False,False,85,15,0,0,5,15
tuned,a2c,2024,deterministic,28,50028,5.0,15,True,False,success,saved,True,False,False,85,15,0,0,5,15
tuned,a2c,2024,deterministic,29,50029,5.0,15,True,False,success,saved,True,False,False,85,15,0,0,5,15
tuned,a2c,2024,deterministic,30,50030,5.0,15,True,False,success,saved,True,False,False,85,15,0,0,5,15
tuned,a2c,2024,deterministic,31,50031,5.0,15,True,False,success,saved,True,False,False,85,15,0,0,5,15
tuned,a2c,2024,deterministic,32,50032,5.0,15,True,False,success,saved,True,False,False,85,15,0,0,5,15
tuned,a2c,2024,deterministic,33,50033,5.0,15,True,False,success,saved,True,False,False,85,15,0,0,5,15
tuned,a2c,2024,deterministic,34,50034,5.0,15,True,False,success,saved,True,False,False,85,15,0,0,5,15
tuned,a2c,2024,deterministic,35,50035,5.0,15,True,False,success,saved,True,False,False,85,15,0,0,5,15
tuned,a2c,2024,deterministic,36,50036,5.0,15,True,False,success,saved,True,False,False,85,15,0,0,5,15
tuned,a2c,2024,deterministic,37,50037,5.0,15,True,False,success,saved,True,False,False,85,15,0,0,5,15
tuned,a2c,2024,deterministic,38,50038,5.0,15,True,False,success,saved,True,False,False,85,15,0,0,5,15
tuned,a2c,2024,deterministic,39,50039,5.0,15,True,False,success,saved,True,False,False,85,15,0,0,5,15
tuned,a2c,2024,deterministic,40,50040,5.0,15,True,False,success,saved,True,False,False,85,15,0,0,5,15
tuned,a2c,2024,deterministic,41,50041,5.0,15,True,False,success,saved,True,False,False,85,15,0,0,5,15
tuned,a2c,2024,deterministic,42,50042,5.0,15,True,False,success,saved,True,False,False,85,15,0,0,5,15
tuned,a2c,2024,deterministic,43,50043,5.0,15,True,False,success,saved,True,False,False,85,15,0,0,5,15
tuned,a2c,2024,deterministic,44,50044,5.0,15,True,False,success,saved,True,False,False,85,15,0,0,5,15
tuned,a2c,2024,deterministic,45,50045,5.0,15,True,False,success,saved,True,False,False,85,15,0,0,5,15
tuned,a2c,2024,deterministic,46,50046,5.0,15,True,False,success,saved,True,False,False,85,15,0,0,5,15
tuned,a2c,2024,deterministic,47,50047,5.0,15,True,False,success,saved,True,False,False,85,15,0,0,5,15
tuned,a2c,2024,deterministic,48,50048,5.0,15,True,False,success,saved,True,False,False,83,17,0,0,5,15
tuned,a2c,2024,deterministic,49,50049,5.0,15,True,False,success,saved,True,False,False,85,15,0,0,5,15
tuned,a2c,2024,deterministic,50,50050,5.0,15,True,False,success,saved,True,False,False,85,15,0,0,5,15
tuned,a2c,2024,deterministic,51,50051,5.0,15,True,False,success,saved,True,False,False,85,15,0,0,5,15
tuned,a2c,2024,deterministic,52,50052,5.0,15,True,False,success,saved,True,False,False,85,15,0,0,5,15
tuned,a2c,2024,deterministic,53,50053,5.0,15,True,False,success,saved,True,False,False,85,15,0,0,5,15
tuned,a2c,2024,deterministic,54,50054,5.0,15,True,False,success,saved,True,False,False,85,15,0,0,5,15
tuned,a2c,2024,deterministic,55,50055,5.0,15,True,False,success,saved,True,False,False,85,15,0,0,5,15
tuned,a2c,2024,deterministic,56,50056,5.0,15,True,False,success,saved,True,False,False,85,15,0,0,5,15
tuned,a2c,2024,deterministic,57,50057,5.0,15,True,False,success,saved,True,False,False,85,15,0,0,5,15
tuned,a2c,2024,deterministic,58,50058,5.0,15,True,False,success,saved,True,False,False,85,15,0,0,5,15
tuned,a2c,2024,deterministic,59,50059,5.0,15,True,False,success,saved,True,False,False,85,15,0,0,5,15
tuned,a2c,2024,deterministic,60,50060,5.0,15,True,False,success,saved,True,False,False,85,15,0,0,5,15
tuned,a2c,2024,deterministic,61,50061,5.0,15,True,False,success,saved,True,False,False,85,15,0,0,5,15
tuned,a2c,2024,deterministic,62,50062,5.0,15,True,False,success,saved,True,False,False,85,15,0,0,5,15
tuned,a2c,2024,deterministic,63,50063,5.0,15,True,False,success,saved,True,False,False,85,15,0,0,5,15
tuned,a2c,2024,deterministic,64,50064,5.0,15,True,False,success,saved,True,False,False,85,15,0,0,5,15
tuned,a2c,2024,deterministic,65,50065,5.0,15,True,False,success,saved,True,False,False,85,15,0,0,5,15
tuned,a2c,2024,deterministic,66,50066,5.0,15,True,False,success,saved,True,False,False,85,15,0,0,5,15
tuned,a2c,2024,deterministic,67,50067,5.0,15,True,False,success,saved,True,False,False,85,15,0,0,5,15
tuned,a2c,2024,deterministic,68,50068,5.0,15,True,False,success,saved,True,False,False,85,15,0,0,5,15
tuned,a2c,2024,deterministic,69,50069,5.0,15,True,False,success,saved,True,False,False,85,15,0,0,5,15
tuned,a2c,2024,deterministic,70,50070,5.0,15,True,False,success,saved,True,False,False,83,17,0,0,5,15
tuned,a2c,2024,deterministic,71,50071,5.0,15,True,False,success,saved,True,False,False,85,15,0,0,5,15
tuned,a2c,2024,deterministic,72,50072,5.0,15,True,False,success,saved,True,False,False,85,15,0,0,5,15
tuned,a2c,2024,deterministic,73,50073,5.0,15,True,False,success,saved,True,False,False,85,15,0,0,5,15
tuned,a2c,2024,deterministic,74,50074,5.0,15,True,False,success,saved,True,False,False,85,15,0,0,5,15
tuned,a2c,2024,deterministic,75,50075,5.0,15,True,False,success,saved,True,False,False,85,15,0,0,5,15
tuned,a2c,2024,deterministic,76,50076,5.0,15,True,False,success,saved,True,False,False,85,15,0,0,5,15
tuned,a2c,2024,deterministic,77,50077,5.0,15,True,False,success,saved,True,False,False,85,15,0,0,5,15
tuned,a2c,2024,deterministic,78,50078,5.0,15,True,False,success,saved,True,False,False,85,15,0,0,5,15
tuned,a2c,2024,deterministic,79,50079,5.0,15,True,False,success,saved,True,False,False,85,15,0,0,5,15
tuned,a2c,2024,deterministic,80,50080,5.0,15,True,False,success,saved,True,False,False,85,15,0,0,5,15
tuned,a2c,2024,deterministic,81,50081,5.0,15,True,False,success,saved,True,False,False,85,15,0,0,5,15
tuned,a2c,2024,deterministic,82,50082,5.0,15,True,False,success,saved,True,False,False,85,15,0,0,5,15
tuned,a2c,2024,deterministic,83,50083,5.0,15,True,False,success,saved,True,False,False,85,15,0,0,5,15
tuned,a2c,2024,deterministic,84,50084,5.0,15,True,False,success,saved,True,False,False,85,15,0,0,5,15
tuned,a2c,2024,deterministic,85,50085,5.0,15,True,False,success,saved,True,False,False,85,15,0,0,5,15
tuned,a2c,2024,deterministic,86,50086,-100.0,100,False,True,max_steps,with_robot,False,False,False,93,7,0,0,5,
tuned,a2c,2024,deterministic,87,50087,5.0,15,True,False,success,saved,True,False,False,85,15,0,0,5,15
tuned,a2c,2024,deterministic,88,50088,5.0,15,True,False,success,saved,True,False,False,85,15,0,0,5,15
tuned,a2c,2024,deterministic,89,50089,5.0,15,True,False,success,saved,True,False,False,85,15,0,0,5,15
tuned,a2c,2024,deterministic,90,50090,5.0,15,True,False,success,saved,True,False,False,85,15,0,0,5,15
tuned,a2c,2024,deterministic,91,50091,5.0,15,True,False,success,saved,True,False,False,85,15,0,0,5,15
tuned,a2c,2024,deterministic,92,50092,5.0,15,True,False,success,saved,True,False,False,85,15,0,0,5,15
tuned,a2c,2024,deterministic,93,50093,5.0,15,True,False,success,saved,True,False,False,85,15,0,0,5,15
tuned,a2c,2024,deterministic,94,50094,5.0,15,True,False,success,saved,True,False,False,85,15,0,0,5,15
tuned,a2c,2024,deterministic,95,50095,5.0,15,True,False,success,saved,True,False,False,85,15,0,0,5,15
tuned,a2c,2024,deterministic,96,50096,5.0,15,True,False,success,saved,True,False,False,85,15,0,0,5,15
tuned,a2c,2024,deterministic,97,50097,5.0,15,True,False,success,saved,True,False,False,85,15,0,0,5,15
tuned,a2c,2024,deterministic,98,50098,5.0,15,True,False,success,saved,True,False,False,85,15,0,0,5,15
tuned,a2c,2024,deterministic,99,50099,5.0,15,True,False,success,saved,True,False,False,85,15,0,0,5,15
tuned,a2c,2024,stochastic,0,50000,5.0,15,True,False,success,saved,True,False,False,85,15,0,0,5,15
tuned,a2c,2024,stochastic,1,50001,5.0,15,True,False,success,saved,True,False,False,85,15,0,0,5,15
tuned,a2c,2024,stochastic,2,50002,5.0,15,True,False,success,saved,True,False,False,85,15,0,0,5,15
tuned,a2c,2024,stochastic,3,50003,5.0,15,True,False,success,saved,True,False,False,85,15,0,0,5,15
tuned,a2c,2024,stochastic,4,50004,5.0,15,True,False,success,saved,True,False,False,85,15,0,0,5,15
tuned,a2c,2024,stochastic,5,50005,5.0,15,True,False,success,saved,True,False,False,85,15,0,0,5,15
tuned,a2c,2024,stochastic,6,50006,5.0,15,True,False,success,saved,True,False,False,85,15,0,0,5,15
tuned,a2c,2024,stochastic,7,50007,5.0,15,True,False,success,saved,True,False,False,79,21,0,0,5,15
tuned,a2c,2024,stochastic,8,50008,5.0,15,True,False,success,saved,True,False,False,83,17,0,0,5,15
tuned,a2c,2024,stochastic,9,50009,5.0,15,True,False,success,saved,True,False,False,81,19,0,0,5,15
tuned,a2c,2024,stochastic,10,50010,4.0,16,True,False,success,saved,True,False,False,85,15,0,0,5,16
tuned,a2c,2024,stochastic,11,50011,5.0,15,True,False,success,saved,True,False,False,85,15,0,0,5,15
tuned,a2c,2024,stochastic,12,50012,5.0,15,True,False,success,saved,True,False,False,85,15,0,0,5,15
tuned,a2c,2024,stochastic,13,50013,5.0,15,True,False,success,saved,True,False,False,85,15,0,0,5,15
tuned,a2c,2024,stochastic,14,50014,5.0,15,True,False,success,saved,True,False,False,85,15,0,0,5,15
tuned,a2c,2024,stochastic,15,50015,5.0,15,True,False,success,saved,True,False,False,85,15,0,0,5,15
tuned,a2c,2024,stochastic,16,50016,5.0,15,True,False,success,saved,True,False,False,85,15,0,0,5,15
tuned,a2c,2024,stochastic,17,50017,5.0,15,True,False,success,saved,True,False,False,85,15,0,0,5,15
tuned,a2c,2024,stochastic,18,50018,5.0,15,True,False,success,saved,True,False,False,85,15,0,0,5,15
tuned,a2c,2024,stochastic,19,50019,5.0,15,True,False,success,saved,True,False,False,85,15,0,0,5,15
tuned,a2c,2024,stochastic,20,50020,5.0,15,True,False,success,saved,True,False,False,85,15,0,0,5,15
tuned,a2c,2024,stochastic,21,50021,4.0,16,True,False,success,saved,True,False,False,85,15,0,0,5,16
tuned,a2c,2024,stochastic,22,50022,5.0,15,True,False,success,saved,True,False,False,85,15,0,0,5,15
tuned,a2c,2024,stochastic,23,50023,5.0,15,True,False,success,saved,True,False,False,85,15,0,0,5,15
tuned,a2c,2024,stochastic,24,50024,4.0,16,True,False,success,saved,True,False,False,70,30,1,0,5,16
tuned,a2c,2024,stochastic,25,50025,5.0,15,True,False,success,saved,True,False,False,85,15,0,0,5,15
tuned,a2c,2024,stochastic,26,50026,5.0,15,True,False,success,saved,True,False,False,85,15,0,0,5,15
tuned,a2c,2024,stochastic,27,50027,5.0,15,True,False,success,saved,True,False,False,85,15,0,0,5,15
tuned,a2c,2024,stochastic,28,50028,5.0,15,True,False,success,saved,True,False,False,85,15,0,0,5,15
tuned,a2c,2024,stochastic,29,50029,4.0,16,True,False,success,saved,True,False,False,85,15,0,0,5,16
tuned,a2c,2024,stochastic,30,50030,5.0,15,True,False,success,saved,True,False,False,85,15,0,0,5,15
tuned,a2c,2024,stochastic,31,50031,5.0,15,True,False,success,saved,True,False,False,85,15,0,0,5,15
tuned,a2c,2024,stochastic,32,50032,5.0,15,True,False,success,saved,True,False,False,85,15,0,0,5,15
tuned,a2c,2024,stochastic,33,50033,5.0,15,True,False,success,saved,True,False,False,85,15,0,0,5,15
tuned,a2c,2024,stochastic,34,50034,5.0,15,True,False,success,saved,True,False,False,85,15,0,0,5,15
tuned,a2c,2024,stochastic,35,50035,5.0,15,True,False,success,saved,True,False,False,85,15,0,0,5,15
tuned,a2c,2024,stochastic,36,50036,5.0,15,True,False,success,saved,True,False,False,85,15,0,0,5,15
tuned,a2c,2024,stochastic,37,50037,5.0,15,True,False,success,saved,True,False,False,85,15,0,0,5,15
tuned,a2c,2024,stochastic,38,50038,5.0,15,True,False,success,saved,True,False,False,85,15,0,0,5,15
tuned,a2c,2024,stochastic,39,50039,5.0,15,True,False,success,saved,True,False,False,85,15,0,0,5,15
tuned,a2c,2024,stochastic,40,50040,5.0,15,True,False,success,saved,True,False,False,85,15,0,0,5,15
tuned,a2c,2024,stochastic,41,50041,5.0,15,True,False,success,saved,True,False,False,85,15,0,0,5,15
tuned,a2c,2024,stochastic,42,50042,4.0,16,True,False,success,saved,True,False,False,85,15,0,0,5,16
tuned,a2c,2024,stochastic,43,50043,5.0,15,True,False,success,saved,True,False,False,85,15,0,0,5,15
tuned,a2c,2024,stochastic,44,50044,5.0,15,True,False,success,saved,True,False,False,85,15,0,0,5,15
tuned,a2c,2024,stochastic,45,50045,5.0,15,True,False,success,saved,True,False,False,85,15,0,0,5,15
tuned,a2c,2024,stochastic,46,50046,5.0,15,True,False,success,saved,True,False,False,85,15,0,0,5,15
tuned,a2c,2024,stochastic,47,50047,5.0,15,True,False,success,saved,True,False,False,85,15,0,0,5,15
tuned,a2c,2024,stochastic,48,50048,5.0,15,True,False,success,saved,True,False,False,83,17,0,0,5,15
tuned,a2c,2024,stochastic,49,50049,5.0,15,True,False,success,saved,True,False,False,85,15,0,0,5,15
tuned,a2c,2024,stochastic,50,50050,5.0,15,True,False,success,saved,True,False,False,85,15,0,0,5,15
tuned,a2c,2024,stochastic,51,50051,5.0,15,True,False,success,saved,True,False,False,85,15,0,0,5,15
tuned,a2c,2024,stochastic,52,50052,5.0,15,True,False,success,saved,True,False,False,85,15,0,0,5,15
tuned,a2c,2024,stochastic,53,50053,5.0,15,True,False,success,saved,True,False,False,85,15,0,0,5,15
tuned,a2c,2024,stochastic,54,50054,5.0,15,True,False,success,saved,True,False,False,85,15,0,0,5,15
tuned,a2c,2024,stochastic,55,50055,5.0,15,True,False,success,saved,True,False,False,85,15,0,0,5,15
tuned,a2c,2024,stochastic,56,50056,5.0,15,True,False,success,saved,True,False,False,85,15,0,0,5,15
tuned,a2c,2024,stochastic,57,50057,5.0,15,True,False,success,saved,True,False,False,85,15,0,0,5,15
tuned,a2c,2024,stochastic,58,50058,5.0,15,True,False,success,saved,True,False,False,85,15,0,0,5,15
tuned,a2c,2024,stochastic,59,50059,5.0,15,True,False,success,saved,True,False,False,85,15,0,0,5,15
tuned,a2c,2024,stochastic,60,50060,5.0,15,True,False,success,saved,True,False,False,85,15,0,0,5,15
tuned,a2c,2024,stochastic,61,50061,5.0,15,True,False,success,saved,True,False,False,85,15,0,0,5,15
tuned,a2c,2024,stochastic,62,50062,5.0,15,True,False,success,saved,True,False,False,85,15,0,0,5,15
tuned,a2c,2024,stochastic,63,50063,5.0,15,True,False,success,saved,True,False,False,85,15,0,0,5,15
tuned,a2c,2024,stochastic,64,50064,5.0,15,True,False,success,saved,True,False,False,85,15,0,0,5,15
tuned,a2c,2024,stochastic,65,50065,5.0,15,True,False,success,saved,True,False,False,85,15,0,0,5,15
tuned,a2c,2024,stochastic,66,50066,5.0,15,True,False,success,saved,True,False,False,85,15,0,0,5,15
tuned,a2c,2024,stochastic,67,50067,5.0,15,True,False,success,saved,True,False,False,85,15,0,0,5,15
tuned,a2c,2024,stochastic,68,50068,5.0,15,True,False,success,saved,True,False,False,85,15,0,0,5,15
tuned,a2c,2024,stochastic,69,50069,5.0,15,True,False,success,saved,True,False,False,85,15,0,0,5,15
tuned,a2c,2024,stochastic,70,50070,5.0,15,True,False,success,saved,True,False,False,83,17,0,0,5,15
tuned,a2c,2024,stochastic,71,50071,5.0,15,True,False,success,saved,True,False,False,85,15,0,0,5,15
tuned,a2c,2024,stochastic,72,50072,4.0,16,True,False,success,saved,True,False,False,85,15,0,0,5,16
tuned,a2c,2024,stochastic,73,50073,5.0,15,True,False,success,saved,True,False,False,85,15,0,0,5,15
tuned,a2c,2024,stochastic,74,50074,5.0,15,True,False,success,saved,True,False,False,85,15,0,0,5,15
tuned,a2c,2024,stochastic,75,50075,5.0,15,True,False,success,saved,True,False,False,85,15,0,0,5,15
tuned,a2c,2024,stochastic,76,50076,5.0,15,True,False,success,saved,True,False,False,85,15,0,0,5,15
tuned,a2c,2024,stochastic,77,50077,5.0,15,True,False,success,saved,True,False,False,85,15,0,0,5,15
tuned,a2c,2024,stochastic,78,50078,5.0,15,True,False,success,saved,True,False,False,85,15,0,0,5,15
tuned,a2c,2024,stochastic,79,50079,5.0,15,True,False,success,saved,True,False,False,85,15,0,0,5,15
tuned,a2c,2024,stochastic,80,50080,5.0,15,True,False,success,saved,True,False,False,85,15,0,0,5,15
tuned,a2c,2024,stochastic,81,50081,5.0,15,True,False,success,saved,True,False,False,85,15,0,0,5,15
tuned,a2c,2024,stochastic,82,50082,5.0,15,True,False,success,saved,True,False,False,85,15,0,0,5,15
tuned,a2c,2024,stochastic,83,50083,5.0,15,True,False,success,saved,True,False,False,85,15,0,0,5,15
tuned,a2c,2024,stochastic,84,50084,5.0,15,True,False,success,saved,True,False,False,85,15,0,0,5,15
tuned,a2c,2024,stochastic,85,50085,5.0,15,True,False,success,saved,True,False,False,85,15,0,0,5,15
tuned,a2c,2024,stochastic,86,50086,-100.0,100,False,True,max_steps,with_robot,False,False,False,92,8,0,0,5,
tuned,a2c,2024,stochastic,87,50087,5.0,15,True,False,success,saved,True,False,False,85,15,0,0,5,15
tuned,a2c,2024,stochastic,88,50088,5.0,15,True,False,success,saved,True,False,False,85,15,0,0,5,15
tuned,a2c,2024,stochastic,89,50089,5.0,15,True,False,success,saved,True,False,False,85,15,0,0,5,15
tuned,a2c,2024,stochastic,90,50090,5.0,15,True,False,success,saved,True,False,False,85,15,0,0,5,15
tuned,a2c,2024,stochastic,91,50091,5.0,15,True,False,success,saved,True,False,False,85,15,0,0,5,15
tuned,a2c,2024,stochastic,92,50092,5.0,15,True,False,success,saved,True,False,False,85,15,0,0,5,15
tuned,a2c,2024,stochastic,93,50093,5.0,15,True,False,success,saved,True,False,False,85,15,0,0,5,15
tuned,a2c,2024,stochastic,94,50094,5.0,15,True,False,success,saved,True,False,False,85,15,0,0,5,15
tuned,a2c,2024,stochastic,95,50095,5.0,15,True,False,success,saved,True,False,False,85,15,0,0,5,15
tuned,a2c,2024,stochastic,96,50096,5.0,15,True,False,success,saved,True,False,False,85,15,0,0,5,15
tuned,a2c,2024,stochastic,97,50097,5.0,15,True,False,success,saved,True,False,False,85,15,0,0,5,15
tuned,a2c,2024,stochastic,98,50098,5.0,15,True,False,success,saved,True,False,False,85,15,0,0,5,15
tuned,a2c,2024,stochastic,99,50099,5.0,15,True,False,success,saved,True,False,False,85,15,0,0,5,15
tuned,a2c,7,deterministic,0,50000,5.0,15,True,False,success,saved,True,False,False,85,15,0,0,5,15
tuned,a2c,7,deterministic,1,50001,5.0,15,True,False,success,saved,True,False,False,85,15,0,0,5,15
tuned,a2c,7,deterministic,2,50002,5.0,15,True,False,success,saved,True,False,False,85,15,0,0,5,15
tuned,a2c,7,deterministic,3,50003,5.0,15,True,False,success,saved,True,False,False,85,15,0,0,5,15
tuned,a2c,7,deterministic,4,50004,5.0,15,True,False,success,saved,True,False,False,85,15,0,0,5,15
tuned,a2c,7,deterministic,5,50005,5.0,15,True,False,success,saved,True,False,False,85,15,0,0,5,15
tuned,a2c,7,deterministic,6,50006,5.0,15,True,False,success,saved,True,False,False,85,15,0,0,5,15
tuned,a2c,7,deterministic,7,50007,5.0,15,True,False,success,saved,True,False,False,85,15,0,0,5,15
tuned,a2c,7,deterministic,8,50008,5.0,15,True,False,success,saved,True,False,False,85,15,0,0,5,15
tuned,a2c,7,deterministic,9,50009,5.0,15,True,False,success,saved,True,False,False,85,15,0,0,5,15
tuned,a2c,7,deterministic,10,50010,5.0,15,True,False,success,saved,True,False,False,85,15,0,0,5,15
tuned,a2c,7,deterministic,11,50011,5.0,15,True,False,success,saved,True,False,False,85,15,0,0,5,15
tuned,a2c,7,deterministic,12,50012,5.0,15,True,False,success,saved,True,False,False,85,15,0,0,5,15
tuned,a2c,7,deterministic,13,50013,5.0,15,True,False,success,saved,True,False,False,85,15,0,0,5,15
tuned,a2c,7,deterministic,14,50014,5.0,15,True,False,success,saved,True,False,False,85,15,0,0,5,15
tuned,a2c,7,deterministic,15,50015,4.0,16,True,False,success,saved,True,False,False,70,30,1,0,5,16
tuned,a2c,7,deterministic,16,50016,5.0,15,True,False,success,saved,True,False,False,85,15,0,0,5,15
tuned,a2c,7,deterministic,17,50017,5.0,15,True,False,success,saved,True,False,False,85,15,0,0,5,15
tuned,a2c,7,deterministic,18,50018,5.0,15,True,False,success,saved,True,False,False,85,15,0,0,5,15
tuned,a2c,7,deterministic,19,50019,5.0,15,True,False,success,saved,True,False,False,85,15,0,0,5,15
tuned,a2c,7,deterministic,20,50020,5.0,15,True,False,success,saved,True,False,False,85,15,0,0,5,15
tuned,a2c,7,deterministic,21,50021,5.0,15,True,False,success,saved,True,False,False,85,15,0,0,5,15
tuned,a2c,7,deterministic,22,50022,5.0,15,True,False,success,saved,True,False,False,85,15,0,0,5,15
tuned,a2c,7,deterministic,23,50023,5.0,15,True,False,success,saved,True,False,False,85,15,0,0,5,15
tuned,a2c,7,deterministic,24,50024,5.0,15,True,False,success,saved,True,False,False,85,15,0,0,5,15
tuned,a2c,7,deterministic,25,50025,5.0,15,True,False,success,saved,True,False,False,85,15,0,0,5,15
tuned,a2c,7,deterministic,26,50026,5.0,15,True,False,success,saved,True,False,False,85,15,0,0,5,15
tuned,a2c,7,deterministic,27,50027,5.0,15,True,False,success,saved,True,False,False,85,15,0,0,5,15
tuned,a2c,7,deterministic,28,50028,5.0,15,True,False,success,saved,True,False,False,85,15,0,0,5,15
tuned,a2c,7,deterministic,29,50029,5.0,15,True,False,success,saved,True,False,False,85,15,0,0,5,15
tuned,a2c,7,deterministic,30,50030,5.0,15,True,False,success,saved,True,False,False,85,15,0,0,5,15
tuned,a2c,7,deterministic,31,50031,5.0,15,True,False,success,saved,True,False,False,85,15,0,0,5,15
tuned,a2c,7,deterministic,32,50032,5.0,15,True,False,success,saved,True,False,False,85,15,0,0,5,15
tuned,a2c,7,deterministic,33,50033,5.0,15,True,False,success,saved,True,False,False,85,15,0,0,5,15
tuned,a2c,7,deterministic,34,50034,5.0,15,True,False,success,saved,True,False,False,85,15,0,0,5,15
tuned,a2c,7,deterministic,35,50035,5.0,15,True,False,success,saved,True,False,False,85,15,0,0,5,15
tuned,a2c,7,deterministic,36,50036,5.0,15,True,False,success,saved,True,False,False,85,15,0,0,5,15
tuned,a2c,7,deterministic,37,50037,5.0,15,True,False,success,saved,True,False,False,85,15,0,0,5,15
tuned,a2c,7,deterministic,38,50038,5.0,15,True,False,success,saved,True,False,False,85,15,0,0,5,15
tuned,a2c,7,deterministic,39,50039,5.0,15,True,False,success,saved,True,False,False,85,15,0,0,5,15
tuned,a2c,7,deterministic,40,50040,5.0,15,True,False,success,saved,True,False,False,85,15,0,0,5,15
tuned,a2c,7,deterministic,41,50041,5.0,15,True,False,success,saved,True,False,False,85,15,0,0,5,15
tuned,a2c,7,deterministic,42,50042,5.0,15,True,False,success,saved,True,False,False,85,15,0,0,5,15
tuned,a2c,7,deterministic,43,50043,5.0,15,True,False,success,saved,True,False,False,85,15,0,0,5,15
tuned,a2c,7,deterministic,44,50044,5.0,15,True,False,success,saved,True,False,False,85,15,0,0,5,15
tuned,a2c,7,deterministic,45,50045,5.0,15,True,False,success,saved,True,False,False,85,15,0,0,5,15
tuned,a2c,7,deterministic,46,50046,5.0,15,True,False,success,saved,True,False,False,85,15,0,0,5,15
tuned,a2c,7,deterministic,47,50047,5.0,15,True,False,success,saved,True,False,False,85,15,0,0,5,15
tuned,a2c,7,deterministic,48,50048,5.0,15,True,False,success,saved,True,False,False,85,15,0,0,5,15
tuned,a2c,7,deterministic,49,50049,5.0,15,True,False,success,saved,True,False,False,85,15,0,0,5,15
tuned,a2c,7,deterministic,50,50050,5.0,15,True,False,success,saved,True,False,False,85,15,0,0,5,15
tuned,a2c,7,deterministic,51,50051,5.0,15,True,False,success,saved,True,False,False,85,15,0,0,5,15
tuned,a2c,7,deterministic,52,50052,5.0,15,True,False,success,saved,True,False,False,85,15,0,0,5,15
tuned,a2c,7,deterministic,53,50053,5.0,15,True,False,success,saved,True,False,False,85,15,0,0,5,15
tuned,a2c,7,deterministic,54,50054,5.0,15,True,False,success,saved,True,False,False,85,15,0,0,5,15
tuned,a2c,7,deterministic,55,50055,5.0,15,True,False,success,saved,True,False,False,85,15,0,0,5,15
tuned,a2c,7,deterministic,56,50056,5.0,15,True,False,success,saved,True,False,False,85,15,0,0,5,15
tuned,a2c,7,deterministic,57,50057,5.0,15,True,False,success,saved,True,False,False,85,15,0,0,5,15
tuned,a2c,7,deterministic,58,50058,5.0,15,True,False,success,saved,True,False,False,85,15,0,0,5,15
tuned,a2c,7,deterministic,59,50059,5.0,15,True,False,success,saved,True,False,False,85,15,0,0,5,15
tuned,a2c,7,deterministic,60,50060,5.0,15,True,False,success,saved,True,False,False,85,15,0,0,5,15
tuned,a2c,7,deterministic,61,50061,5.0,15,True,False,success,saved,True,False,False,85,15,0,0,5,15
tuned,a2c,7,deterministic,62,50062,5.0,15,True,False,success,saved,True,False,False,85,15,0,0,5,15
tuned,a2c,7,deterministic,63,50063,5.0,15,True,False,success,saved,True,False,False,85,15,0,0,5,15
tuned,a2c,7,deterministic,64,50064,5.0,15,True,False,success,saved,True,False,False,85,15,0,0,5,15
tuned,a2c,7,deterministic,65,50065,5.0,15,True,False,success,saved,True,False,False,85,15,0,0,5,15
tuned,a2c,7,deterministic,66,50066,5.0,15,True,False,success,saved,True,False,False,85,15,0,0,5,15
tuned,a2c,7,deterministic,67,50067,5.0,15,True,False,success,saved,True,False,False,85,15,0,0,5,15
tuned,a2c,7,deterministic,68,50068,5.0,15,True,False,success,saved,True,False,False,85,15,0,0,5,15
tuned,a2c,7,deterministic,69,50069,5.0,15,True,False,success,saved,True,False,False,85,15,0,0,5,15
tuned,a2c,7,deterministic,70,50070,5.0,15,True,False,success,saved,True,False,False,85,15,0,0,5,15
tuned,a2c,7,deterministic,71,50071,5.0,15,True,False,success,saved,True,False,False,85,15,0,0,5,15
tuned,a2c,7,deterministic,72,50072,5.0,15,True,False,success,saved,True,False,False,85,15,0,0,5,15
tuned,a2c,7,deterministic,73,50073,5.0,15,True,False,success,saved,True,False,False,85,15,0,0,5,15
tuned,a2c,7,deterministic,74,50074,5.0,15,True,False,success,saved,True,False,False,85,15,0,0,5,15
tuned,a2c,7,deterministic,75,50075,5.0,15,True,False,success,saved,True,False,False,85,15,0,0,5,15
tuned,a2c,7,deterministic,76,50076,5.0,15,True,False,success,saved,True,False,False,85,15,0,0,5,15
tuned,a2c,7,deterministic,77,50077,5.0,15,True,False,success,saved,True,False,False,85,15,0,0,5,15
tuned,a2c,7,deterministic,78,50078,5.0,15,True,False,success,saved,True,False,False,85,15,0,0,5,15
tuned,a2c,7,deterministic,79,50079,5.0,15,True,False,success,saved,True,False,False,85,15,0,0,5,15
tuned,a2c,7,deterministic,80,50080,5.0,15,True,False,success,saved,True,False,False,85,15,0,0,5,15
tuned,a2c,7,deterministic,81,50081,5.0,15,True,False,success,saved,True,False,False,85,15,0,0,5,15
tuned,a2c,7,deterministic,82,50082,5.0,15,True,False,success,saved,True,False,False,85,15,0,0,5,15
tuned,a2c,7,deterministic,83,50083,5.0,15,True,False,success,saved,True,False,False,85,15,0,0,5,15
tuned,a2c,7,deterministic,84,50084,5.0,15,True,False,success,saved,True,False,False,85,15,0,0,5,15
tuned,a2c,7,deterministic,85,50085,5.0,15,True,False,success,saved,True,False,False,85,15,0,0,5,15
tuned,a2c,7,deterministic,86,50086,5.0,15,True,False,success,saved,True,False,False,85,15,0,0,5,15
tuned,a2c,7,deterministic,87,50087,5.0,15,True,False,success,saved,True,False,False,85,15,0,0,5,15
tuned,a2c,7,deterministic,88,50088,5.0,15,True,False,success,saved,True,False,False,85,15,0,0,5,15
tuned,a2c,7,deterministic,89,50089,5.0,15,True,False,success,saved,True,False,False,85,15,0,0,5,15
tuned,a2c,7,deterministic,90,50090,5.0,15,True,False,success,saved,True,False,False,85,15,0,0,5,15
tuned,a2c,7,deterministic,91,50091,5.0,15,True,False,success,saved,True,False,False,85,15,0,0,5,15
tuned,a2c,7,deterministic,92,50092,5.0,15,True,False,success,saved,True,False,False,85,15,0,0,5,15
tuned,a2c,7,deterministic,93,50093,5.0,15,True,False,success,saved,True,False,False,85,15,0,0,5,15
tuned,a2c,7,deterministic,94,50094,5.0,15,True,False,success,saved,True,False,False,85,15,0,0,5,15
tuned,a2c,7,deterministic,95,50095,5.0,15,True,False,success,saved,True,False,False,85,15,0,0,5,15
tuned,a2c,7,deterministic,96,50096,5.0,15,True,False,success,saved,True,False,False,85,15,0,0,5,15
tuned,a2c,7,deterministic,97,50097,5.0,15,True,False,success,saved,True,False,False,85,15,0,0,5,15
tuned,a2c,7,deterministic,98,50098,5.0,15,True,False,success,saved,True,False,False,85,15,0,0,5,15
tuned,a2c,7,deterministic,99,50099,5.0,15,True,False,success,saved,True,False,False,85,15,0,0,5,15
tuned,a2c,7,stochastic,0,50000,5.0,15,True,False,success,saved,True,False,False,85,15,0,0,5,15
tuned,a2c,7,stochastic,1,50001,5.0,15,True,False,success,saved,True,False,False,85,15,0,0,5,15
tuned,a2c,7,stochastic,2,50002,5.0,15,True,False,success,saved,True,False,False,85,15,0,0,5,15
tuned,a2c,7,stochastic,3,50003,5.0,15,True,False,success,saved,True,False,False,85,15,0,0,5,15
tuned,a2c,7,stochastic,4,50004,5.0,15,True,False,success,saved,True,False,False,85,15,0,0,5,15
tuned,a2c,7,stochastic,5,50005,5.0,15,True,False,success,saved,True,False,False,85,15,0,0,5,15
tuned,a2c,7,stochastic,6,50006,5.0,15,True,False,success,saved,True,False,False,85,15,0,0,5,15
tuned,a2c,7,stochastic,7,50007,5.0,15,True,False,success,saved,True,False,False,85,15,0,0,5,15
tuned,a2c,7,stochastic,8,50008,5.0,15,True,False,success,saved,True,False,False,85,15,0,0,5,15
tuned,a2c,7,stochastic,9,50009,5.0,15,True,False,success,saved,True,False,False,85,15,0,0,5,15
tuned,a2c,7,stochastic,10,50010,5.0,15,True,False,success,saved,True,False,False,85,15,0,0,5,15
tuned,a2c,7,stochastic,11,50011,5.0,15,True,False,success,saved,True,False,False,85,15,0,0,5,15
tuned,a2c,7,stochastic,12,50012,5.0,15,True,False,success,saved,True,False,False,85,15,0,0,5,15
tuned,a2c,7,stochastic,13,50013,5.0,15,True,False,success,saved,True,False,False,85,15,0,0,5,15
tuned,a2c,7,stochastic,14,50014,5.0,15,True,False,success,saved,True,False,False,85,15,0,0,5,15
tuned,a2c,7,stochastic,15,50015,4.0,16,True,False,success,saved,True,False,False,70,30,1,0,5,16
tuned,a2c,7,stochastic,16,50016,5.0,15,True,False,success,saved,True,False,False,85,15,0,0,5,15
tuned,a2c,7,stochastic,17,50017,5.0,15,True,False,success,saved,True,False,False,85,15,0,0,5,15
tuned,a2c,7,stochastic,18,50018,5.0,15,True,False,success,saved,True,False,False,85,15,0,0,5,15
tuned,a2c,7,stochastic,19,50019,5.0,15,True,False,success,saved,True,False,False,85,15,0,0,5,15
tuned,a2c,7,stochastic,20,50020,5.0,15,True,False,success,saved,True,False,False,85,15,0,0,5,15
tuned,a2c,7,stochastic,21,50021,5.0,15,True,False,success,saved,True,False,False,85,15,0,0,5,15
tuned,a2c,7,stochastic,22,50022,5.0,15,True,False,success,saved,True,False,False,85,15,0,0,5,15
tuned,a2c,7,stochastic,23,50023,5.0,15,True,False,success,saved,True,False,False,85,15,0,0,5,15
tuned,a2c,7,stochastic,24,50024,5.0,15,True,False,success,saved,True,False,False,85,15,0,0,5,15
tuned,a2c,7,stochastic,25,50025,5.0,15,True,False,success,saved,True,False,False,85,15,0,0,5,15
tuned,a2c,7,stochastic,26,50026,5.0,15,True,False,success,saved,True,False,False,85,15,0,0,5,15
tuned,a2c,7,stochastic,27,50027,5.0,15,True,False,success,saved,True,False,False,85,15,0,0,5,15
tuned,a2c,7,stochastic,28,50028,5.0,15,True,False,success,saved,True,False,False,85,15,0,0,5,15
tuned,a2c,7,stochastic,29,50029,5.0,15,True,False,success,saved,True,False,False,85,15,0,0,5,15
tuned,a2c,7,stochastic,30,50030,5.0,15,True,False,success,saved,True,False,False,85,15,0,0,5,15
tuned,a2c,7,stochastic,31,50031,5.0,15,True,False,success,saved,True,False,False,85,15,0,0,5,15
tuned,a2c,7,stochastic,32,50032,5.0,15,True,False,success,saved,True,False,False,85,15,0,0,5,15
tuned,a2c,7,stochastic,33,50033,5.0,15,True,False,success,saved,True,False,False,85,15,0,0,5,15
tuned,a2c,7,stochastic,34,50034,5.0,15,True,False,success,saved,True,False,False,85,15,0,0,5,15
tuned,a2c,7,stochastic,35,50035,5.0,15,True,False,success,saved,True,False,False,85,15,0,0,5,15
tuned,a2c,7,stochastic,36,50036,5.0,15,True,False,success,saved,True,False,False,85,15,0,0,5,15
tuned,a2c,7,stochastic,37,50037,5.0,15,True,False,success,saved,True,False,False,85,15,0,0,5,15
tuned,a2c,7,stochastic,38,50038,5.0,15,True,False,success,saved,True,False,False,85,15,0,0,5,15
tuned,a2c,7,stochastic,39,50039,5.0,15,True,False,success,saved,True,False,False,85,15,0,0,5,15
tuned,a2c,7,stochastic,40,50040,5.0,15,True,False,success,saved,True,False,False,85,15,0,0,5,15
tuned,a2c,7,stochastic,41,50041,5.0,15,True,False,success,saved,True,False,False,85,15,0,0,5,15
tuned,a2c,7,stochastic,42,50042,5.0,15,True,False,success,saved,True,False,False,85,15,0,0,5,15
tuned,a2c,7,stochastic,43,50043,5.0,15,True,False,success,saved,True,False,False,85,15,0,0,5,15
tuned,a2c,7,stochastic,44,50044,5.0,15,True,False,success,saved,True,False,False,85,15,0,0,5,15
tuned,a2c,7,stochastic,45,50045,5.0,15,True,False,success,saved,True,False,False,85,15,0,0,5,15
tuned,a2c,7,stochastic,46,50046,5.0,15,True,False,success,saved,True,False,False,85,15,0,0,5,15
tuned,a2c,7,stochastic,47,50047,5.0,15,True,False,success,saved,True,False,False,85,15,0,0,5,15
tuned,a2c,7,stochastic,48,50048,5.0,15,True,False,success,saved,True,False,False,85,15,0,0,5,15
tuned,a2c,7,stochastic,49,50049,5.0,15,True,False,success,saved,True,False,False,85,15,0,0,5,15
tuned,a2c,7,stochastic,50,50050,5.0,15,True,False,success,saved,True,False,False,85,15,0,0,5,15
tuned,a2c,7,stochastic,51,50051,5.0,15,True,False,success,saved,True,False,False,85,15,0,0,5,15
tuned,a2c,7,stochastic,52,50052,5.0,15,True,False,success,saved,True,False,False,85,15,0,0,5,15
tuned,a2c,7,stochastic,53,50053,5.0,15,True,False,success,saved,True,False,False,85,15,0,0,5,15
tuned,a2c,7,stochastic,54,50054,5.0,15,True,False,success,saved,True,False,False,85,15,0,0,5,15
tuned,a2c,7,stochastic,55,50055,5.0,15,True,False,success,saved,True,False,False,85,15,0,0,5,15
tuned,a2c,7,stochastic,56,50056,5.0,15,True,False,success,saved,True,False,False,85,15,0,0,5,15
tuned,a2c,7,stochastic,57,50057,5.0,15,True,False,success,saved,True,False,False,85,15,0,0,5,15
tuned,a2c,7,stochastic,58,50058,5.0,15,True,False,success,saved,True,False,False,85,15,0,0,5,15
tuned,a2c,7,stochastic,59,50059,5.0,15,True,False,success,saved,True,False,False,85,15,0,0,5,15
tuned,a2c,7,stochastic,60,50060,5.0,15,True,False,success,saved,True,False,False,85,15,0,0,5,15
tuned,a2c,7,stochastic,61,50061,5.0,15,True,False,success,saved,True,False,False,85,15,0,0,5,15
tuned,a2c,7,stochastic,62,50062,5.0,15,True,False,success,saved,True,False,False,85,15,0,0,5,15
tuned,a2c,7,stochastic,63,50063,5.0,15,True,False,success,saved,True,False,False,85,15,0,0,5,15
tuned,a2c,7,stochastic,64,50064,5.0,15,True,False,success,saved,True,False,False,85,15,0,0,5,15
tuned,a2c,7,stochastic,65,50065,5.0,15,True,False,success,saved,True,False,False,85,15,0,0,5,15
tuned,a2c,7,stochastic,66,50066,5.0,15,True,False,success,saved,True,False,False,85,15,0,0,5,15
tuned,a2c,7,stochastic,67,50067,5.0,15,True,False,success,saved,True,False,False,85,15,0,0,5,15
tuned,a2c,7,stochastic,68,50068,5.0,15,True,False,success,saved,True,False,False,85,15,0,0,5,15
tuned,a2c,7,stochastic,69,50069,5.0,15,True,False,success,saved,True,False,False,85,15,0,0,5,15
tuned,a2c,7,stochastic,70,50070,5.0,15,True,False,success,saved,True,False,False,85,15,0,0,5,15
tuned,a2c,7,stochastic,71,50071,5.0,15,True,False,success,saved,True,False,False,85,15,0,0,5,15
tuned,a2c,7,stochastic,72,50072,5.0,15,True,False,success,saved,True,False,False,85,15,0,0,5,15
tuned,a2c,7,stochastic,73,50073,5.0,15,True,False,success,saved,True,False,False,85,15,0,0,5,15
tuned,a2c,7,stochastic,74,50074,5.0,15,True,False,success,saved,True,False,False,85,15,0,0,5,15
tuned,a2c,7,stochastic,75,50075,5.0,15,True,False,success,saved,True,False,False,85,15,0,0,5,15
tuned,a2c,7,stochastic,76,50076,5.0,15,True,False,success,saved,True,False,False,85,15,0,0,5,15
tuned,a2c,7,stochastic,77,50077,5.0,15,True,False,success,saved,True,False,False,85,15,0,0,5,15
tuned,a2c,7,stochastic,78,50078,5.0,15,True,False,success,saved,True,False,False,85,15,0,0,5,15
tuned,a2c,7,stochastic,79,50079,5.0,15,True,False,success,saved,True,False,False,85,15,0,0,5,15
tuned,a2c,7,stochastic,80,50080,5.0,15,True,False,success,saved,True,False,False,85,15,0,0,5,15
tuned,a2c,7,stochastic,81,50081,5.0,15,True,False,success,saved,True,False,False,85,15,0,0,5,15
tuned,a2c,7,stochastic,82,50082,5.0,15,True,False,success,saved,True,False,False,85,15,0,0,5,15
tuned,a2c,7,stochastic,83,50083,5.0,15,True,False,success,saved,True,False,False,85,15,0,0,5,15
tuned,a2c,7,stochastic,84,50084,5.0,15,True,False,success,saved,True,False,False,85,15,0,0,5,15
tuned,a2c,7,stochastic,85,50085,5.0,15,True,False,success,saved,True,False,False,85,15,0,0,5,15
tuned,a2c,7,stochastic,86,50086,5.0,15,True,False,success,saved,True,False,False,85,15,0,0,5,15
tuned,a2c,7,stochastic,87,50087,5.0,15,True,False,success,saved,True,False,False,85,15,0,0,5,15
tuned,a2c,7,stochastic,88,50088,5.0,15,True,False,success,saved,True,False,False,85,15,0,0,5,15
tuned,a2c,7,stochastic,89,50089,5.0,15,True,False,success,saved,True,False,False,85,15,0,0,5,15
tuned,a2c,7,stochastic,90,50090,5.0,15,True,False,success,saved,True,False,False,85,15,0,0,5,15
tuned,a2c,7,stochastic,91,50091,5.0,15,True,False,success,saved,True,False,False,85,15,0,0,5,15
tuned,a2c,7,stochastic,92,50092,5.0,15,True,False,success,saved,True,False,False,85,15,0,0,5,15
tuned,a2c,7,stochastic,93,50093,5.0,15,True,False,success,saved,True,False,False,85,15,0,0,5,15
tuned,a2c,7,stochastic,94,50094,5.0,15,True,False,success,saved,True,False,False,85,15,0,0,5,15
tuned,a2c,7,stochastic,95,50095,5.0,15,True,False,success,saved,True,False,False,85,15,0,0,5,15
tuned,a2c,7,stochastic,96,50096,5.0,15,True,False,success,saved,True,False,False,85,15,0,0,5,15
tuned,a2c,7,stochastic,97,50097,5.0,15,True,False,success,saved,True,False,False,85,15,0,0,5,15
tuned,a2c,7,stochastic,98,50098,5.0,15,True,False,success,saved,True,False,False,85,15,0,0,5,15
tuned,a2c,7,stochastic,99,50099,5.0,15,True,False,success,saved,True,False,False,85,15,0,0,5,15
tuned,a2c,314,deterministic,0,50000,5.0,15,True,False,success,saved,True,False,False,85,15,0,0,5,15
tuned,a2c,314,deterministic,1,50001,5.0,15,True,False,success,saved,True,False,False,85,15,0,0,5,15
tuned,a2c,314,deterministic,2,50002,5.0,15,True,False,success,saved,True,False,False,85,15,0,0,5,15
tuned,a2c,314,deterministic,3,50003,5.0,15,True,False,success,saved,True,False,False,85,15,0,0,5,15
tuned,a2c,314,deterministic,4,50004,5.0,15,True,False,success,saved,True,False,False,85,15,0,0,5,15
tuned,a2c,314,deterministic,5,50005,5.0,15,True,False,success,saved,True,False,False,85,15,0,0,5,15
tuned,a2c,314,deterministic,6,50006,5.0,15,True,False,success,saved,True,False,False,85,15,0,0,5,15
tuned,a2c,314,deterministic,7,50007,5.0,15,True,False,success,saved,True,False,False,85,15,0,0,5,15
tuned,a2c,314,deterministic,8,50008,5.0,15,True,False,success,saved,True,False,False,85,15,0,0,5,15
tuned,a2c,314,deterministic,9,50009,5.0,15,True,False,success,saved,True,False,False,85,15,0,0,5,15
tuned,a2c,314,deterministic,10,50010,5.0,15,True,False,success,saved,True,False,False,85,15,0,0,5,15
tuned,a2c,314,deterministic,11,50011,5.0,15,True,False,success,saved,True,False,False,85,15,0,0,5,15
tuned,a2c,314,deterministic,12,50012,5.0,15,True,False,success,saved,True,False,False,85,15,0,0,5,15
tuned,a2c,314,deterministic,13,50013,5.0,15,True,False,success,saved,True,False,False,85,15,0,0,5,15
tuned,a2c,314,deterministic,14,50014,5.0,15,True,False,success,saved,True,False,False,85,15,0,0,5,15
tuned,a2c,314,deterministic,15,50015,5.0,15,True,False,success,saved,True,False,False,85,15,0,0,5,15
tuned,a2c,314,deterministic,16,50016,5.0,15,True,False,success,saved,True,False,False,85,15,0,0,5,15
tuned,a2c,314,deterministic,17,50017,5.0,15,True,False,success,saved,True,False,False,85,15,0,0,5,15
tuned,a2c,314,deterministic,18,50018,5.0,15,True,False,success,saved,True,False,False,85,15,0,0,5,15
tuned,a2c,314,deterministic,19,50019,5.0,15,True,False,success,saved,True,False,False,85,15,0,0,5,15
tuned,a2c,314,deterministic,20,50020,5.0,15,True,False,success,saved,True,False,False,85,15,0,0,5,15
tuned,a2c,314,deterministic,21,50021,5.0,15,True,False,success,saved,True,False,False,85,15,0,0,5,15
tuned,a2c,314,deterministic,22,50022,5.0,15,True,False,success,saved,True,False,False,85,15,0,0,5,15
tuned,a2c,314,deterministic,23,50023,5.0,15,True,False,success,saved,True,False,False,85,15,0,0,5,15
tuned,a2c,314,deterministic,24,50024,5.0,15,True,False,success,saved,True,False,False,85,15,0,0,5,15
tuned,a2c,314,deterministic,25,50025,5.0,15,True,False,success,saved,True,False,False,85,15,0,0,5,15
tuned,a2c,314,deterministic,26,50026,5.0,15,True,False,success,saved,True,False,False,85,15,0,0,5,15
tuned,a2c,314,deterministic,27,50027,5.0,15,True,False,success,saved,True,False,False,85,15,0,0,5,15
tuned,a2c,314,deterministic,28,50028,5.0,15,True,False,success,saved,True,False,False,85,15,0,0,5,15
tuned,a2c,314,deterministic,29,50029,5.0,15,True,False,success,saved,True,False,False,85,15,0,0,5,15
tuned,a2c,314,deterministic,30,50030,5.0,15,True,False,success,saved,True,False,False,85,15,0,0,5,15
tuned,a2c,314,deterministic,31,50031,5.0,15,True,False,success,saved,True,False,False,85,15,0,0,5,15
tuned,a2c,314,deterministic,32,50032,5.0,15,True,False,success,saved,True,False,False,85,15,0,0,5,15
tuned,a2c,314,deterministic,33,50033,5.0,15,True,False,success,saved,True,False,False,85,15,0,0,5,15
tuned,a2c,314,deterministic,34,50034,5.0,15,True,False,success,saved,True,False,False,85,15,0,0,5,15
tuned,a2c,314,deterministic,35,50035,5.0,15,True,False,success,saved,True,False,False,85,15,0,0,5,15
tuned,a2c,314,deterministic,36,50036,5.0,15,True,False,success,saved,True,False,False,85,15,0,0,5,15
tuned,a2c,314,deterministic,37,50037,5.0,15,True,False,success,saved,True,False,False,85,15,0,0,5,15
tuned,a2c,314,deterministic,38,50038,5.0,15,True,False,success,saved,True,False,False,85,15,0,0,5,15
tuned,a2c,314,deterministic,39,50039,5.0,15,True,False,success,saved,True,False,False,85,15,0,0,5,15
tuned,a2c,314,deterministic,40,50040,5.0,15,True,False,success,saved,True,False,False,85,15,0,0,5,15
tuned,a2c,314,deterministic,41,50041,5.0,15,True,False,success,saved,True,False,False,85,15,0,0,5,15
tuned,a2c,314,deterministic,42,50042,5.0,15,True,False,success,saved,True,False,False,85,15,0,0,5,15
tuned,a2c,314,deterministic,43,50043,5.0,15,True,False,success,saved,True,False,False,85,15,0,0,5,15
tuned,a2c,314,deterministic,44,50044,5.0,15,True,False,success,saved,True,False,False,85,15,0,0,5,15
tuned,a2c,314,deterministic,45,50045,5.0,15,True,False,success,saved,True,False,False,85,15,0,0,5,15
tuned,a2c,314,deterministic,46,50046,5.0,15,True,False,success,saved,True,False,False,85,15,0,0,5,15
tuned,a2c,314,deterministic,47,50047,5.0,15,True,False,success,saved,True,False,False,85,15,0,0,5,15
tuned,a2c,314,deterministic,48,50048,5.0,15,True,False,success,saved,True,False,False,85,15,0,0,5,15
tuned,a2c,314,deterministic,49,50049,5.0,15,True,False,success,saved,True,False,False,85,15,0,0,5,15
tuned,a2c,314,deterministic,50,50050,5.0,15,True,False,success,saved,True,False,False,85,15,0,0,5,15
tuned,a2c,314,deterministic,51,50051,5.0,15,True,False,success,saved,True,False,False,85,15,0,0,5,15
tuned,a2c,314,deterministic,52,50052,5.0,15,True,False,success,saved,True,False,False,85,15,0,0,5,15
tuned,a2c,314,deterministic,53,50053,5.0,15,True,False,success,saved,True,False,False,85,15,0,0,5,15
tuned,a2c,314,deterministic,54,50054,5.0,15,True,False,success,saved,True,False,False,85,15,0,0,5,15
tuned,a2c,314,deterministic,55,50055,5.0,15,True,False,success,saved,True,False,False,85,15,0,0,5,15
tuned,a2c,314,deterministic,56,50056,5.0,15,True,False,success,saved,True,False,False,85,15,0,0,5,15
tuned,a2c,314,deterministic,57,50057,5.0,15,True,False,success,saved,True,False,False,85,15,0,0,5,15
tuned,a2c,314,deterministic,58,50058,5.0,15,True,False,success,saved,True,False,False,85,15,0,0,5,15
tuned,a2c,314,deterministic,59,50059,5.0,15,True,False,success,saved,True,False,False,85,15,0,0,5,15
tuned,a2c,314,deterministic,60,50060,5.0,15,True,False,success,saved,True,False,False,85,15,0,0,5,15
tuned,a2c,314,deterministic,61,50061,5.0,15,True,False,success,saved,True,False,False,85,15,0,0,5,15
tuned,a2c,314,deterministic,62,50062,5.0,15,True,False,success,saved,True,False,False,85,15,0,0,5,15
tuned,a2c,314,deterministic,63,50063,5.0,15,True,False,success,saved,True,False,False,85,15,0,0,5,15
tuned,a2c,314,deterministic,64,50064,5.0,15,True,False,success,saved,True,False,False,85,15,0,0,5,15
tuned,a2c,314,deterministic,65,50065,5.0,15,True,False,success,saved,True,False,False,85,15,0,0,5,15
tuned,a2c,314,deterministic,66,50066,5.0,15,True,False,success,saved,True,False,False,85,15,0,0,5,15
tuned,a2c,314,deterministic,67,50067,5.0,15,True,False,success,saved,True,False,False,85,15,0,0,5,15
tuned,a2c,314,deterministic,68,50068,5.0,15,True,False,success,saved,True,False,False,85,15,0,0,5,15
tuned,a2c,314,deterministic,69,50069,5.0,15,True,False,success,saved,True,False,False,85,15,0,0,5,15
tuned,a2c,314,deterministic,70,50070,5.0,15,True,False,success,saved,True,False,False,85,15,0,0,5,15
tuned,a2c,314,deterministic,71,50071,5.0,15,True,False,success,saved,True,False,False,85,15,0,0,5,15
tuned,a2c,314,deterministic,72,50072,5.0,15,True,False,success,saved,True,False,False,85,15,0,0,5,15
tuned,a2c,314,deterministic,73,50073,5.0,15,True,False,success,saved,True,False,False,85,15,0,0,5,15
tuned,a2c,314,deterministic,74,50074,5.0,15,True,False,success,saved,True,False,False,85,15,0,0,5,15
tuned,a2c,314,deterministic,75,50075,5.0,15,True,False,success,saved,True,False,False,85,15,0,0,5,15
tuned,a2c,314,deterministic,76,50076,5.0,15,True,False,success,saved,True,False,False,85,15,0,0,5,15
tuned,a2c,314,deterministic,77,50077,5.0,15,True,False,success,saved,True,False,False,85,15,0,0,5,15
tuned,a2c,314,deterministic,78,50078,5.0,15,True,False,success,saved,True,False,False,85,15,0,0,5,15
tuned,a2c,314,deterministic,79,50079,5.0,15,True,False,success,saved,True,False,False,85,15,0,0,5,15
tuned,a2c,314,deterministic,80,50080,5.0,15,True,False,success,saved,True,False,False,85,15,0,0,5,15
tuned,a2c,314,deterministic,81,50081,5.0,15,True,False,success,saved,True,False,False,85,15,0,0,5,15
tuned,a2c,314,deterministic,82,50082,5.0,15,True,False,success,saved,True,False,False,85,15,0,0,5,15
tuned,a2c,314,deterministic,83,50083,5.0,15,True,False,success,saved,True,False,False,85,15,0,0,5,15
tuned,a2c,314,deterministic,84,50084,5.0,15,True,False,success,saved,True,False,False,85,15,0,0,5,15
tuned,a2c,314,deterministic,85,50085,5.0,15,True,False,success,saved,True,False,False,85,15,0,0,5,15
tuned,a2c,314,deterministic,86,50086,5.0,15,True,False,success,saved,True,False,False,85,15,0,0,5,15
tuned,a2c,314,deterministic,87,50087,5.0,15,True,False,success,saved,True,False,False,85,15,0,0,5,15
tuned,a2c,314,deterministic,88,50088,5.0,15,True,False,success,saved,True,False,False,85,15,0,0,5,15
tuned,a2c,314,deterministic,89,50089,5.0,15,True,False,success,saved,True,False,False,85,15,0,0,5,15
tuned,a2c,314,deterministic,90,50090,5.0,15,True,False,success,saved,True,False,False,85,15,0,0,5,15
tuned,a2c,314,deterministic,91,50091,5.0,15,True,False,success,saved,True,False,False,85,15,0,0,5,15
tuned,a2c,314,deterministic,92,50092,5.0,15,True,False,success,saved,True,False,False,85,15,0,0,5,15
tuned,a2c,314,deterministic,93,50093,5.0,15,True,False,success,saved,True,False,False,85,15,0,0,5,15
tuned,a2c,314,deterministic,94,50094,5.0,15,True,False,success,saved,True,False,False,85,15,0,0,5,15
tuned,a2c,314,deterministic,95,50095,5.0,15,True,False,success,saved,True,False,False,85,15,0,0,5,15
tuned,a2c,314,deterministic,96,50096,5.0,15,True,False,success,saved,True,False,False,85,15,0,0,5,15
tuned,a2c,314,deterministic,97,50097,5.0,15,True,False,success,saved,True,False,False,85,15,0,0,5,15
tuned,a2c,314,deterministic,98,50098,5.0,15,True,False,success,saved,True,False,False,85,15,0,0,5,15
tuned,a2c,314,deterministic,99,50099,5.0,15,True,False,success,saved,True,False,False,85,15,0,0,5,15
tuned,a2c,314,stochastic,0,50000,5.0,15,True,False,success,saved,True,False,False,85,15,0,0,5,15
tuned,a2c,314,stochastic,1,50001,5.0,15,True,False,success,saved,True,False,False,85,15,0,0,5,15
tuned,a2c,314,stochastic,2,50002,5.0,15,True,False,success,saved,True,False,False,85,15,0,0,5,15
tuned,a2c,314,stochastic,3,50003,5.0,15,True,False,success,saved,True,False,False,85,15,0,0,5,15
tuned,a2c,314,stochastic,4,50004,5.0,15,True,False,success,saved,True,False,False,85,15,0,0,5,15
tuned,a2c,314,stochastic,5,50005,5.0,15,True,False,success,saved,True,False,False,85,15,0,0,5,15
tuned,a2c,314,stochastic,6,50006,5.0,15,True,False,success,saved,True,False,False,85,15,0,0,5,15
tuned,a2c,314,stochastic,7,50007,5.0,15,True,False,success,saved,True,False,False,85,15,0,0,5,15
tuned,a2c,314,stochastic,8,50008,5.0,15,True,False,success,saved,True,False,False,85,15,0,0,5,15
tuned,a2c,314,stochastic,9,50009,5.0,15,True,False,success,saved,True,False,False,85,15,0,0,5,15
tuned,a2c,314,stochastic,10,50010,5.0,15,True,False,success,saved,True,False,False,85,15,0,0,5,15
tuned,a2c,314,stochastic,11,50011,5.0,15,True,False,success,saved,True,False,False,85,15,0,0,5,15
tuned,a2c,314,stochastic,12,50012,5.0,15,True,False,success,saved,True,False,False,85,15,0,0,5,15
tuned,a2c,314,stochastic,13,50013,5.0,15,True,False,success,saved,True,False,False,85,15,0,0,5,15
tuned,a2c,314,stochastic,14,50014,5.0,15,True,False,success,saved,True,False,False,85,15,0,0,5,15
tuned,a2c,314,stochastic,15,50015,5.0,15,True,False,success,saved,True,False,False,85,15,0,0,5,15
tuned,a2c,314,stochastic,16,50016,5.0,15,True,False,success,saved,True,False,False,85,15,0,0,5,15
tuned,a2c,314,stochastic,17,50017,5.0,15,True,False,success,saved,True,False,False,85,15,0,0,5,15
tuned,a2c,314,stochastic,18,50018,5.0,15,True,False,success,saved,True,False,False,85,15,0,0,5,15
tuned,a2c,314,stochastic,19,50019,5.0,15,True,False,success,saved,True,False,False,85,15,0,0,5,15
tuned,a2c,314,stochastic,20,50020,5.0,15,True,False,success,saved,True,False,False,85,15,0,0,5,15
tuned,a2c,314,stochastic,21,50021,5.0,15,True,False,success,saved,True,False,False,85,15,0,0,5,15
tuned,a2c,314,stochastic,22,50022,5.0,15,True,False,success,saved,True,False,False,85,15,0,0,5,15
tuned,a2c,314,stochastic,23,50023,5.0,15,True,False,success,saved,True,False,False,85,15,0,0,5,15
tuned,a2c,314,stochastic,24,50024,5.0,15,True,False,success,saved,True,False,False,85,15,0,0,5,15
tuned,a2c,314,stochastic,25,50025,5.0,15,True,False,success,saved,True,False,False,85,15,0,0,5,15
tuned,a2c,314,stochastic,26,50026,5.0,15,True,False,success,saved,True,False,False,85,15,0,0,5,15
tuned,a2c,314,stochastic,27,50027,5.0,15,True,False,success,saved,True,False,False,85,15,0,0,5,15
tuned,a2c,314,stochastic,28,50028,5.0,15,True,False,success,saved,True,False,False,85,15,0,0,5,15
tuned,a2c,314,stochastic,29,50029,5.0,15,True,False,success,saved,True,False,False,85,15,0,0,5,15
tuned,a2c,314,stochastic,30,50030,5.0,15,True,False,success,saved,True,False,False,85,15,0,0,5,15
tuned,a2c,314,stochastic,31,50031,5.0,15,True,False,success,saved,True,False,False,85,15,0,0,5,15
tuned,a2c,314,stochastic,32,50032,5.0,15,True,False,success,saved,True,False,False,85,15,0,0,5,15
tuned,a2c,314,stochastic,33,50033,5.0,15,True,False,success,saved,True,False,False,85,15,0,0,5,15
tuned,a2c,314,stochastic,34,50034,5.0,15,True,False,success,saved,True,False,False,85,15,0,0,5,15
tuned,a2c,314,stochastic,35,50035,5.0,15,True,False,success,saved,True,False,False,85,15,0,0,5,15
tuned,a2c,314,stochastic,36,50036,5.0,15,True,False,success,saved,True,False,False,85,15,0,0,5,15
tuned,a2c,314,stochastic,37,50037,5.0,15,True,False,success,saved,True,False,False,85,15,0,0,5,15
tuned,a2c,314,stochastic,38,50038,5.0,15,True,False,success,saved,True,False,False,85,15,0,0,5,15
tuned,a2c,314,stochastic,39,50039,5.0,15,True,False,success,saved,True,False,False,85,15,0,0,5,15
tuned,a2c,314,stochastic,40,50040,5.0,15,True,False,success,saved,True,False,False,85,15,0,0,5,15
tuned,a2c,314,stochastic,41,50041,5.0,15,True,False,success,saved,True,False,False,85,15,0,0,5,15
tuned,a2c,314,stochastic,42,50042,5.0,15,True,False,success,saved,True,False,False,85,15,0,0,5,15
tuned,a2c,314,stochastic,43,50043,5.0,15,True,False,success,saved,True,False,False,85,15,0,0,5,15
tuned,a2c,314,stochastic,44,50044,5.0,15,True,False,success,saved,True,False,False,85,15,0,0,5,15
tuned,a2c,314,stochastic,45,50045,5.0,15,True,False,success,saved,True,False,False,85,15,0,0,5,15
tuned,a2c,314,stochastic,46,50046,5.0,15,True,False,success,saved,True,False,False,85,15,0,0,5,15
tuned,a2c,314,stochastic,47,50047,5.0,15,True,False,success,saved,True,False,False,85,15,0,0,5,15
tuned,a2c,314,stochastic,48,50048,5.0,15,True,False,success,saved,True,False,False,85,15,0,0,5,15
tuned,a2c,314,stochastic,49,50049,5.0,15,True,False,success,saved,True,False,False,85,15,0,0,5,15
tuned,a2c,314,stochastic,50,50050,5.0,15,True,False,success,saved,True,False,False,85,15,0,0,5,15
tuned,a2c,314,stochastic,51,50051,5.0,15,True,False,success,saved,True,False,False,85,15,0,0,5,15
tuned,a2c,314,stochastic,52,50052,5.0,15,True,False,success,saved,True,False,False,85,15,0,0,5,15
tuned,a2c,314,stochastic,53,50053,5.0,15,True,False,success,saved,True,False,False,85,15,0,0,5,15
tuned,a2c,314,stochastic,54,50054,5.0,15,True,False,success,saved,True,False,False,85,15,0,0,5,15
tuned,a2c,314,stochastic,55,50055,5.0,15,True,False,success,saved,True,False,False,85,15,0,0,5,15
tuned,a2c,314,stochastic,56,50056,5.0,15,True,False,success,saved,True,False,False,85,15,0,0,5,15
tuned,a2c,314,stochastic,57,50057,5.0,15,True,False,success,saved,True,False,False,85,15,0,0,5,15
tuned,a2c,314,stochastic,58,50058,5.0,15,True,False,success,saved,True,False,False,85,15,0,0,5,15
tuned,a2c,314,stochastic,59,50059,5.0,15,True,False,success,saved,True,False,False,85,15,0,0,5,15
tuned,a2c,314,stochastic,60,50060,5.0,15,True,False,success,saved,True,False,False,85,15,0,0,5,15
tuned,a2c,314,stochastic,61,50061,5.0,15,True,False,success,saved,True,False,False,85,15,0,0,5,15
tuned,a2c,314,stochastic,62,50062,5.0,15,True,False,success,saved,True,False,False,85,15,0,0,5,15
tuned,a2c,314,stochastic,63,50063,5.0,15,True,False,success,saved,True,False,False,85,15,0,0,5,15
tuned,a2c,314,stochastic,64,50064,5.0,15,True,False,success,saved,True,False,False,85,15,0,0,5,15
tuned,a2c,314,stochastic,65,50065,5.0,15,True,False,success,saved,True,False,False,85,15,0,0,5,15
tuned,a2c,314,stochastic,66,50066,5.0,15,True,False,success,saved,True,False,False,85,15,0,0,5,15
tuned,a2c,314,stochastic,67,50067,5.0,15,True,False,success,saved,True,False,False,85,15,0,0,5,15
tuned,a2c,314,stochastic,68,50068,5.0,15,True,False,success,saved,True,False,False,85,15,0,0,5,15
tuned,a2c,314,stochastic,69,50069,5.0,15,True,False,success,saved,True,False,False,85,15,0,0,5,15
tuned,a2c,314,stochastic,70,50070,5.0,15,True,False,success,saved,True,False,False,85,15,0,0,5,15
tuned,a2c,314,stochastic,71,50071,5.0,15,True,False,success,saved,True,False,False,85,15,0,0,5,15
tuned,a2c,314,stochastic,72,50072,5.0,15,True,False,success,saved,True,False,False,85,15,0,0,5,15
tuned,a2c,314,stochastic,73,50073,5.0,15,True,False,success,saved,True,False,False,85,15,0,0,5,15
tuned,a2c,314,stochastic,74,50074,5.0,15,True,False,success,saved,True,False,False,85,15,0,0,5,15
tuned,a2c,314,stochastic,75,50075,5.0,15,True,False,success,saved,True,False,False,85,15,0,0,5,15
tuned,a2c,314,stochastic,76,50076,5.0,15,True,False,success,saved,True,False,False,85,15,0,0,5,15
tuned,a2c,314,stochastic,77,50077,5.0,15,True,False,success,saved,True,False,False,85,15,0,0,5,15
tuned,a2c,314,stochastic,78,50078,5.0,15,True,False,success,saved,True,False,False,85,15,0,0,5,15
tuned,a2c,314,stochastic,79,50079,5.0,15,True,False,success,saved,True,False,False,85,15,0,0,5,15
tuned,a2c,314,stochastic,80,50080,5.0,15,True,False,success,saved,True,False,False,85,15,0,0,5,15
tuned,a2c,314,stochastic,81,50081,5.0,15,True,False,success,saved,True,False,False,85,15,0,0,5,15
tuned,a2c,314,stochastic,82,50082,5.0,15,True,False,success,saved,True,False,False,85,15,0,0,5,15
tuned,a2c,314,stochastic,83,50083,5.0,15,True,False,success,saved,True,False,False,85,15,0,0,5,15
tuned,a2c,314,stochastic,84,50084,5.0,15,True,False,success,saved,True,False,False,85,15,0,0,5,15
tuned,a2c,314,stochastic,85,50085,5.0,15,True,False,success,saved,True,False,False,85,15,0,0,5,15
tuned,a2c,314,stochastic,86,50086,5.0,15,True,False,success,saved,True,False,False,85,15,0,0,5,15
tuned,a2c,314,stochastic,87,50087,5.0,15,True,False,success,saved,True,False,False,85,15,0,0,5,15
tuned,a2c,314,stochastic,88,50088,5.0,15,True,False,success,saved,True,False,False,85,15,0,0,5,15
tuned,a2c,314,stochastic,89,50089,5.0,15,True,False,success,saved,True,False,False,85,15,0,0,5,15
tuned,a2c,314,stochastic,90,50090,5.0,15,True,False,success,saved,True,False,False,85,15,0,0,5,15
tuned,a2c,314,stochastic,91,50091,5.0,15,True,False,success,saved,True,False,False,85,15,0,0,5,15
tuned,a2c,314,stochastic,92,50092,5.0,15,True,False,success,saved,True,False,False,85,15,0,0,5,15
tuned,a2c,314,stochastic,93,50093,5.0,15,True,False,success,saved,True,False,False,85,15,0,0,5,15
tuned,a2c,314,stochastic,94,50094,5.0,15,True,False,success,saved,True,False,False,85,15,0,0,5,15
tuned,a2c,314,stochastic,95,50095,5.0,15,True,False,success,saved,True,False,False,85,15,0,0,5,15
tuned,a2c,314,stochastic,96,50096,5.0,15,True,False,success,saved,True,False,False,85,15,0,0,5,15
tuned,a2c,314,stochastic,97,50097,5.0,15,True,False,success,saved,True,False,False,85,15,0,0,5,15
tuned,a2c,314,stochastic,98,50098,5.0,15,True,False,success,saved,True,False,False,85,15,0,0,5,15
tuned,a2c,314,stochastic,99,50099,5.0,15,True,False,success,saved,True,False,False,85,15,0,0,5,15
default,a2c,42,deterministic,0,50000,5.0,15,True,False,success,saved,True,False,False,85,15,0,0,5,15
default,a2c,42,deterministic,1,50001,5.0,15,True,False,success,saved,True,False,False,85,15,0,0,5,15
default,a2c,42,deterministic,2,50002,5.0,15,True,False,success,saved,True,False,False,85,15,0,0,5,15
default,a2c,42,deterministic,3,50003,5.0,15,True,False,success,saved,True,False,False,85,15,0,0,5,15
default,a2c,42,deterministic,4,50004,5.0,15,True,False,success,saved,True,False,False,85,15,0,0,5,15
default,a2c,42,deterministic,5,50005,5.0,15,True,False,success,saved,True,False,False,85,15,0,0,5,15
default,a2c,42,deterministic,6,50006,5.0,15,True,False,success,saved,True,False,False,85,15,0,0,5,15
default,a2c,42,deterministic,7,50007,5.0,15,True,False,success,saved,True,False,False,85,15,0,0,5,15
default,a2c,42,deterministic,8,50008,5.0,15,True,False,success,saved,True,False,False,85,15,0,0,5,15
default,a2c,42,deterministic,9,50009,5.0,15,True,False,success,saved,True,False,False,85,15,0,0,5,15
default,a2c,42,deterministic,10,50010,5.0,15,True,False,success,saved,True,False,False,85,15,0,0,5,15
default,a2c,42,deterministic,11,50011,5.0,15,True,False,success,saved,True,False,False,85,15,0,0,5,15
default,a2c,42,deterministic,12,50012,5.0,15,True,False,success,saved,True,False,False,85,15,0,0,5,15
default,a2c,42,deterministic,13,50013,5.0,15,True,False,success,saved,True,False,False,85,15,0,0,5,15
default,a2c,42,deterministic,14,50014,5.0,15,True,False,success,saved,True,False,False,85,15,0,0,5,15
default,a2c,42,deterministic,15,50015,5.0,15,True,False,success,saved,True,False,False,85,15,0,0,5,15
default,a2c,42,deterministic,16,50016,5.0,15,True,False,success,saved,True,False,False,85,15,0,0,5,15
default,a2c,42,deterministic,17,50017,5.0,15,True,False,success,saved,True,False,False,85,15,0,0,5,15
default,a2c,42,deterministic,18,50018,5.0,15,True,False,success,saved,True,False,False,85,15,0,0,5,15
default,a2c,42,deterministic,19,50019,5.0,15,True,False,success,saved,True,False,False,85,15,0,0,5,15
default,a2c,42,deterministic,20,50020,5.0,15,True,False,success,saved,True,False,False,85,15,0,0,5,15
default,a2c,42,deterministic,21,50021,5.0,15,True,False,success,saved,True,False,False,85,15,0,0,5,15
default,a2c,42,deterministic,22,50022,5.0,15,True,False,success,saved,True,False,False,85,15,0,0,5,15
default,a2c,42,deterministic,23,50023,5.0,15,True,False,success,saved,True,False,False,85,15,0,0,5,15
default,a2c,42,deterministic,24,50024,5.0,15,True,False,success,saved,True,False,False,85,15,0,0,5,15
default,a2c,42,deterministic,25,50025,5.0,15,True,False,success,saved,True,False,False,85,15,0,0,5,15
default,a2c,42,deterministic,26,50026,5.0,15,True,False,success,saved,True,False,False,85,15,0,0,5,15
default,a2c,42,deterministic,27,50027,5.0,15,True,False,success,saved,True,False,False,85,15,0,0,5,15
default,a2c,42,deterministic,28,50028,5.0,15,True,False,success,saved,True,False,False,85,15,0,0,5,15
default,a2c,42,deterministic,29,50029,5.0,15,True,False,success,saved,True,False,False,85,15,0,0,5,15
default,a2c,42,deterministic,30,50030,5.0,15,True,False,success,saved,True,False,False,85,15,0,0,5,15
default,a2c,42,deterministic,31,50031,5.0,15,True,False,success,saved,True,False,False,85,15,0,0,5,15
default,a2c,42,deterministic,32,50032,5.0,15,True,False,success,saved,True,False,False,85,15,0,0,5,15
default,a2c,42,deterministic,33,50033,5.0,15,True,False,success,saved,True,False,False,85,15,0,0,5,15
default,a2c,42,deterministic,34,50034,5.0,15,True,False,success,saved,True,False,False,85,15,0,0,5,15
default,a2c,42,deterministic,35,50035,5.0,15,True,False,success,saved,True,False,False,85,15,0,0,5,15
default,a2c,42,deterministic,36,50036,5.0,15,True,False,success,saved,True,False,False,85,15,0,0,5,15
default,a2c,42,deterministic,37,50037,5.0,15,True,False,success,saved,True,False,False,85,15,0,0,5,15
default,a2c,42,deterministic,38,50038,5.0,15,True,False,success,saved,True,False,False,85,15,0,0,5,15
default,a2c,42,deterministic,39,50039,5.0,15,True,False,success,saved,True,False,False,85,15,0,0,5,15
default,a2c,42,deterministic,40,50040,5.0,15,True,False,success,saved,True,False,False,85,15,0,0,5,15
default,a2c,42,deterministic,41,50041,5.0,15,True,False,success,saved,True,False,False,85,15,0,0,5,15
default,a2c,42,deterministic,42,50042,5.0,15,True,False,success,saved,True,False,False,85,15,0,0,5,15
default,a2c,42,deterministic,43,50043,5.0,15,True,False,success,saved,True,False,False,85,15,0,0,5,15
default,a2c,42,deterministic,44,50044,5.0,15,True,False,success,saved,True,False,False,85,15,0,0,5,15
default,a2c,42,deterministic,45,50045,5.0,15,True,False,success,saved,True,False,False,85,15,0,0,5,15
default,a2c,42,deterministic,46,50046,5.0,15,True,False,success,saved,True,False,False,85,15,0,0,5,15
default,a2c,42,deterministic,47,50047,5.0,15,True,False,success,saved,True,False,False,85,15,0,0,5,15
default,a2c,42,deterministic,48,50048,5.0,15,True,False,success,saved,True,False,False,85,15,0,0,5,15
default,a2c,42,deterministic,49,50049,5.0,15,True,False,success,saved,True,False,False,85,15,0,0,5,15
default,a2c,42,deterministic,50,50050,5.0,15,True,False,success,saved,True,False,False,85,15,0,0,5,15
default,a2c,42,deterministic,51,50051,5.0,15,True,False,success,saved,True,False,False,85,15,0,0,5,15
default,a2c,42,deterministic,52,50052,5.0,15,True,False,success,saved,True,False,False,85,15,0,0,5,15
default,a2c,42,deterministic,53,50053,5.0,15,True,False,success,saved,True,False,False,85,15,0,0,5,15
default,a2c,42,deterministic,54,50054,5.0,15,True,False,success,saved,True,False,False,85,15,0,0,5,15
default,a2c,42,deterministic,55,50055,5.0,15,True,False,success,saved,True,False,False,85,15,0,0,5,15
default,a2c,42,deterministic,56,50056,5.0,15,True,False,success,saved,True,False,False,85,15,0,0,5,15
default,a2c,42,deterministic,57,50057,5.0,15,True,False,success,saved,True,False,False,85,15,0,0,5,15
default,a2c,42,deterministic,58,50058,5.0,15,True,False,success,saved,True,False,False,85,15,0,0,5,15
default,a2c,42,deterministic,59,50059,5.0,15,True,False,success,saved,True,False,False,85,15,0,0,5,15
default,a2c,42,deterministic,60,50060,5.0,15,True,False,success,saved,True,False,False,85,15,0,0,5,15
default,a2c,42,deterministic,61,50061,5.0,15,True,False,success,saved,True,False,False,85,15,0,0,5,15
default,a2c,42,deterministic,62,50062,5.0,15,True,False,success,saved,True,False,False,85,15,0,0,5,15
default,a2c,42,deterministic,63,50063,5.0,15,True,False,success,saved,True,False,False,85,15,0,0,5,15
default,a2c,42,deterministic,64,50064,5.0,15,True,False,success,saved,True,False,False,85,15,0,0,5,15
default,a2c,42,deterministic,65,50065,5.0,15,True,False,success,saved,True,False,False,85,15,0,0,5,15
default,a2c,42,deterministic,66,50066,5.0,15,True,False,success,saved,True,False,False,85,15,0,0,5,15
default,a2c,42,deterministic,67,50067,5.0,15,True,False,success,saved,True,False,False,85,15,0,0,5,15
default,a2c,42,deterministic,68,50068,5.0,15,True,False,success,saved,True,False,False,85,15,0,0,5,15
default,a2c,42,deterministic,69,50069,5.0,15,True,False,success,saved,True,False,False,85,15,0,0,5,15
default,a2c,42,deterministic,70,50070,5.0,15,True,False,success,saved,True,False,False,85,15,0,0,5,15
default,a2c,42,deterministic,71,50071,5.0,15,True,False,success,saved,True,False,False,85,15,0,0,5,15
default,a2c,42,deterministic,72,50072,5.0,15,True,False,success,saved,True,False,False,85,15,0,0,5,15
default,a2c,42,deterministic,73,50073,5.0,15,True,False,success,saved,True,False,False,85,15,0,0,5,15
default,a2c,42,deterministic,74,50074,5.0,15,True,False,success,saved,True,False,False,85,15,0,0,5,15
default,a2c,42,deterministic,75,50075,5.0,15,True,False,success,saved,True,False,False,85,15,0,0,5,15
default,a2c,42,deterministic,76,50076,5.0,15,True,False,success,saved,True,False,False,85,15,0,0,5,15
default,a2c,42,deterministic,77,50077,5.0,15,True,False,success,saved,True,False,False,85,15,0,0,5,15
default,a2c,42,deterministic,78,50078,5.0,15,True,False,success,saved,True,False,False,85,15,0,0,5,15
default,a2c,42,deterministic,79,50079,5.0,15,True,False,success,saved,True,False,False,85,15,0,0,5,15
default,a2c,42,deterministic,80,50080,5.0,15,True,False,success,saved,True,False,False,85,15,0,0,5,15
default,a2c,42,deterministic,81,50081,5.0,15,True,False,success,saved,True,False,False,85,15,0,0,5,15
default,a2c,42,deterministic,82,50082,5.0,15,True,False,success,saved,True,False,False,85,15,0,0,5,15
default,a2c,42,deterministic,83,50083,5.0,15,True,False,success,saved,True,False,False,85,15,0,0,5,15
default,a2c,42,deterministic,84,50084,5.0,15,True,False,success,saved,True,False,False,85,15,0,0,5,15
default,a2c,42,deterministic,85,50085,5.0,15,True,False,success,saved,True,False,False,85,15,0,0,5,15
default,a2c,42,deterministic,86,50086,5.0,15,True,False,success,saved,True,False,False,85,15,0,0,5,15
default,a2c,42,deterministic,87,50087,5.0,15,True,False,success,saved,True,False,False,85,15,0,0,5,15
default,a2c,42,deterministic,88,50088,5.0,15,True,False,success,saved,True,False,False,85,15,0,0,5,15
default,a2c,42,deterministic,89,50089,5.0,15,True,False,success,saved,True,False,False,85,15,0,0,5,15
default,a2c,42,deterministic,90,50090,5.0,15,True,False,success,saved,True,False,False,85,15,0,0,5,15
default,a2c,42,deterministic,91,50091,5.0,15,True,False,success,saved,True,False,False,85,15,0,0,5,15
default,a2c,42,deterministic,92,50092,5.0,15,True,False,success,saved,True,False,False,85,15,0,0,5,15
default,a2c,42,deterministic,93,50093,5.0,15,True,False,success,saved,True,False,False,85,15,0,0,5,15
default,a2c,42,deterministic,94,50094,5.0,15,True,False,success,saved,True,False,False,85,15,0,0,5,15
default,a2c,42,deterministic,95,50095,5.0,15,True,False,success,saved,True,False,False,85,15,0,0,5,15
default,a2c,42,deterministic,96,50096,5.0,15,True,False,success,saved,True,False,False,85,15,0,0,5,15
default,a2c,42,deterministic,97,50097,5.0,15,True,False,success,saved,True,False,False,85,15,0,0,5,15
default,a2c,42,deterministic,98,50098,5.0,15,True,False,success,saved,True,False,False,85,15,0,0,5,15
default,a2c,42,deterministic,99,50099,5.0,15,True,False,success,saved,True,False,False,85,15,0,0,5,15
default,a2c,42,stochastic,0,50000,5.0,15,True,False,success,saved,True,False,False,85,15,0,0,5,15
default,a2c,42,stochastic,1,50001,5.0,15,True,False,success,saved,True,False,False,85,15,0,0,5,15
default,a2c,42,stochastic,2,50002,5.0,15,True,False,success,saved,True,False,False,85,15,0,0,5,15
default,a2c,42,stochastic,3,50003,5.0,15,True,False,success,saved,True,False,False,85,15,0,0,5,15
default,a2c,42,stochastic,4,50004,5.0,15,True,False,success,saved,True,False,False,85,15,0,0,5,15
default,a2c,42,stochastic,5,50005,5.0,15,True,False,success,saved,True,False,False,85,15,0,0,5,15
default,a2c,42,stochastic,6,50006,5.0,15,True,False,success,saved,True,False,False,85,15,0,0,5,15
default,a2c,42,stochastic,7,50007,5.0,15,True,False,success,saved,True,False,False,85,15,0,0,5,15
default,a2c,42,stochastic,8,50008,5.0,15,True,False,success,saved,True,False,False,85,15,0,0,5,15
default,a2c,42,stochastic,9,50009,5.0,15,True,False,success,saved,True,False,False,85,15,0,0,5,15
default,a2c,42,stochastic,10,50010,5.0,15,True,False,success,saved,True,False,False,85,15,0,0,5,15
default,a2c,42,stochastic,11,50011,5.0,15,True,False,success,saved,True,False,False,85,15,0,0,5,15
default,a2c,42,stochastic,12,50012,5.0,15,True,False,success,saved,True,False,False,85,15,0,0,5,15
default,a2c,42,stochastic,13,50013,5.0,15,True,False,success,saved,True,False,False,85,15,0,0,5,15
default,a2c,42,stochastic,14,50014,5.0,15,True,False,success,saved,True,False,False,85,15,0,0,5,15
default,a2c,42,stochastic,15,50015,5.0,15,True,False,success,saved,True,False,False,85,15,0,0,5,15
default,a2c,42,stochastic,16,50016,5.0,15,True,False,success,saved,True,False,False,85,15,0,0,5,15
default,a2c,42,stochastic,17,50017,5.0,15,True,False,success,saved,True,False,False,85,15,0,0,5,15
default,a2c,42,stochastic,18,50018,5.0,15,True,False,success,saved,True,False,False,85,15,0,0,5,15
default,a2c,42,stochastic,19,50019,5.0,15,True,False,success,saved,True,False,False,85,15,0,0,5,15
default,a2c,42,stochastic,20,50020,5.0,15,True,False,success,saved,True,False,False,85,15,0,0,5,15
default,a2c,42,stochastic,21,50021,5.0,15,True,False,success,saved,True,False,False,85,15,0,0,5,15
default,a2c,42,stochastic,22,50022,5.0,15,True,False,success,saved,True,False,False,85,15,0,0,5,15
default,a2c,42,stochastic,23,50023,5.0,15,True,False,success,saved,True,False,False,85,15,0,0,5,15
default,a2c,42,stochastic,24,50024,5.0,15,True,False,success,saved,True,False,False,85,15,0,0,5,15
default,a2c,42,stochastic,25,50025,5.0,15,True,False,success,saved,True,False,False,85,15,0,0,5,15
default,a2c,42,stochastic,26,50026,5.0,15,True,False,success,saved,True,False,False,85,15,0,0,5,15
default,a2c,42,stochastic,27,50027,5.0,15,True,False,success,saved,True,False,False,85,15,0,0,5,15
default,a2c,42,stochastic,28,50028,5.0,15,True,False,success,saved,True,False,False,85,15,0,0,5,15
default,a2c,42,stochastic,29,50029,5.0,15,True,False,success,saved,True,False,False,85,15,0,0,5,15
default,a2c,42,stochastic,30,50030,5.0,15,True,False,success,saved,True,False,False,85,15,0,0,5,15
default,a2c,42,stochastic,31,50031,5.0,15,True,False,success,saved,True,False,False,85,15,0,0,5,15
default,a2c,42,stochastic,32,50032,5.0,15,True,False,success,saved,True,False,False,85,15,0,0,5,15
default,a2c,42,stochastic,33,50033,5.0,15,True,False,success,saved,True,False,False,85,15,0,0,5,15
default,a2c,42,stochastic,34,50034,5.0,15,True,False,success,saved,True,False,False,85,15,0,0,5,15
default,a2c,42,stochastic,35,50035,5.0,15,True,False,success,saved,True,False,False,85,15,0,0,5,15
default,a2c,42,stochastic,36,50036,5.0,15,True,False,success,saved,True,False,False,85,15,0,0,5,15
default,a2c,42,stochastic,37,50037,5.0,15,True,False,success,saved,True,False,False,85,15,0,0,5,15
default,a2c,42,stochastic,38,50038,5.0,15,True,False,success,saved,True,False,False,85,15,0,0,5,15
default,a2c,42,stochastic,39,50039,5.0,15,True,False,success,saved,True,False,False,85,15,0,0,5,15
default,a2c,42,stochastic,40,50040,5.0,15,True,False,success,saved,True,False,False,85,15,0,0,5,15
default,a2c,42,stochastic,41,50041,5.0,15,True,False,success,saved,True,False,False,85,15,0,0,5,15
default,a2c,42,stochastic,42,50042,5.0,15,True,False,success,saved,True,False,False,85,15,0,0,5,15
default,a2c,42,stochastic,43,50043,5.0,15,True,False,success,saved,True,False,False,85,15,0,0,5,15
default,a2c,42,stochastic,44,50044,5.0,15,True,False,success,saved,True,False,False,85,15,0,0,5,15
default,a2c,42,stochastic,45,50045,5.0,15,True,False,success,saved,True,False,False,85,15,0,0,5,15
default,a2c,42,stochastic,46,50046,5.0,15,True,False,success,saved,True,False,False,85,15,0,0,5,15
default,a2c,42,stochastic,47,50047,5.0,15,True,False,success,saved,True,False,False,85,15,0,0,5,15
default,a2c,42,stochastic,48,50048,5.0,15,True,False,success,saved,True,False,False,85,15,0,0,5,15
default,a2c,42,stochastic,49,50049,5.0,15,True,False,success,saved,True,False,False,85,15,0,0,5,15
default,a2c,42,stochastic,50,50050,5.0,15,True,False,success,saved,True,False,False,85,15,0,0,5,15
default,a2c,42,stochastic,51,50051,5.0,15,True,False,success,saved,True,False,False,85,15,0,0,5,15
default,a2c,42,stochastic,52,50052,5.0,15,True,False,success,saved,True,False,False,85,15,0,0,5,15
default,a2c,42,stochastic,53,50053,5.0,15,True,False,success,saved,True,False,False,85,15,0,0,5,15
default,a2c,42,stochastic,54,50054,5.0,15,True,False,success,saved,True,False,False,85,15,0,0,5,15
default,a2c,42,stochastic,55,50055,5.0,15,True,False,success,saved,True,False,False,85,15,0,0,5,15
default,a2c,42,stochastic,56,50056,5.0,15,True,False,success,saved,True,False,False,85,15,0,0,5,15
default,a2c,42,stochastic,57,50057,5.0,15,True,False,success,saved,True,False,False,85,15,0,0,5,15
default,a2c,42,stochastic,58,50058,5.0,15,True,False,success,saved,True,False,False,85,15,0,0,5,15
default,a2c,42,stochastic,59,50059,5.0,15,True,False,success,saved,True,False,False,85,15,0,0,5,15
default,a2c,42,stochastic,60,50060,5.0,15,True,False,success,saved,True,False,False,85,15,0,0,5,15
default,a2c,42,stochastic,61,50061,5.0,15,True,False,success,saved,True,False,False,85,15,0,0,5,15
default,a2c,42,stochastic,62,50062,5.0,15,True,False,success,saved,True,False,False,85,15,0,0,5,15
default,a2c,42,stochastic,63,50063,5.0,15,True,False,success,saved,True,False,False,85,15,0,0,5,15
default,a2c,42,stochastic,64,50064,5.0,15,True,False,success,saved,True,False,False,85,15,0,0,5,15
default,a2c,42,stochastic,65,50065,5.0,15,True,False,success,saved,True,False,False,85,15,0,0,5,15
default,a2c,42,stochastic,66,50066,5.0,15,True,False,success,saved,True,False,False,85,15,0,0,5,15
default,a2c,42,stochastic,67,50067,5.0,15,True,False,success,saved,True,False,False,85,15,0,0,5,15
default,a2c,42,stochastic,68,50068,5.0,15,True,False,success,saved,True,False,False,85,15,0,0,5,15
default,a2c,42,stochastic,69,50069,5.0,15,True,False,success,saved,True,False,False,85,15,0,0,5,15
default,a2c,42,stochastic,70,50070,5.0,15,True,False,success,saved,True,False,False,85,15,0,0,5,15
default,a2c,42,stochastic,71,50071,5.0,15,True,False,success,saved,True,False,False,85,15,0,0,5,15
default,a2c,42,stochastic,72,50072,5.0,15,True,False,success,saved,True,False,False,85,15,0,0,5,15
default,a2c,42,stochastic,73,50073,5.0,15,True,False,success,saved,True,False,False,85,15,0,0,5,15
default,a2c,42,stochastic,74,50074,5.0,15,True,False,success,saved,True,False,False,85,15,0,0,5,15
default,a2c,42,stochastic,75,50075,5.0,15,True,False,success,saved,True,False,False,85,15,0,0,5,15
default,a2c,42,stochastic,76,50076,5.0,15,True,False,success,saved,True,False,False,85,15,0,0,5,15
default,a2c,42,stochastic,77,50077,5.0,15,True,False,success,saved,True,False,False,85,15,0,0,5,15
default,a2c,42,stochastic,78,50078,5.0,15,True,False,success,saved,True,False,False,85,15,0,0,5,15
default,a2c,42,stochastic,79,50079,5.0,15,True,False,success,saved,True,False,False,85,15,0,0,5,15
default,a2c,42,stochastic,80,50080,5.0,15,True,False,success,saved,True,False,False,85,15,0,0,5,15
default,a2c,42,stochastic,81,50081,5.0,15,True,False,success,saved,True,False,False,85,15,0,0,5,15
default,a2c,42,stochastic,82,50082,5.0,15,True,False,success,saved,True,False,False,85,15,0,0,5,15
default,a2c,42,stochastic,83,50083,5.0,15,True,False,success,saved,True,False,False,85,15,0,0,5,15
default,a2c,42,stochastic,84,50084,5.0,15,True,False,success,saved,True,False,False,85,15,0,0,5,15
default,a2c,42,stochastic,85,50085,5.0,15,True,False,success,saved,True,False,False,85,15,0,0,5,15
default,a2c,42,stochastic,86,50086,5.0,15,True,False,success,saved,True,False,False,85,15,0,0,5,15
default,a2c,42,stochastic,87,50087,5.0,15,True,False,success,saved,True,False,False,85,15,0,0,5,15
default,a2c,42,stochastic,88,50088,5.0,15,True,False,success,saved,True,False,False,85,15,0,0,5,15
default,a2c,42,stochastic,89,50089,5.0,15,True,False,success,saved,True,False,False,85,15,0,0,5,15
default,a2c,42,stochastic,90,50090,5.0,15,True,False,success,saved,True,False,False,85,15,0,0,5,15
default,a2c,42,stochastic,91,50091,5.0,15,True,False,success,saved,True,False,False,85,15,0,0,5,15
default,a2c,42,stochastic,92,50092,5.0,15,True,False,success,saved,True,False,False,85,15,0,0,5,15
default,a2c,42,stochastic,93,50093,5.0,15,True,False,success,saved,True,False,False,85,15,0,0,5,15
default,a2c,42,stochastic,94,50094,5.0,15,True,False,success,saved,True,False,False,85,15,0,0,5,15
default,a2c,42,stochastic,95,50095,5.0,15,True,False,success,saved,True,False,False,85,15,0,0,5,15
default,a2c,42,stochastic,96,50096,5.0,15,True,False,success,saved,True,False,False,85,15,0,0,5,15
default,a2c,42,stochastic,97,50097,5.0,15,True,False,success,saved,True,False,False,85,15,0,0,5,15
default,a2c,42,stochastic,98,50098,5.0,15,True,False,success,saved,True,False,False,85,15,0,0,5,15
default,a2c,42,stochastic,99,50099,5.0,15,True,False,success,saved,True,False,False,85,15,0,0,5,15
default,a2c,123,deterministic,0,50000,5.0,15,True,False,success,saved,True,False,False,85,15,0,0,5,15
default,a2c,123,deterministic,1,50001,5.0,15,True,False,success,saved,True,False,False,85,15,0,0,5,15
default,a2c,123,deterministic,2,50002,5.0,15,True,False,success,saved,True,False,False,85,15,0,0,5,15
default,a2c,123,deterministic,3,50003,5.0,15,True,False,success,saved,True,False,False,85,15,0,0,5,15
default,a2c,123,deterministic,4,50004,5.0,15,True,False,success,saved,True,False,False,85,15,0,0,5,15
default,a2c,123,deterministic,5,50005,5.0,15,True,False,success,saved,True,False,False,85,15,0,0,5,15
default,a2c,123,deterministic,6,50006,5.0,15,True,False,success,saved,True,False,False,85,15,0,0,5,15
default,a2c,123,deterministic,7,50007,5.0,15,True,False,success,saved,True,False,False,85,15,0,0,5,15
default,a2c,123,deterministic,8,50008,5.0,15,True,False,success,saved,True,False,False,85,15,0,0,5,15
default,a2c,123,deterministic,9,50009,5.0,15,True,False,success,saved,True,False,False,85,15,0,0,5,15
default,a2c,123,deterministic,10,50010,5.0,15,True,False,success,saved,True,False,False,85,15,0,0,5,15
default,a2c,123,deterministic,11,50011,5.0,15,True,False,success,saved,True,False,False,85,15,0,0,5,15
default,a2c,123,deterministic,12,50012,5.0,15,True,False,success,saved,True,False,False,85,15,0,0,5,15
default,a2c,123,deterministic,13,50013,5.0,15,True,False,success,saved,True,False,False,85,15,0,0,5,15
default,a2c,123,deterministic,14,50014,5.0,15,True,False,success,saved,True,False,False,85,15,0,0,5,15
default,a2c,123,deterministic,15,50015,5.0,15,True,False,success,saved,True,False,False,85,15,0,0,5,15
default,a2c,123,deterministic,16,50016,5.0,15,True,False,success,saved,True,False,False,85,15,0,0,5,15
default,a2c,123,deterministic,17,50017,5.0,15,True,False,success,saved,True,False,False,85,15,0,0,5,15
default,a2c,123,deterministic,18,50018,5.0,15,True,False,success,saved,True,False,False,85,15,0,0,5,15
default,a2c,123,deterministic,19,50019,5.0,15,True,False,success,saved,True,False,False,85,15,0,0,5,15
default,a2c,123,deterministic,20,50020,5.0,15,True,False,success,saved,True,False,False,85,15,0,0,5,15
default,a2c,123,deterministic,21,50021,5.0,15,True,False,success,saved,True,False,False,85,15,0,0,5,15
default,a2c,123,deterministic,22,50022,5.0,15,True,False,success,saved,True,False,False,85,15,0,0,5,15
default,a2c,123,deterministic,23,50023,5.0,15,True,False,success,saved,True,False,False,85,15,0,0,5,15
default,a2c,123,deterministic,24,50024,5.0,15,True,False,success,saved,True,False,False,85,15,0,0,5,15
default,a2c,123,deterministic,25,50025,5.0,15,True,False,success,saved,True,False,False,85,15,0,0,5,15
default,a2c,123,deterministic,26,50026,5.0,15,True,False,success,saved,True,False,False,85,15,0,0,5,15
default,a2c,123,deterministic,27,50027,5.0,15,True,False,success,saved,True,False,False,85,15,0,0,5,15
default,a2c,123,deterministic,28,50028,5.0,15,True,False,success,saved,True,False,False,85,15,0,0,5,15
default,a2c,123,deterministic,29,50029,5.0,15,True,False,success,saved,True,False,False,85,15,0,0,5,15
default,a2c,123,deterministic,30,50030,5.0,15,True,False,success,saved,True,False,False,85,15,0,0,5,15
default,a2c,123,deterministic,31,50031,5.0,15,True,False,success,saved,True,False,False,85,15,0,0,5,15
default,a2c,123,deterministic,32,50032,5.0,15,True,False,success,saved,True,False,False,85,15,0,0,5,15
default,a2c,123,deterministic,33,50033,5.0,15,True,False,success,saved,True,False,False,85,15,0,0,5,15
default,a2c,123,deterministic,34,50034,5.0,15,True,False,success,saved,True,False,False,85,15,0,0,5,15
default,a2c,123,deterministic,35,50035,5.0,15,True,False,success,saved,True,False,False,85,15,0,0,5,15
default,a2c,123,deterministic,36,50036,5.0,15,True,False,success,saved,True,False,False,85,15,0,0,5,15
default,a2c,123,deterministic,37,50037,5.0,15,True,False,success,saved,True,False,False,85,15,0,0,5,15
default,a2c,123,deterministic,38,50038,5.0,15,True,False,success,saved,True,False,False,85,15,0,0,5,15
default,a2c,123,deterministic,39,50039,5.0,15,True,False,success,saved,True,False,False,85,15,0,0,5,15
default,a2c,123,deterministic,40,50040,5.0,15,True,False,success,saved,True,False,False,85,15,0,0,5,15
default,a2c,123,deterministic,41,50041,5.0,15,True,False,success,saved,True,False,False,85,15,0,0,5,15
default,a2c,123,deterministic,42,50042,5.0,15,True,False,success,saved,True,False,False,85,15,0,0,5,15
default,a2c,123,deterministic,43,50043,5.0,15,True,False,success,saved,True,False,False,85,15,0,0,5,15
default,a2c,123,deterministic,44,50044,5.0,15,True,False,success,saved,True,False,False,85,15,0,0,5,15
default,a2c,123,deterministic,45,50045,5.0,15,True,False,success,saved,True,False,False,85,15,0,0,5,15
default,a2c,123,deterministic,46,50046,5.0,15,True,False,success,saved,True,False,False,85,15,0,0,5,15
default,a2c,123,deterministic,47,50047,5.0,15,True,False,success,saved,True,False,False,85,15,0,0,5,15
default,a2c,123,deterministic,48,50048,5.0,15,True,False,success,saved,True,False,False,85,15,0,0,5,15
default,a2c,123,deterministic,49,50049,5.0,15,True,False,success,saved,True,False,False,85,15,0,0,5,15
default,a2c,123,deterministic,50,50050,5.0,15,True,False,success,saved,True,False,False,85,15,0,0,5,15
default,a2c,123,deterministic,51,50051,5.0,15,True,False,success,saved,True,False,False,85,15,0,0,5,15
default,a2c,123,deterministic,52,50052,5.0,15,True,False,success,saved,True,False,False,85,15,0,0,5,15
default,a2c,123,deterministic,53,50053,5.0,15,True,False,success,saved,True,False,False,85,15,0,0,5,15
default,a2c,123,deterministic,54,50054,5.0,15,True,False,success,saved,True,False,False,85,15,0,0,5,15
default,a2c,123,deterministic,55,50055,5.0,15,True,False,success,saved,True,False,False,85,15,0,0,5,15
default,a2c,123,deterministic,56,50056,5.0,15,True,False,success,saved,True,False,False,85,15,0,0,5,15
default,a2c,123,deterministic,57,50057,5.0,15,True,False,success,saved,True,False,False,85,15,0,0,5,15
default,a2c,123,deterministic,58,50058,5.0,15,True,False,success,saved,True,False,False,85,15,0,0,5,15
default,a2c,123,deterministic,59,50059,5.0,15,True,False,success,saved,True,False,False,85,15,0,0,5,15
default,a2c,123,deterministic,60,50060,5.0,15,True,False,success,saved,True,False,False,85,15,0,0,5,15
default,a2c,123,deterministic,61,50061,5.0,15,True,False,success,saved,True,False,False,85,15,0,0,5,15
default,a2c,123,deterministic,62,50062,5.0,15,True,False,success,saved,True,False,False,85,15,0,0,5,15
default,a2c,123,deterministic,63,50063,5.0,15,True,False,success,saved,True,False,False,85,15,0,0,5,15
default,a2c,123,deterministic,64,50064,5.0,15,True,False,success,saved,True,False,False,85,15,0,0,5,15
default,a2c,123,deterministic,65,50065,5.0,15,True,False,success,saved,True,False,False,85,15,0,0,5,15
default,a2c,123,deterministic,66,50066,5.0,15,True,False,success,saved,True,False,False,85,15,0,0,5,15
default,a2c,123,deterministic,67,50067,5.0,15,True,False,success,saved,True,False,False,85,15,0,0,5,15
default,a2c,123,deterministic,68,50068,5.0,15,True,False,success,saved,True,False,False,85,15,0,0,5,15
default,a2c,123,deterministic,69,50069,5.0,15,True,False,success,saved,True,False,False,85,15,0,0,5,15
default,a2c,123,deterministic,70,50070,5.0,15,True,False,success,saved,True,False,False,85,15,0,0,5,15
default,a2c,123,deterministic,71,50071,5.0,15,True,False,success,saved,True,False,False,85,15,0,0,5,15
default,a2c,123,deterministic,72,50072,5.0,15,True,False,success,saved,True,False,False,85,15,0,0,5,15
default,a2c,123,deterministic,73,50073,5.0,15,True,False,success,saved,True,False,False,85,15,0,0,5,15
default,a2c,123,deterministic,74,50074,5.0,15,True,False,success,saved,True,False,False,85,15,0,0,5,15
default,a2c,123,deterministic,75,50075,5.0,15,True,False,success,saved,True,False,False,85,15,0,0,5,15
default,a2c,123,deterministic,76,50076,5.0,15,True,False,success,saved,True,False,False,85,15,0,0,5,15
default,a2c,123,deterministic,77,50077,5.0,15,True,False,success,saved,True,False,False,85,15,0,0,5,15
default,a2c,123,deterministic,78,50078,5.0,15,True,False,success,saved,True,False,False,85,15,0,0,5,15
default,a2c,123,deterministic,79,50079,5.0,15,True,False,success,saved,True,False,False,85,15,0,0,5,15
default,a2c,123,deterministic,80,50080,5.0,15,True,False,success,saved,True,False,False,85,15,0,0,5,15
default,a2c,123,deterministic,81,50081,5.0,15,True,False,success,saved,True,False,False,85,15,0,0,5,15
default,a2c,123,deterministic,82,50082,5.0,15,True,False,success,saved,True,False,False,85,15,0,0,5,15
default,a2c,123,deterministic,83,50083,5.0,15,True,False,success,saved,True,False,False,85,15,0,0,5,15
default,a2c,123,deterministic,84,50084,5.0,15,True,False,success,saved,True,False,False,85,15,0,0,5,15
default,a2c,123,deterministic,85,50085,5.0,15,True,False,success,saved,True,False,False,85,15,0,0,5,15
default,a2c,123,deterministic,86,50086,5.0,15,True,False,success,saved,True,False,False,85,15,0,0,5,15
default,a2c,123,deterministic,87,50087,5.0,15,True,False,success,saved,True,False,False,85,15,0,0,5,15
default,a2c,123,deterministic,88,50088,5.0,15,True,False,success,saved,True,False,False,85,15,0,0,5,15
default,a2c,123,deterministic,89,50089,5.0,15,True,False,success,saved,True,False,False,85,15,0,0,5,15
default,a2c,123,deterministic,90,50090,5.0,15,True,False,success,saved,True,False,False,85,15,0,0,5,15
default,a2c,123,deterministic,91,50091,5.0,15,True,False,success,saved,True,False,False,85,15,0,0,5,15
default,a2c,123,deterministic,92,50092,5.0,15,True,False,success,saved,True,False,False,85,15,0,0,5,15
default,a2c,123,deterministic,93,50093,5.0,15,True,False,success,saved,True,False,False,85,15,0,0,5,15
default,a2c,123,deterministic,94,50094,5.0,15,True,False,success,saved,True,False,False,85,15,0,0,5,15
default,a2c,123,deterministic,95,50095,5.0,15,True,False,success,saved,True,False,False,85,15,0,0,5,15
default,a2c,123,deterministic,96,50096,5.0,15,True,False,success,saved,True,False,False,85,15,0,0,5,15
default,a2c,123,deterministic,97,50097,5.0,15,True,False,success,saved,True,False,False,85,15,0,0,5,15
default,a2c,123,deterministic,98,50098,5.0,15,True,False,success,saved,True,False,False,85,15,0,0,5,15
default,a2c,123,deterministic,99,50099,5.0,15,True,False,success,saved,True,False,False,85,15,0,0,5,15
default,a2c,123,stochastic,0,50000,5.0,15,True,False,success,saved,True,False,False,85,15,0,0,5,15
default,a2c,123,stochastic,1,50001,5.0,15,True,False,success,saved,True,False,False,85,15,0,0,5,15
default,a2c,123,stochastic,2,50002,5.0,15,True,False,success,saved,True,False,False,85,15,0,0,5,15
default,a2c,123,stochastic,3,50003,5.0,15,True,False,success,saved,True,False,False,85,15,0,0,5,15
default,a2c,123,stochastic,4,50004,5.0,15,True,False,success,saved,True,False,False,85,15,0,0,5,15
default,a2c,123,stochastic,5,50005,5.0,15,True,False,success,saved,True,False,False,85,15,0,0,5,15
default,a2c,123,stochastic,6,50006,5.0,15,True,False,success,saved,True,False,False,85,15,0,0,5,15
default,a2c,123,stochastic,7,50007,5.0,15,True,False,success,saved,True,False,False,85,15,0,0,5,15
default,a2c,123,stochastic,8,50008,5.0,15,True,False,success,saved,True,False,False,85,15,0,0,5,15
default,a2c,123,stochastic,9,50009,5.0,15,True,False,success,saved,True,False,False,85,15,0,0,5,15
default,a2c,123,stochastic,10,50010,5.0,15,True,False,success,saved,True,False,False,85,15,0,0,5,15
default,a2c,123,stochastic,11,50011,5.0,15,True,False,success,saved,True,False,False,85,15,0,0,5,15
default,a2c,123,stochastic,12,50012,5.0,15,True,False,success,saved,True,False,False,85,15,0,0,5,15
default,a2c,123,stochastic,13,50013,5.0,15,True,False,success,saved,True,False,False,85,15,0,0,5,15
default,a2c,123,stochastic,14,50014,5.0,15,True,False,success,saved,True,False,False,85,15,0,0,5,15
default,a2c,123,stochastic,15,50015,5.0,15,True,False,success,saved,True,False,False,85,15,0,0,5,15
default,a2c,123,stochastic,16,50016,5.0,15,True,False,success,saved,True,False,False,85,15,0,0,5,15
default,a2c,123,stochastic,17,50017,5.0,15,True,False,success,saved,True,False,False,85,15,0,0,5,15
default,a2c,123,stochastic,18,50018,5.0,15,True,False,success,saved,True,False,False,85,15,0,0,5,15
default,a2c,123,stochastic,19,50019,5.0,15,True,False,success,saved,True,False,False,85,15,0,0,5,15
default,a2c,123,stochastic,20,50020,5.0,15,True,False,success,saved,True,False,False,85,15,0,0,5,15
default,a2c,123,stochastic,21,50021,5.0,15,True,False,success,saved,True,False,False,85,15,0,0,5,15
default,a2c,123,stochastic,22,50022,5.0,15,True,False,success,saved,True,False,False,85,15,0,0,5,15
default,a2c,123,stochastic,23,50023,5.0,15,True,False,success,saved,True,False,False,85,15,0,0,5,15
default,a2c,123,stochastic,24,50024,5.0,15,True,False,success,saved,True,False,False,85,15,0,0,5,15
default,a2c,123,stochastic,25,50025,5.0,15,True,False,success,saved,True,False,False,85,15,0,0,5,15
default,a2c,123,stochastic,26,50026,5.0,15,True,False,success,saved,True,False,False,85,15,0,0,5,15
default,a2c,123,stochastic,27,50027,5.0,15,True,False,success,saved,True,False,False,85,15,0,0,5,15
default,a2c,123,stochastic,28,50028,5.0,15,True,False,success,saved,True,False,False,85,15,0,0,5,15
default,a2c,123,stochastic,29,50029,5.0,15,True,False,success,saved,True,False,False,85,15,0,0,5,15
default,a2c,123,stochastic,30,50030,5.0,15,True,False,success,saved,True,False,False,85,15,0,0,5,15
default,a2c,123,stochastic,31,50031,5.0,15,True,False,success,saved,True,False,False,85,15,0,0,5,15
default,a2c,123,stochastic,32,50032,5.0,15,True,False,success,saved,True,False,False,85,15,0,0,5,15
default,a2c,123,stochastic,33,50033,5.0,15,True,False,success,saved,True,False,False,85,15,0,0,5,15
default,a2c,123,stochastic,34,50034,5.0,15,True,False,success,saved,True,False,False,85,15,0,0,5,15
default,a2c,123,stochastic,35,50035,5.0,15,True,False,success,saved,True,False,False,85,15,0,0,5,15
default,a2c,123,stochastic,36,50036,5.0,15,True,False,success,saved,True,False,False,85,15,0,0,5,15
default,a2c,123,stochastic,37,50037,5.0,15,True,False,success,saved,True,False,False,85,15,0,0,5,15
default,a2c,123,stochastic,38,50038,5.0,15,True,False,success,saved,True,False,False,85,15,0,0,5,15
default,a2c,123,stochastic,39,50039,5.0,15,True,False,success,saved,True,False,False,85,15,0,0,5,15
default,a2c,123,stochastic,40,50040,5.0,15,True,False,success,saved,True,False,False,85,15,0,0,5,15
default,a2c,123,stochastic,41,50041,5.0,15,True,False,success,saved,True,False,False,85,15,0,0,5,15
default,a2c,123,stochastic,42,50042,5.0,15,True,False,success,saved,True,False,False,85,15,0,0,5,15
default,a2c,123,stochastic,43,50043,5.0,15,True,False,success,saved,True,False,False,85,15,0,0,5,15
default,a2c,123,stochastic,44,50044,5.0,15,True,False,success,saved,True,False,False,85,15,0,0,5,15
default,a2c,123,stochastic,45,50045,5.0,15,True,False,success,saved,True,False,False,85,15,0,0,5,15
default,a2c,123,stochastic,46,50046,5.0,15,True,False,success,saved,True,False,False,85,15,0,0,5,15
default,a2c,123,stochastic,47,50047,5.0,15,True,False,success,saved,True,False,False,85,15,0,0,5,15
default,a2c,123,stochastic,48,50048,5.0,15,True,False,success,saved,True,False,False,85,15,0,0,5,15
default,a2c,123,stochastic,49,50049,5.0,15,True,False,success,saved,True,False,False,85,15,0,0,5,15
default,a2c,123,stochastic,50,50050,5.0,15,True,False,success,saved,True,False,False,85,15,0,0,5,15
default,a2c,123,stochastic,51,50051,5.0,15,True,False,success,saved,True,False,False,85,15,0,0,5,15
default,a2c,123,stochastic,52,50052,5.0,15,True,False,success,saved,True,False,False,85,15,0,0,5,15
default,a2c,123,stochastic,53,50053,5.0,15,True,False,success,saved,True,False,False,85,15,0,0,5,15
default,a2c,123,stochastic,54,50054,5.0,15,True,False,success,saved,True,False,False,85,15,0,0,5,15
default,a2c,123,stochastic,55,50055,5.0,15,True,False,success,saved,True,False,False,85,15,0,0,5,15
default,a2c,123,stochastic,56,50056,5.0,15,True,False,success,saved,True,False,False,85,15,0,0,5,15
default,a2c,123,stochastic,57,50057,5.0,15,True,False,success,saved,True,False,False,85,15,0,0,5,15
default,a2c,123,stochastic,58,50058,5.0,15,True,False,success,saved,True,False,False,85,15,0,0,5,15
default,a2c,123,stochastic,59,50059,5.0,15,True,False,success,saved,True,False,False,85,15,0,0,5,15
default,a2c,123,stochastic,60,50060,5.0,15,True,False,success,saved,True,False,False,85,15,0,0,5,15
default,a2c,123,stochastic,61,50061,5.0,15,True,False,success,saved,True,False,False,85,15,0,0,5,15
default,a2c,123,stochastic,62,50062,5.0,15,True,False,success,saved,True,False,False,85,15,0,0,5,15
default,a2c,123,stochastic,63,50063,5.0,15,True,False,success,saved,True,False,False,85,15,0,0,5,15
default,a2c,123,stochastic,64,50064,5.0,15,True,False,success,saved,True,False,False,85,15,0,0,5,15
default,a2c,123,stochastic,65,50065,5.0,15,True,False,success,saved,True,False,False,85,15,0,0,5,15
default,a2c,123,stochastic,66,50066,5.0,15,True,False,success,saved,True,False,False,85,15,0,0,5,15
default,a2c,123,stochastic,67,50067,5.0,15,True,False,success,saved,True,False,False,85,15,0,0,5,15
default,a2c,123,stochastic,68,50068,5.0,15,True,False,success,saved,True,False,False,85,15,0,0,5,15
default,a2c,123,stochastic,69,50069,5.0,15,True,False,success,saved,True,False,False,85,15,0,0,5,15
default,a2c,123,stochastic,70,50070,5.0,15,True,False,success,saved,True,False,False,85,15,0,0,5,15
default,a2c,123,stochastic,71,50071,5.0,15,True,False,success,saved,True,False,False,85,15,0,0,5,15
default,a2c,123,stochastic,72,50072,5.0,15,True,False,success,saved,True,False,False,85,15,0,0,5,15
default,a2c,123,stochastic,73,50073,5.0,15,True,False,success,saved,True,False,False,85,15,0,0,5,15
default,a2c,123,stochastic,74,50074,5.0,15,True,False,success,saved,True,False,False,85,15,0,0,5,15
default,a2c,123,stochastic,75,50075,5.0,15,True,False,success,saved,True,False,False,85,15,0,0,5,15
default,a2c,123,stochastic,76,50076,5.0,15,True,False,success,saved,True,False,False,85,15,0,0,5,15
default,a2c,123,stochastic,77,50077,5.0,15,True,False,success,saved,True,False,False,85,15,0,0,5,15
default,a2c,123,stochastic,78,50078,5.0,15,True,False,success,saved,True,False,False,85,15,0,0,5,15
default,a2c,123,stochastic,79,50079,5.0,15,True,False,success,saved,True,False,False,85,15,0,0,5,15
default,a2c,123,stochastic,80,50080,5.0,15,True,False,success,saved,True,False,False,85,15,0,0,5,15
default,a2c,123,stochastic,81,50081,5.0,15,True,False,success,saved,True,False,False,85,15,0,0,5,15
default,a2c,123,stochastic,82,50082,5.0,15,True,False,success,saved,True,False,False,85,15,0,0,5,15
default,a2c,123,stochastic,83,50083,5.0,15,True,False,success,saved,True,False,False,85,15,0,0,5,15
default,a2c,123,stochastic,84,50084,5.0,15,True,False,success,saved,True,False,False,85,15,0,0,5,15
default,a2c,123,stochastic,85,50085,5.0,15,True,False,success,saved,True,False,False,85,15,0,0,5,15
default,a2c,123,stochastic,86,50086,5.0,15,True,False,success,saved,True,False,False,85,15,0,0,5,15
default,a2c,123,stochastic,87,50087,5.0,15,True,False,success,saved,True,False,False,85,15,0,0,5,15
default,a2c,123,stochastic,88,50088,5.0,15,True,False,success,saved,True,False,False,85,15,0,0,5,15
default,a2c,123,stochastic,89,50089,5.0,15,True,False,success,saved,True,False,False,85,15,0,0,5,15
default,a2c,123,stochastic,90,50090,5.0,15,True,False,success,saved,True,False,False,85,15,0,0,5,15
default,a2c,123,stochastic,91,50091,5.0,15,True,False,success,saved,True,False,False,85,15,0,0,5,15
default,a2c,123,stochastic,92,50092,5.0,15,True,False,success,saved,True,False,False,85,15,0,0,5,15
default,a2c,123,stochastic,93,50093,5.0,15,True,False,success,saved,True,False,False,85,15,0,0,5,15
default,a2c,123,stochastic,94,50094,5.0,15,True,False,success,saved,True,False,False,85,15,0,0,5,15
default,a2c,123,stochastic,95,50095,5.0,15,True,False,success,saved,True,False,False,85,15,0,0,5,15
default,a2c,123,stochastic,96,50096,5.0,15,True,False,success,saved,True,False,False,85,15,0,0,5,15
default,a2c,123,stochastic,97,50097,5.0,15,True,False,success,saved,True,False,False,85,15,0,0,5,15
default,a2c,123,stochastic,98,50098,5.0,15,True,False,success,saved,True,False,False,85,15,0,0,5,15
default,a2c,123,stochastic,99,50099,5.0,15,True,False,success,saved,True,False,False,85,15,0,0,5,15
default,a2c,2024,deterministic,0,50000,5.0,15,True,False,success,saved,True,False,False,85,15,0,0,5,15
default,a2c,2024,deterministic,1,50001,5.0,15,True,False,success,saved,True,False,False,83,17,0,0,5,15
default,a2c,2024,deterministic,2,50002,5.0,15,True,False,success,saved,True,False,False,85,15,0,0,5,15
default,a2c,2024,deterministic,3,50003,5.0,15,True,False,success,saved,True,False,False,85,15,0,0,5,15
default,a2c,2024,deterministic,4,50004,5.0,15,True,False,success,saved,True,False,False,85,15,0,0,5,15
default,a2c,2024,deterministic,5,50005,5.0,15,True,False,success,saved,True,False,False,85,15,0,0,5,15
default,a2c,2024,deterministic,6,50006,5.0,15,True,False,success,saved,True,False,False,85,15,0,0,5,15
default,a2c,2024,deterministic,7,50007,5.0,15,True,False,success,saved,True,False,False,79,21,0,0,5,15
default,a2c,2024,deterministic,8,50008,5.0,15,True,False,success,saved,True,False,False,83,17,0,0,5,15
default,a2c,2024,deterministic,9,50009,5.0,15,True,False,success,saved,True,False,False,81,19,0,0,5,15
default,a2c,2024,deterministic,10,50010,5.0,15,True,False,success,saved,True,False,False,85,15,0,0,5,15
default,a2c,2024,deterministic,11,50011,5.0,15,True,False,success,saved,True,False,False,85,15,0,0,5,15
default,a2c,2024,deterministic,12,50012,5.0,15,True,False,success,saved,True,False,False,85,15,0,0,5,15
default,a2c,2024,deterministic,13,50013,5.0,15,True,False,success,saved,True,False,False,85,15,0,0,5,15
default,a2c,2024,deterministic,14,50014,5.0,15,True,False,success,saved,True,False,False,85,15,0,0,5,15
default,a2c,2024,deterministic,15,50015,5.0,15,True,False,success,saved,True,False,False,83,17,0,0,5,15
default,a2c,2024,deterministic,16,50016,5.0,15,True,False,success,saved,True,False,False,85,15,0,0,5,15
default,a2c,2024,deterministic,17,50017,5.0,15,True,False,success,saved,True,False,False,85,15,0,0,5,15
default,a2c,2024,deterministic,18,50018,5.0,15,True,False,success,saved,True,False,False,85,15,0,0,5,15
default,a2c,2024,deterministic,19,50019,5.0,15,True,False,success,saved,True,False,False,85,15,0,0,5,15
default,a2c,2024,deterministic,20,50020,5.0,15,True,False,success,saved,True,False,False,85,15,0,0,5,15
default,a2c,2024,deterministic,21,50021,5.0,15,True,False,success,saved,True,False,False,85,15,0,0,5,15
default,a2c,2024,deterministic,22,50022,5.0,15,True,False,success,saved,True,False,False,83,17,0,0,5,15
default,a2c,2024,deterministic,23,50023,5.0,15,True,False,success,saved,True,False,False,83,17,0,0,5,15
default,a2c,2024,deterministic,24,50024,5.0,15,True,False,success,saved,True,False,False,85,15,0,0,5,15
default,a2c,2024,deterministic,25,50025,5.0,15,True,False,success,saved,True,False,False,85,15,0,0,5,15
default,a2c,2024,deterministic,26,50026,5.0,15,True,False,success,saved,True,False,False,85,15,0,0,5,15
default,a2c,2024,deterministic,27,50027,5.0,15,True,False,success,saved,True,False,False,85,15,0,0,5,15
default,a2c,2024,deterministic,28,50028,5.0,15,True,False,success,saved,True,False,False,85,15,0,0,5,15
default,a2c,2024,deterministic,29,50029,5.0,15,True,False,success,saved,True,False,False,85,15,0,0,5,15
default,a2c,2024,deterministic,30,50030,5.0,15,True,False,success,saved,True,False,False,85,15,0,0,5,15
default,a2c,2024,deterministic,31,50031,5.0,15,True,False,success,saved,True,False,False,85,15,0,0,5,15
default,a2c,2024,deterministic,32,50032,5.0,15,True,False,success,saved,True,False,False,85,15,0,0,5,15
default,a2c,2024,deterministic,33,50033,5.0,15,True,False,success,saved,True,False,False,85,15,0,0,5,15
default,a2c,2024,deterministic,34,50034,5.0,15,True,False,success,saved,True,False,False,85,15,0,0,5,15
default,a2c,2024,deterministic,35,50035,5.0,15,True,False,success,saved,True,False,False,85,15,0,0,5,15
default,a2c,2024,deterministic,36,50036,5.0,15,True,False,success,saved,True,False,False,83,17,0,0,5,15
default,a2c,2024,deterministic,37,50037,5.0,15,True,False,success,saved,True,False,False,85,15,0,0,5,15
default,a2c,2024,deterministic,38,50038,5.0,15,True,False,success,saved,True,False,False,85,15,0,0,5,15
default,a2c,2024,deterministic,39,50039,5.0,15,True,False,success,saved,True,False,False,85,15,0,0,5,15
default,a2c,2024,deterministic,40,50040,5.0,15,True,False,success,saved,True,False,False,85,15,0,0,5,15
default,a2c,2024,deterministic,41,50041,5.0,15,True,False,success,saved,True,False,False,85,15,0,0,5,15
default,a2c,2024,deterministic,42,50042,5.0,15,True,False,success,saved,True,False,False,85,15,0,0,5,15
default,a2c,2024,deterministic,43,50043,5.0,15,True,False,success,saved,True,False,False,85,15,0,0,5,15
default,a2c,2024,deterministic,44,50044,5.0,15,True,False,success,saved,True,False,False,85,15,0,0,5,15
default,a2c,2024,deterministic,45,50045,5.0,15,True,False,success,saved,True,False,False,85,15,0,0,5,15
default,a2c,2024,deterministic,46,50046,5.0,15,True,False,success,saved,True,False,False,85,15,0,0,5,15
default,a2c,2024,deterministic,47,50047,5.0,15,True,False,success,saved,True,False,False,83,17,0,0,5,15
default,a2c,2024,deterministic,48,50048,5.0,15,True,False,success,saved,True,False,False,83,17,0,0,5,15
default,a2c,2024,deterministic,49,50049,5.0,15,True,False,success,saved,True,False,False,85,15,0,0,5,15
default,a2c,2024,deterministic,50,50050,5.0,15,True,False,success,saved,True,False,False,85,15,0,0,5,15
default,a2c,2024,deterministic,51,50051,5.0,15,True,False,success,saved,True,False,False,85,15,0,0,5,15
default,a2c,2024,deterministic,52,50052,5.0,15,True,False,success,saved,True,False,False,85,15,0,0,5,15
default,a2c,2024,deterministic,53,50053,5.0,15,True,False,success,saved,True,False,False,85,15,0,0,5,15
default,a2c,2024,deterministic,54,50054,5.0,15,True,False,success,saved,True,False,False,85,15,0,0,5,15
default,a2c,2024,deterministic,55,50055,5.0,15,True,False,success,saved,True,False,False,85,15,0,0,5,15
default,a2c,2024,deterministic,56,50056,5.0,15,True,False,success,saved,True,False,False,85,15,0,0,5,15
default,a2c,2024,deterministic,57,50057,5.0,15,True,False,success,saved,True,False,False,85,15,0,0,5,15
default,a2c,2024,deterministic,58,50058,5.0,15,True,False,success,saved,True,False,False,85,15,0,0,5,15
default,a2c,2024,deterministic,59,50059,5.0,15,True,False,success,saved,True,False,False,85,15,0,0,5,15
default,a2c,2024,deterministic,60,50060,5.0,15,True,False,success,saved,True,False,False,85,15,0,0,5,15
default,a2c,2024,deterministic,61,50061,5.0,15,True,False,success,saved,True,False,False,85,15,0,0,5,15
default,a2c,2024,deterministic,62,50062,5.0,15,True,False,success,saved,True,False,False,85,15,0,0,5,15
default,a2c,2024,deterministic,63,50063,5.0,15,True,False,success,saved,True,False,False,85,15,0,0,5,15
default,a2c,2024,deterministic,64,50064,5.0,15,True,False,success,saved,True,False,False,83,17,0,0,5,15
default,a2c,2024,deterministic,65,50065,5.0,15,True,False,success,saved,True,False,False,85,15,0,0,5,15
default,a2c,2024,deterministic,66,50066,5.0,15,True,False,success,saved,True,False,False,85,15,0,0,5,15
default,a2c,2024,deterministic,67,50067,5.0,15,True,False,success,saved,True,False,False,85,15,0,0,5,15
default,a2c,2024,deterministic,68,50068,5.0,15,True,False,success,saved,True,False,False,85,15,0,0,5,15
default,a2c,2024,deterministic,69,50069,5.0,15,True,False,success,saved,True,False,False,85,15,0,0,5,15
default,a2c,2024,deterministic,70,50070,5.0,15,True,False,success,saved,True,False,False,83,17,0,0,5,15
default,a2c,2024,deterministic,71,50071,5.0,15,True,False,success,saved,True,False,False,85,15,0,0,5,15
default,a2c,2024,deterministic,72,50072,5.0,15,True,False,success,saved,True,False,False,85,15,0,0,5,15
default,a2c,2024,deterministic,73,50073,5.0,15,True,False,success,saved,True,False,False,85,15,0,0,5,15
default,a2c,2024,deterministic,74,50074,5.0,15,True,False,success,saved,True,False,False,85,15,0,0,5,15
default,a2c,2024,deterministic,75,50075,5.0,15,True,False,success,saved,True,False,False,85,15,0,0,5,15
default,a2c,2024,deterministic,76,50076,5.0,15,True,False,success,saved,True,False,False,85,15,0,0,5,15
default,a2c,2024,deterministic,77,50077,5.0,15,True,False,success,saved,True,False,False,85,15,0,0,5,15
default,a2c,2024,deterministic,78,50078,5.0,15,True,False,success,saved,True,False,False,85,15,0,0,5,15
default,a2c,2024,deterministic,79,50079,5.0,15,True,False,success,saved,True,False,False,85,15,0,0,5,15
default,a2c,2024,deterministic,80,50080,4.0,16,True,False,success,saved,True,False,False,83,17,0,0,5,16
default,a2c,2024,deterministic,81,50081,5.0,15,True,False,success,saved,True,False,False,85,15,0,0,5,15
default,a2c,2024,deterministic,82,50082,5.0,15,True,False,success,saved,True,False,False,85,15,0,0,5,15
default,a2c,2024,deterministic,83,50083,5.0,15,True,False,success,saved,True,False,False,85,15,0,0,5,15
default,a2c,2024,deterministic,84,50084,5.0,15,True,False,success,saved,True,False,False,85,15,0,0,5,15
default,a2c,2024,deterministic,85,50085,5.0,15,True,False,success,saved,True,False,False,85,15,0,0,5,15
default,a2c,2024,deterministic,86,50086,-95.0,100,False,True,max_steps,with_robot,False,False,False,78,22,1,1,5,
default,a2c,2024,deterministic,87,50087,5.0,15,True,False,success,saved,True,False,False,85,15,0,0,5,15
default,a2c,2024,deterministic,88,50088,5.0,15,True,False,success,saved,True,False,False,85,15,0,0,5,15
default,a2c,2024,deterministic,89,50089,5.0,15,True,False,success,saved,True,False,False,85,15,0,0,5,15
default,a2c,2024,deterministic,90,50090,5.0,15,True,False,success,saved,True,False,False,85,15,0,0,5,15
default,a2c,2024,deterministic,91,50091,5.0,15,True,False,success,saved,True,False,False,85,15,0,0,5,15
default,a2c,2024,deterministic,92,50092,5.0,15,True,False,success,saved,True,False,False,85,15,0,0,5,15
default,a2c,2024,deterministic,93,50093,5.0,15,True,False,success,saved,True,False,False,85,15,0,0,5,15
default,a2c,2024,deterministic,94,50094,5.0,15,True,False,success,saved,True,False,False,85,15,0,0,5,15
default,a2c,2024,deterministic,95,50095,5.0,15,True,False,success,saved,True,False,False,83,17,0,0,5,15
default,a2c,2024,deterministic,96,50096,5.0,15,True,False,success,saved,True,False,False,85,15,0,0,5,15
default,a2c,2024,deterministic,97,50097,5.0,15,True,False,success,saved,True,False,False,85,15,0,0,5,15
default,a2c,2024,deterministic,98,50098,5.0,15,True,False,success,saved,True,False,False,85,15,0,0,5,15
default,a2c,2024,deterministic,99,50099,5.0,15,True,False,success,saved,True,False,False,85,15,0,0,5,15
default,a2c,2024,stochastic,0,50000,5.0,15,True,False,success,saved,True,False,False,85,15,0,0,5,15
default,a2c,2024,stochastic,1,50001,5.0,15,True,False,success,saved,True,False,False,83,17,0,0,5,15
default,a2c,2024,stochastic,2,50002,5.0,15,True,False,success,saved,True,False,False,85,15,0,0,5,15
default,a2c,2024,stochastic,3,50003,5.0,15,True,False,success,saved,True,False,False,85,15,0,0,5,15
default,a2c,2024,stochastic,4,50004,5.0,15,True,False,success,saved,True,False,False,85,15,0,0,5,15
default,a2c,2024,stochastic,5,50005,5.0,15,True,False,success,saved,True,False,False,85,15,0,0,5,15
default,a2c,2024,stochastic,6,50006,5.0,15,True,False,success,saved,True,False,False,85,15,0,0,5,15
default,a2c,2024,stochastic,7,50007,5.0,15,True,False,success,saved,True,False,False,79,21,0,0,5,15
default,a2c,2024,stochastic,8,50008,5.0,15,True,False,success,saved,True,False,False,83,17,0,0,5,15
default,a2c,2024,stochastic,9,50009,5.0,15,True,False,success,saved,True,False,False,81,19,0,0,5,15
default,a2c,2024,stochastic,10,50010,5.0,15,True,False,success,saved,True,False,False,85,15,0,0,5,15
default,a2c,2024,stochastic,11,50011,5.0,15,True,False,success,saved,True,False,False,85,15,0,0,5,15
default,a2c,2024,stochastic,12,50012,5.0,15,True,False,success,saved,True,False,False,85,15,0,0,5,15
default,a2c,2024,stochastic,13,50013,5.0,15,True,False,success,saved,True,False,False,85,15,0,0,5,15
default,a2c,2024,stochastic,14,50014,5.0,15,True,False,success,saved,True,False,False,85,15,0,0,5,15
default,a2c,2024,stochastic,15,50015,4.0,16,True,False,success,saved,True,False,False,68,32,1,0,5,16
default,a2c,2024,stochastic,16,50016,5.0,15,True,False,success,saved,True,False,False,85,15,0,0,5,15
default,a2c,2024,stochastic,17,50017,5.0,15,True,False,success,saved,True,False,False,85,15,0,0,5,15
default,a2c,2024,stochastic,18,50018,5.0,15,True,False,success,saved,True,False,False,85,15,0,0,5,15
default,a2c,2024,stochastic,19,50019,5.0,15,True,False,success,saved,True,False,False,85,15,0,0,5,15
default,a2c,2024,stochastic,20,50020,5.0,15,True,False,success,saved,True,False,False,85,15,0,0,5,15
default,a2c,2024,stochastic,21,50021,5.0,15,True,False,success,saved,True,False,False,85,15,0,0,5,15
default,a2c,2024,stochastic,22,50022,5.0,15,True,False,success,saved,True,False,False,83,17,0,0,5,15
default,a2c,2024,stochastic,23,50023,5.0,15,True,False,success,saved,True,False,False,83,17,0,0,5,15
default,a2c,2024,stochastic,24,50024,5.0,15,True,False,success,saved,True,False,False,85,15,0,0,5,15
default,a2c,2024,stochastic,25,50025,5.0,15,True,False,success,saved,True,False,False,85,15,0,0,5,15
default,a2c,2024,stochastic,26,50026,5.0,15,True,False,success,saved,True,False,False,85,15,0,0,5,15
default,a2c,2024,stochastic,27,50027,5.0,15,True,False,success,saved,True,False,False,85,15,0,0,5,15
default,a2c,2024,stochastic,28,50028,5.0,15,True,False,success,saved,True,False,False,85,15,0,0,5,15
default,a2c,2024,stochastic,29,50029,5.0,15,True,False,success,saved,True,False,False,85,15,0,0,5,15
default,a2c,2024,stochastic,30,50030,5.0,15,True,False,success,saved,True,False,False,85,15,0,0,5,15
default,a2c,2024,stochastic,31,50031,5.0,15,True,False,success,saved,True,False,False,85,15,0,0,5,15
default,a2c,2024,stochastic,32,50032,5.0,15,True,False,success,saved,True,False,False,85,15,0,0,5,15
default,a2c,2024,stochastic,33,50033,5.0,15,True,False,success,saved,True,False,False,85,15,0,0,5,15
default,a2c,2024,stochastic,34,50034,5.0,15,True,False,success,saved,True,False,False,85,15,0,0,5,15
default,a2c,2024,stochastic,35,50035,5.0,15,True,False,success,saved,True,False,False,85,15,0,0,5,15
default,a2c,2024,stochastic,36,50036,5.0,15,True,False,success,saved,True,False,False,83,17,0,0,5,15
default,a2c,2024,stochastic,37,50037,5.0,15,True,False,success,saved,True,False,False,85,15,0,0,5,15
default,a2c,2024,stochastic,38,50038,5.0,15,True,False,success,saved,True,False,False,85,15,0,0,5,15
default,a2c,2024,stochastic,39,50039,5.0,15,True,False,success,saved,True,False,False,85,15,0,0,5,15
default,a2c,2024,stochastic,40,50040,5.0,15,True,False,success,saved,True,False,False,85,15,0,0,5,15
default,a2c,2024,stochastic,41,50041,5.0,15,True,False,success,saved,True,False,False,85,15,0,0,5,15
default,a2c,2024,stochastic,42,50042,5.0,15,True,False,success,saved,True,False,False,85,15,0,0,5,15
default,a2c,2024,stochastic,43,50043,5.0,15,True,False,success,saved,True,False,False,85,15,0,0,5,15
default,a2c,2024,stochastic,44,50044,5.0,15,True,False,success,saved,True,False,False,85,15,0,0,5,15
default,a2c,2024,stochastic,45,50045,5.0,15,True,False,success,saved,True,False,False,85,15,0,0,5,15
default,a2c,2024,stochastic,46,50046,5.0,15,True,False,success,saved,True,False,False,85,15,0,0,5,15
default,a2c,2024,stochastic,47,50047,5.0,15,True,False,success,saved,True,False,False,83,17,0,0,5,15
default,a2c,2024,stochastic,48,50048,5.0,15,True,False,success,saved,True,False,False,81,19,0,0,5,15
default,a2c,2024,stochastic,49,50049,5.0,15,True,False,success,saved,True,False,False,85,15,0,0,5,15
default,a2c,2024,stochastic,50,50050,5.0,15,True,False,success,saved,True,False,False,85,15,0,0,5,15
default,a2c,2024,stochastic,51,50051,5.0,15,True,False,success,saved,True,False,False,85,15,0,0,5,15
default,a2c,2024,stochastic,52,50052,5.0,15,True,False,success,saved,True,False,False,85,15,0,0,5,15
default,a2c,2024,stochastic,53,50053,5.0,15,True,False,success,saved,True,False,False,85,15,0,0,5,15
default,a2c,2024,stochastic,54,50054,5.0,15,True,False,success,saved,True,False,False,85,15,0,0,5,15
default,a2c,2024,stochastic,55,50055,5.0,15,True,False,success,saved,True,False,False,85,15,0,0,5,15
default,a2c,2024,stochastic,56,50056,5.0,15,True,False,success,saved,True,False,False,85,15,0,0,5,15
default,a2c,2024,stochastic,57,50057,5.0,15,True,False,success,saved,True,False,False,85,15,0,0,5,15
default,a2c,2024,stochastic,58,50058,5.0,15,True,False,success,saved,True,False,False,85,15,0,0,5,15
default,a2c,2024,stochastic,59,50059,5.0,15,True,False,success,saved,True,False,False,85,15,0,0,5,15
default,a2c,2024,stochastic,60,50060,5.0,15,True,False,success,saved,True,False,False,85,15,0,0,5,15
default,a2c,2024,stochastic,61,50061,5.0,15,True,False,success,saved,True,False,False,85,15,0,0,5,15
default,a2c,2024,stochastic,62,50062,5.0,15,True,False,success,saved,True,False,False,85,15,0,0,5,15
default,a2c,2024,stochastic,63,50063,5.0,15,True,False,success,saved,True,False,False,85,15,0,0,5,15
default,a2c,2024,stochastic,64,50064,5.0,15,True,False,success,saved,True,False,False,83,17,0,0,5,15
default,a2c,2024,stochastic,65,50065,5.0,15,True,False,success,saved,True,False,False,85,15,0,0,5,15
default,a2c,2024,stochastic,66,50066,5.0,15,True,False,success,saved,True,False,False,85,15,0,0,5,15
default,a2c,2024,stochastic,67,50067,5.0,15,True,False,success,saved,True,False,False,85,15,0,0,5,15
default,a2c,2024,stochastic,68,50068,5.0,15,True,False,success,saved,True,False,False,85,15,0,0,5,15
default,a2c,2024,stochastic,69,50069,5.0,15,True,False,success,saved,True,False,False,85,15,0,0,5,15
default,a2c,2024,stochastic,70,50070,5.0,15,True,False,success,saved,True,False,False,83,17,0,0,5,15
default,a2c,2024,stochastic,71,50071,5.0,15,True,False,success,saved,True,False,False,85,15,0,0,5,15
default,a2c,2024,stochastic,72,50072,5.0,15,True,False,success,saved,True,False,False,85,15,0,0,5,15
default,a2c,2024,stochastic,73,50073,5.0,15,True,False,success,saved,True,False,False,85,15,0,0,5,15
default,a2c,2024,stochastic,74,50074,5.0,15,True,False,success,saved,True,False,False,85,15,0,0,5,15
default,a2c,2024,stochastic,75,50075,5.0,15,True,False,success,saved,True,False,False,85,15,0,0,5,15
default,a2c,2024,stochastic,76,50076,5.0,15,True,False,success,saved,True,False,False,85,15,0,0,5,15
default,a2c,2024,stochastic,77,50077,5.0,15,True,False,success,saved,True,False,False,85,15,0,0,5,15
default,a2c,2024,stochastic,78,50078,5.0,15,True,False,success,saved,True,False,False,85,15,0,0,5,15
default,a2c,2024,stochastic,79,50079,5.0,15,True,False,success,saved,True,False,False,85,15,0,0,5,15
default,a2c,2024,stochastic,80,50080,5.0,15,True,False,success,saved,True,False,False,83,17,0,0,5,15
default,a2c,2024,stochastic,81,50081,5.0,15,True,False,success,saved,True,False,False,85,15,0,0,5,15
default,a2c,2024,stochastic,82,50082,5.0,15,True,False,success,saved,True,False,False,85,15,0,0,5,15
default,a2c,2024,stochastic,83,50083,5.0,15,True,False,success,saved,True,False,False,85,15,0,0,5,15
default,a2c,2024,stochastic,84,50084,5.0,15,True,False,success,saved,True,False,False,85,15,0,0,5,15
default,a2c,2024,stochastic,85,50085,5.0,15,True,False,success,saved,True,False,False,85,15,0,0,5,15
default,a2c,2024,stochastic,86,50086,-95.0,100,False,True,max_steps,with_robot,False,False,False,78,22,1,1,5,
default,a2c,2024,stochastic,87,50087,5.0,15,True,False,success,saved,True,False,False,85,15,0,0,5,15
default,a2c,2024,stochastic,88,50088,5.0,15,True,False,success,saved,True,False,False,85,15,0,0,5,15
default,a2c,2024,stochastic,89,50089,5.0,15,True,False,success,saved,True,False,False,85,15,0,0,5,15
default,a2c,2024,stochastic,90,50090,5.0,15,True,False,success,saved,True,False,False,85,15,0,0,5,15
default,a2c,2024,stochastic,91,50091,5.0,15,True,False,success,saved,True,False,False,85,15,0,0,5,15
default,a2c,2024,stochastic,92,50092,5.0,15,True,False,success,saved,True,False,False,85,15,0,0,5,15
default,a2c,2024,stochastic,93,50093,5.0,15,True,False,success,saved,True,False,False,85,15,0,0,5,15
default,a2c,2024,stochastic,94,50094,5.0,15,True,False,success,saved,True,False,False,85,15,0,0,5,15
default,a2c,2024,stochastic,95,50095,5.0,15,True,False,success,saved,True,False,False,83,17,0,0,5,15
default,a2c,2024,stochastic,96,50096,5.0,15,True,False,success,saved,True,False,False,85,15,0,0,5,15
default,a2c,2024,stochastic,97,50097,5.0,15,True,False,success,saved,True,False,False,85,15,0,0,5,15
default,a2c,2024,stochastic,98,50098,5.0,15,True,False,success,saved,True,False,False,85,15,0,0,5,15
default,a2c,2024,stochastic,99,50099,5.0,15,True,False,success,saved,True,False,False,85,15,0,0,5,15
default,a2c,7,deterministic,0,50000,5.0,15,True,False,success,saved,True,False,False,85,15,0,0,5,15
default,a2c,7,deterministic,1,50001,5.0,15,True,False,success,saved,True,False,False,85,15,0,0,5,15
default,a2c,7,deterministic,2,50002,5.0,15,True,False,success,saved,True,False,False,85,15,0,0,5,15
default,a2c,7,deterministic,3,50003,5.0,15,True,False,success,saved,True,False,False,85,15,0,0,5,15
default,a2c,7,deterministic,4,50004,5.0,15,True,False,success,saved,True,False,False,85,15,0,0,5,15
default,a2c,7,deterministic,5,50005,5.0,15,True,False,success,saved,True,False,False,85,15,0,0,5,15
default,a2c,7,deterministic,6,50006,5.0,15,True,False,success,saved,True,False,False,85,15,0,0,5,15
default,a2c,7,deterministic,7,50007,3.0,17,True,False,success,saved,True,False,False,55,45,2,0,5,17
default,a2c,7,deterministic,8,50008,5.0,15,True,False,success,saved,True,False,False,85,15,0,0,5,15
default,a2c,7,deterministic,9,50009,4.0,16,True,False,success,saved,True,False,False,70,30,1,0,5,16
default,a2c,7,deterministic,10,50010,5.0,15,True,False,success,saved,True,False,False,85,15,0,0,5,15
default,a2c,7,deterministic,11,50011,5.0,15,True,False,success,saved,True,False,False,85,15,0,0,5,15
default,a2c,7,deterministic,12,50012,5.0,15,True,False,success,saved,True,False,False,85,15,0,0,5,15
default,a2c,7,deterministic,13,50013,5.0,15,True,False,success,saved,True,False,False,85,15,0,0,5,15
default,a2c,7,deterministic,14,50014,5.0,15,True,False,success,saved,True,False,False,85,15,0,0,5,15
default,a2c,7,deterministic,15,50015,8.0,17,True,False,success,saved,True,False,False,55,45,2,1,5,17
default,a2c,7,deterministic,16,50016,5.0,15,True,False,success,saved,True,False,False,85,15,0,0,5,15
default,a2c,7,deterministic,17,50017,5.0,15,True,False,success,saved,True,False,False,85,15,0,0,5,15
default,a2c,7,deterministic,18,50018,5.0,15,True,False,success,saved,True,False,False,85,15,0,0,5,15
default,a2c,7,deterministic,19,50019,5.0,15,True,False,success,saved,True,False,False,85,15,0,0,5,15
default,a2c,7,deterministic,20,50020,5.0,15,True,False,success,saved,True,False,False,85,15,0,0,5,15
default,a2c,7,deterministic,21,50021,5.0,15,True,False,success,saved,True,False,False,85,15,0,0,5,15
default,a2c,7,deterministic,22,50022,5.0,15,True,False,success,saved,True,False,False,85,15,0,0,5,15
default,a2c,7,deterministic,23,50023,0.0,20,True,False,success,saved,True,False,False,70,30,1,0,5,20
default,a2c,7,deterministic,24,50024,5.0,15,True,False,success,saved,True,False,False,85,15,0,0,5,15
default,a2c,7,deterministic,25,50025,5.0,15,True,False,success,saved,True,False,False,85,15,0,0,5,15
default,a2c,7,deterministic,26,50026,5.0,15,True,False,success,saved,True,False,False,85,15,0,0,5,15
default,a2c,7,deterministic,27,50027,5.0,15,True,False,success,saved,True,False,False,85,15,0,0,5,15
default,a2c,7,deterministic,28,50028,5.0,15,True,False,success,saved,True,False,False,85,15,0,0,5,15
default,a2c,7,deterministic,29,50029,5.0,15,True,False,success,saved,True,False,False,85,15,0,0,5,15
default,a2c,7,deterministic,30,50030,5.0,15,True,False,success,saved,True,False,False,85,15,0,0,5,15
default,a2c,7,deterministic,31,50031,5.0,15,True,False,success,saved,True,False,False,85,15,0,0,5,15
default,a2c,7,deterministic,32,50032,5.0,15,True,False,success,saved,True,False,False,85,15,0,0,5,15
default,a2c,7,deterministic,33,50033,5.0,15,True,False,success,saved,True,False,False,85,15,0,0,5,15
default,a2c,7,deterministic,34,50034,5.0,15,True,False,success,saved,True,False,False,85,15,0,0,5,15
default,a2c,7,deterministic,35,50035,5.0,15,True,False,success,saved,True,False,False,85,15,0,0,5,15
default,a2c,7,deterministic,36,50036,5.0,15,True,False,success,saved,True,False,False,85,15,0,0,5,15
default,a2c,7,deterministic,37,50037,5.0,15,True,False,success,saved,True,False,False,85,15,0,0,5,15
default,a2c,7,deterministic,38,50038,5.0,15,True,False,success,saved,True,False,False,85,15,0,0,5,15
default,a2c,7,deterministic,39,50039,5.0,15,True,False,success,saved,True,False,False,85,15,0,0,5,15
default,a2c,7,deterministic,40,50040,5.0,15,True,False,success,saved,True,False,False,85,15,0,0,5,15
default,a2c,7,deterministic,41,50041,5.0,15,True,False,success,saved,True,False,False,85,15,0,0,5,15
default,a2c,7,deterministic,42,50042,5.0,15,True,False,success,saved,True,False,False,85,15,0,0,5,15
default,a2c,7,deterministic,43,50043,5.0,15,True,False,success,saved,True,False,False,85,15,0,0,5,15
default,a2c,7,deterministic,44,50044,5.0,15,True,False,success,saved,True,False,False,85,15,0,0,5,15
default,a2c,7,deterministic,45,50045,5.0,15,True,False,success,saved,True,False,False,85,15,0,0,5,15
default,a2c,7,deterministic,46,50046,5.0,15,True,False,success,saved,True,False,False,85,15,0,0,5,15
default,a2c,7,deterministic,47,50047,5.0,15,True,False,success,saved,True,False,False,85,15,0,0,5,15
default,a2c,7,deterministic,48,50048,5.0,15,True,False,success,saved,True,False,False,85,15,0,0,5,15
default,a2c,7,deterministic,49,50049,5.0,15,True,False,success,saved,True,False,False,85,15,0,0,5,15
default,a2c,7,deterministic,50,50050,5.0,15,True,False,success,saved,True,False,False,85,15,0,0,5,15
default,a2c,7,deterministic,51,50051,5.0,15,True,False,success,saved,True,False,False,85,15,0,0,5,15
default,a2c,7,deterministic,52,50052,5.0,15,True,False,success,saved,True,False,False,85,15,0,0,5,15
default,a2c,7,deterministic,53,50053,5.0,15,True,False,success,saved,True,False,False,85,15,0,0,5,15
default,a2c,7,deterministic,54,50054,5.0,15,True,False,success,saved,True,False,False,85,15,0,0,5,15
default,a2c,7,deterministic,55,50055,5.0,15,True,False,success,saved,True,False,False,85,15,0,0,5,15
default,a2c,7,deterministic,56,50056,5.0,15,True,False,success,saved,True,False,False,85,15,0,0,5,15
default,a2c,7,deterministic,57,50057,5.0,15,True,False,success,saved,True,False,False,85,15,0,0,5,15
default,a2c,7,deterministic,58,50058,5.0,15,True,False,success,saved,True,False,False,85,15,0,0,5,15
default,a2c,7,deterministic,59,50059,5.0,15,True,False,success,saved,True,False,False,85,15,0,0,5,15
default,a2c,7,deterministic,60,50060,5.0,15,True,False,success,saved,True,False,False,85,15,0,0,5,15
default,a2c,7,deterministic,61,50061,5.0,15,True,False,success,saved,True,False,False,85,15,0,0,5,15
default,a2c,7,deterministic,62,50062,5.0,15,True,False,success,saved,True,False,False,85,15,0,0,5,15
default,a2c,7,deterministic,63,50063,5.0,15,True,False,success,saved,True,False,False,85,15,0,0,5,15
default,a2c,7,deterministic,64,50064,5.0,15,True,False,success,saved,True,False,False,85,15,0,0,5,15
default,a2c,7,deterministic,65,50065,5.0,15,True,False,success,saved,True,False,False,85,15,0,0,5,15
default,a2c,7,deterministic,66,50066,5.0,15,True,False,success,saved,True,False,False,85,15,0,0,5,15
default,a2c,7,deterministic,67,50067,5.0,15,True,False,success,saved,True,False,False,85,15,0,0,5,15
default,a2c,7,deterministic,68,50068,5.0,15,True,False,success,saved,True,False,False,85,15,0,0,5,15
default,a2c,7,deterministic,69,50069,5.0,15,True,False,success,saved,True,False,False,85,15,0,0,5,15
default,a2c,7,deterministic,70,50070,5.0,15,True,False,success,saved,True,False,False,85,15,0,0,5,15
default,a2c,7,deterministic,71,50071,5.0,15,True,False,success,saved,True,False,False,85,15,0,0,5,15
default,a2c,7,deterministic,72,50072,5.0,15,True,False,success,saved,True,False,False,85,15,0,0,5,15
default,a2c,7,deterministic,73,50073,5.0,15,True,False,success,saved,True,False,False,85,15,0,0,5,15
default,a2c,7,deterministic,74,50074,5.0,15,True,False,success,saved,True,False,False,85,15,0,0,5,15
default,a2c,7,deterministic,75,50075,5.0,15,True,False,success,saved,True,False,False,85,15,0,0,5,15
default,a2c,7,deterministic,76,50076,5.0,15,True,False,success,saved,True,False,False,85,15,0,0,5,15
default,a2c,7,deterministic,77,50077,5.0,15,True,False,success,saved,True,False,False,85,15,0,0,5,15
default,a2c,7,deterministic,78,50078,5.0,15,True,False,success,saved,True,False,False,85,15,0,0,5,15
default,a2c,7,deterministic,79,50079,5.0,15,True,False,success,saved,True,False,False,85,15,0,0,5,15
default,a2c,7,deterministic,80,50080,5.0,15,True,False,success,saved,True,False,False,85,15,0,0,5,15
default,a2c,7,deterministic,81,50081,5.0,15,True,False,success,saved,True,False,False,85,15,0,0,5,15
default,a2c,7,deterministic,82,50082,5.0,15,True,False,success,saved,True,False,False,85,15,0,0,5,15
default,a2c,7,deterministic,83,50083,5.0,15,True,False,success,saved,True,False,False,85,15,0,0,5,15
default,a2c,7,deterministic,84,50084,5.0,15,True,False,success,saved,True,False,False,85,15,0,0,5,15
default,a2c,7,deterministic,85,50085,5.0,15,True,False,success,saved,True,False,False,85,15,0,0,5,15
default,a2c,7,deterministic,86,50086,5.0,15,True,False,success,saved,True,False,False,85,15,0,0,5,15
default,a2c,7,deterministic,87,50087,5.0,15,True,False,success,saved,True,False,False,85,15,0,0,5,15
default,a2c,7,deterministic,88,50088,5.0,15,True,False,success,saved,True,False,False,85,15,0,0,5,15
default,a2c,7,deterministic,89,50089,5.0,15,True,False,success,saved,True,False,False,85,15,0,0,5,15
default,a2c,7,deterministic,90,50090,5.0,15,True,False,success,saved,True,False,False,85,15,0,0,5,15
default,a2c,7,deterministic,91,50091,5.0,15,True,False,success,saved,True,False,False,85,15,0,0,5,15
default,a2c,7,deterministic,92,50092,5.0,15,True,False,success,saved,True,False,False,85,15,0,0,5,15
default,a2c,7,deterministic,93,50093,5.0,15,True,False,success,saved,True,False,False,85,15,0,0,5,15
default,a2c,7,deterministic,94,50094,5.0,15,True,False,success,saved,True,False,False,85,15,0,0,5,15
default,a2c,7,deterministic,95,50095,5.0,15,True,False,success,saved,True,False,False,85,15,0,0,5,15
default,a2c,7,deterministic,96,50096,5.0,15,True,False,success,saved,True,False,False,85,15,0,0,5,15
default,a2c,7,deterministic,97,50097,5.0,15,True,False,success,saved,True,False,False,85,15,0,0,5,15
default,a2c,7,deterministic,98,50098,5.0,15,True,False,success,saved,True,False,False,85,15,0,0,5,15
default,a2c,7,deterministic,99,50099,5.0,15,True,False,success,saved,True,False,False,85,15,0,0,5,15
default,a2c,7,stochastic,0,50000,5.0,15,True,False,success,saved,True,False,False,85,15,0,0,5,15
default,a2c,7,stochastic,1,50001,5.0,15,True,False,success,saved,True,False,False,85,15,0,0,5,15
default,a2c,7,stochastic,2,50002,5.0,15,True,False,success,saved,True,False,False,85,15,0,0,5,15
default,a2c,7,stochastic,3,50003,5.0,15,True,False,success,saved,True,False,False,85,15,0,0,5,15
default,a2c,7,stochastic,4,50004,5.0,15,True,False,success,saved,True,False,False,85,15,0,0,5,15
default,a2c,7,stochastic,5,50005,5.0,15,True,False,success,saved,True,False,False,85,15,0,0,5,15
default,a2c,7,stochastic,6,50006,5.0,15,True,False,success,saved,True,False,False,85,15,0,0,5,15
default,a2c,7,stochastic,7,50007,4.0,16,True,False,success,saved,True,False,False,70,30,1,0,5,16
default,a2c,7,stochastic,8,50008,5.0,15,True,False,success,saved,True,False,False,85,15,0,0,5,15
default,a2c,7,stochastic,9,50009,8.0,17,True,False,success,saved,True,False,False,55,45,2,1,5,17
default,a2c,7,stochastic,10,50010,5.0,15,True,False,success,saved,True,False,False,85,15,0,0,5,15
default,a2c,7,stochastic,11,50011,5.0,15,True,False,success,saved,True,False,False,85,15,0,0,5,15
default,a2c,7,stochastic,12,50012,5.0,15,True,False,success,saved,True,False,False,85,15,0,0,5,15
default,a2c,7,stochastic,13,50013,5.0,15,True,False,success,saved,True,False,False,85,15,0,0,5,15
default,a2c,7,stochastic,14,50014,5.0,15,True,False,success,saved,True,False,False,85,15,0,0,5,15
default,a2c,7,stochastic,15,50015,4.0,16,True,False,success,saved,True,False,False,70,30,1,0,5,16
default,a2c,7,stochastic,16,50016,5.0,15,True,False,success,saved,True,False,False,85,15,0,0,5,15
default,a2c,7,stochastic,17,50017,5.0,15,True,False,success,saved,True,False,False,85,15,0,0,5,15
default,a2c,7,stochastic,18,50018,5.0,15,True,False,success,saved,True,False,False,85,15,0,0,5,15
default,a2c,7,stochastic,19,50019,5.0,15,True,False,success,saved,True,False,False,85,15,0,0,5,15
default,a2c,7,stochastic,20,50020,5.0,15,True,False,success,saved,True,False,False,85,15,0,0,5,15
default,a2c,7,stochastic,21,50021,5.0,15,True,False,success,saved,True,False,False,85,15,0,0,5,15
default,a2c,7,stochastic,22,50022,5.0,15,True,False,success,saved,True,False,False,85,15,0,0,5,15
default,a2c,7,stochastic,23,50023,5.0,15,True,False,success,saved,True,False,False,85,15,0,0,5,15
default,a2c,7,stochastic,24,50024,5.0,15,True,False,success,saved,True,False,False,85,15,0,0,5,15
default,a2c,7,stochastic,25,50025,5.0,15,True,False,success,saved,True,False,False,85,15,0,0,5,15
default,a2c,7,stochastic,26,50026,5.0,15,True,False,success,saved,True,False,False,85,15,0,0,5,15
default,a2c,7,stochastic,27,50027,5.0,15,True,False,success,saved,True,False,False,85,15,0,0,5,15
default,a2c,7,stochastic,28,50028,5.0,15,True,False,success,saved,True,False,False,85,15,0,0,5,15
default,a2c,7,stochastic,29,50029,5.0,15,True,False,success,saved,True,False,False,85,15,0,0,5,15
default,a2c,7,stochastic,30,50030,5.0,15,True,False,success,saved,True,False,False,85,15,0,0,5,15
default,a2c,7,stochastic,31,50031,5.0,15,True,False,success,saved,True,False,False,85,15,0,0,5,15
default,a2c,7,stochastic,32,50032,4.0,16,True,False,success,saved,True,False,False,70,30,1,0,5,16
default,a2c,7,stochastic,33,50033,5.0,15,True,False,success,saved,True,False,False,85,15,0,0,5,15
default,a2c,7,stochastic,34,50034,5.0,15,True,False,success,saved,True,False,False,85,15,0,0,5,15
default,a2c,7,stochastic,35,50035,5.0,15,True,False,success,saved,True,False,False,85,15,0,0,5,15
default,a2c,7,stochastic,36,50036,5.0,15,True,False,success,saved,True,False,False,85,15,0,0,5,15
default,a2c,7,stochastic,37,50037,5.0,15,True,False,success,saved,True,False,False,85,15,0,0,5,15
default,a2c,7,stochastic,38,50038,5.0,15,True,False,success,saved,True,False,False,85,15,0,0,5,15
default,a2c,7,stochastic,39,50039,5.0,15,True,False,success,saved,True,False,False,85,15,0,0,5,15
default,a2c,7,stochastic,40,50040,5.0,15,True,False,success,saved,True,False,False,85,15,0,0,5,15
default,a2c,7,stochastic,41,50041,5.0,15,True,False,success,saved,True,False,False,85,15,0,0,5,15
default,a2c,7,stochastic,42,50042,5.0,15,True,False,success,saved,True,False,False,85,15,0,0,5,15
default,a2c,7,stochastic,43,50043,5.0,15,True,False,success,saved,True,False,False,85,15,0,0,5,15
default,a2c,7,stochastic,44,50044,5.0,15,True,False,success,saved,True,False,False,85,15,0,0,5,15
default,a2c,7,stochastic,45,50045,5.0,15,True,False,success,saved,True,False,False,85,15,0,0,5,15
default,a2c,7,stochastic,46,50046,5.0,15,True,False,success,saved,True,False,False,85,15,0,0,5,15
default,a2c,7,stochastic,47,50047,5.0,15,True,False,success,saved,True,False,False,85,15,0,0,5,15
default,a2c,7,stochastic,48,50048,4.0,16,True,False,success,saved,True,False,False,85,15,0,0,5,16
default,a2c,7,stochastic,49,50049,5.0,15,True,False,success,saved,True,False,False,85,15,0,0,5,15
default,a2c,7,stochastic,50,50050,5.0,15,True,False,success,saved,True,False,False,85,15,0,0,5,15
default,a2c,7,stochastic,51,50051,5.0,15,True,False,success,saved,True,False,False,85,15,0,0,5,15
default,a2c,7,stochastic,52,50052,5.0,15,True,False,success,saved,True,False,False,85,15,0,0,5,15
default,a2c,7,stochastic,53,50053,5.0,15,True,False,success,saved,True,False,False,85,15,0,0,5,15
default,a2c,7,stochastic,54,50054,5.0,15,True,False,success,saved,True,False,False,85,15,0,0,5,15
default,a2c,7,stochastic,55,50055,5.0,15,True,False,success,saved,True,False,False,85,15,0,0,5,15
default,a2c,7,stochastic,56,50056,5.0,15,True,False,success,saved,True,False,False,85,15,0,0,5,15
default,a2c,7,stochastic,57,50057,5.0,15,True,False,success,saved,True,False,False,85,15,0,0,5,15
default,a2c,7,stochastic,58,50058,5.0,15,True,False,success,saved,True,False,False,85,15,0,0,5,15
default,a2c,7,stochastic,59,50059,5.0,15,True,False,success,saved,True,False,False,85,15,0,0,5,15
default,a2c,7,stochastic,60,50060,5.0,15,True,False,success,saved,True,False,False,85,15,0,0,5,15
default,a2c,7,stochastic,61,50061,5.0,15,True,False,success,saved,True,False,False,85,15,0,0,5,15
default,a2c,7,stochastic,62,50062,5.0,15,True,False,success,saved,True,False,False,85,15,0,0,5,15
default,a2c,7,stochastic,63,50063,5.0,15,True,False,success,saved,True,False,False,85,15,0,0,5,15
default,a2c,7,stochastic,64,50064,5.0,15,True,False,success,saved,True,False,False,85,15,0,0,5,15
default,a2c,7,stochastic,65,50065,5.0,15,True,False,success,saved,True,False,False,85,15,0,0,5,15
default,a2c,7,stochastic,66,50066,5.0,15,True,False,success,saved,True,False,False,85,15,0,0,5,15
default,a2c,7,stochastic,67,50067,5.0,15,True,False,success,saved,True,False,False,85,15,0,0,5,15
default,a2c,7,stochastic,68,50068,5.0,15,True,False,success,saved,True,False,False,85,15,0,0,5,15
default,a2c,7,stochastic,69,50069,5.0,15,True,False,success,saved,True,False,False,85,15,0,0,5,15
default,a2c,7,stochastic,70,50070,5.0,15,True,False,success,saved,True,False,False,85,15,0,0,5,15
default,a2c,7,stochastic,71,50071,5.0,15,True,False,success,saved,True,False,False,85,15,0,0,5,15
default,a2c,7,stochastic,72,50072,5.0,15,True,False,success,saved,True,False,False,85,15,0,0,5,15
default,a2c,7,stochastic,73,50073,5.0,15,True,False,success,saved,True,False,False,85,15,0,0,5,15
default,a2c,7,stochastic,74,50074,5.0,15,True,False,success,saved,True,False,False,85,15,0,0,5,15
default,a2c,7,stochastic,75,50075,5.0,15,True,False,success,saved,True,False,False,85,15,0,0,5,15
default,a2c,7,stochastic,76,50076,5.0,15,True,False,success,saved,True,False,False,85,15,0,0,5,15
default,a2c,7,stochastic,77,50077,5.0,15,True,False,success,saved,True,False,False,85,15,0,0,5,15
default,a2c,7,stochastic,78,50078,5.0,15,True,False,success,saved,True,False,False,85,15,0,0,5,15
default,a2c,7,stochastic,79,50079,5.0,15,True,False,success,saved,True,False,False,85,15,0,0,5,15
default,a2c,7,stochastic,80,50080,4.0,16,True,False,success,saved,True,False,False,70,30,1,0,5,16
default,a2c,7,stochastic,81,50081,5.0,15,True,False,success,saved,True,False,False,85,15,0,0,5,15
default,a2c,7,stochastic,82,50082,5.0,15,True,False,success,saved,True,False,False,85,15,0,0,5,15
default,a2c,7,stochastic,83,50083,5.0,15,True,False,success,saved,True,False,False,85,15,0,0,5,15
default,a2c,7,stochastic,84,50084,5.0,15,True,False,success,saved,True,False,False,85,15,0,0,5,15
default,a2c,7,stochastic,85,50085,5.0,15,True,False,success,saved,True,False,False,85,15,0,0,5,15
default,a2c,7,stochastic,86,50086,5.0,15,True,False,success,saved,True,False,False,85,15,0,0,5,15
default,a2c,7,stochastic,87,50087,5.0,15,True,False,success,saved,True,False,False,85,15,0,0,5,15
default,a2c,7,stochastic,88,50088,5.0,15,True,False,success,saved,True,False,False,85,15,0,0,5,15
default,a2c,7,stochastic,89,50089,5.0,15,True,False,success,saved,True,False,False,85,15,0,0,5,15
default,a2c,7,stochastic,90,50090,5.0,15,True,False,success,saved,True,False,False,85,15,0,0,5,15
default,a2c,7,stochastic,91,50091,5.0,15,True,False,success,saved,True,False,False,85,15,0,0,5,15
default,a2c,7,stochastic,92,50092,5.0,15,True,False,success,saved,True,False,False,85,15,0,0,5,15
default,a2c,7,stochastic,93,50093,5.0,15,True,False,success,saved,True,False,False,85,15,0,0,5,15
default,a2c,7,stochastic,94,50094,5.0,15,True,False,success,saved,True,False,False,85,15,0,0,5,15
default,a2c,7,stochastic,95,50095,5.0,15,True,False,success,saved,True,False,False,85,15,0,0,5,15
default,a2c,7,stochastic,96,50096,5.0,15,True,False,success,saved,True,False,False,85,15,0,0,5,15
default,a2c,7,stochastic,97,50097,5.0,15,True,False,success,saved,True,False,False,85,15,0,0,5,15
default,a2c,7,stochastic,98,50098,5.0,15,True,False,success,saved,True,False,False,85,15,0,0,5,15
default,a2c,7,stochastic,99,50099,5.0,15,True,False,success,saved,True,False,False,85,15,0,0,5,15
default,a2c,314,deterministic,0,50000,5.0,15,True,False,success,saved,True,False,False,85,15,0,0,5,15
default,a2c,314,deterministic,1,50001,5.0,15,True,False,success,saved,True,False,False,85,15,0,0,5,15
default,a2c,314,deterministic,2,50002,5.0,15,True,False,success,saved,True,False,False,85,15,0,0,5,15
default,a2c,314,deterministic,3,50003,5.0,15,True,False,success,saved,True,False,False,85,15,0,0,5,15
default,a2c,314,deterministic,4,50004,5.0,15,True,False,success,saved,True,False,False,85,15,0,0,5,15
default,a2c,314,deterministic,5,50005,5.0,15,True,False,success,saved,True,False,False,85,15,0,0,5,15
default,a2c,314,deterministic,6,50006,5.0,15,True,False,success,saved,True,False,False,85,15,0,0,5,15
default,a2c,314,deterministic,7,50007,5.0,15,True,False,success,saved,True,False,False,85,15,0,0,5,15
default,a2c,314,deterministic,8,50008,5.0,15,True,False,success,saved,True,False,False,85,15,0,0,5,15
default,a2c,314,deterministic,9,50009,5.0,15,True,False,success,saved,True,False,False,85,15,0,0,5,15
default,a2c,314,deterministic,10,50010,5.0,15,True,False,success,saved,True,False,False,85,15,0,0,5,15
default,a2c,314,deterministic,11,50011,5.0,15,True,False,success,saved,True,False,False,85,15,0,0,5,15
default,a2c,314,deterministic,12,50012,5.0,15,True,False,success,saved,True,False,False,85,15,0,0,5,15
default,a2c,314,deterministic,13,50013,5.0,15,True,False,success,saved,True,False,False,85,15,0,0,5,15
default,a2c,314,deterministic,14,50014,5.0,15,True,False,success,saved,True,False,False,85,15,0,0,5,15
default,a2c,314,deterministic,15,50015,5.0,15,True,False,success,saved,True,False,False,85,15,0,0,5,15
default,a2c,314,deterministic,16,50016,5.0,15,True,False,success,saved,True,False,False,85,15,0,0,5,15
default,a2c,314,deterministic,17,50017,5.0,15,True,False,success,saved,True,False,False,85,15,0,0,5,15
default,a2c,314,deterministic,18,50018,5.0,15,True,False,success,saved,True,False,False,85,15,0,0,5,15
default,a2c,314,deterministic,19,50019,5.0,15,True,False,success,saved,True,False,False,85,15,0,0,5,15
default,a2c,314,deterministic,20,50020,5.0,15,True,False,success,saved,True,False,False,85,15,0,0,5,15
default,a2c,314,deterministic,21,50021,5.0,15,True,False,success,saved,True,False,False,85,15,0,0,5,15
default,a2c,314,deterministic,22,50022,5.0,15,True,False,success,saved,True,False,False,85,15,0,0,5,15
default,a2c,314,deterministic,23,50023,5.0,15,True,False,success,saved,True,False,False,85,15,0,0,5,15
default,a2c,314,deterministic,24,50024,5.0,15,True,False,success,saved,True,False,False,85,15,0,0,5,15
default,a2c,314,deterministic,25,50025,5.0,15,True,False,success,saved,True,False,False,85,15,0,0,5,15
default,a2c,314,deterministic,26,50026,5.0,15,True,False,success,saved,True,False,False,85,15,0,0,5,15
default,a2c,314,deterministic,27,50027,5.0,15,True,False,success,saved,True,False,False,85,15,0,0,5,15
default,a2c,314,deterministic,28,50028,5.0,15,True,False,success,saved,True,False,False,85,15,0,0,5,15
default,a2c,314,deterministic,29,50029,5.0,15,True,False,success,saved,True,False,False,85,15,0,0,5,15
default,a2c,314,deterministic,30,50030,5.0,15,True,False,success,saved,True,False,False,85,15,0,0,5,15
default,a2c,314,deterministic,31,50031,5.0,15,True,False,success,saved,True,False,False,85,15,0,0,5,15
default,a2c,314,deterministic,32,50032,5.0,15,True,False,success,saved,True,False,False,85,15,0,0,5,15
default,a2c,314,deterministic,33,50033,5.0,15,True,False,success,saved,True,False,False,85,15,0,0,5,15
default,a2c,314,deterministic,34,50034,5.0,15,True,False,success,saved,True,False,False,85,15,0,0,5,15
default,a2c,314,deterministic,35,50035,5.0,15,True,False,success,saved,True,False,False,85,15,0,0,5,15
default,a2c,314,deterministic,36,50036,5.0,15,True,False,success,saved,True,False,False,85,15,0,0,5,15
default,a2c,314,deterministic,37,50037,5.0,15,True,False,success,saved,True,False,False,85,15,0,0,5,15
default,a2c,314,deterministic,38,50038,5.0,15,True,False,success,saved,True,False,False,85,15,0,0,5,15
default,a2c,314,deterministic,39,50039,5.0,15,True,False,success,saved,True,False,False,85,15,0,0,5,15
default,a2c,314,deterministic,40,50040,5.0,15,True,False,success,saved,True,False,False,85,15,0,0,5,15
default,a2c,314,deterministic,41,50041,5.0,15,True,False,success,saved,True,False,False,85,15,0,0,5,15
default,a2c,314,deterministic,42,50042,5.0,15,True,False,success,saved,True,False,False,85,15,0,0,5,15
default,a2c,314,deterministic,43,50043,5.0,15,True,False,success,saved,True,False,False,85,15,0,0,5,15
default,a2c,314,deterministic,44,50044,5.0,15,True,False,success,saved,True,False,False,85,15,0,0,5,15
default,a2c,314,deterministic,45,50045,5.0,15,True,False,success,saved,True,False,False,85,15,0,0,5,15
default,a2c,314,deterministic,46,50046,5.0,15,True,False,success,saved,True,False,False,85,15,0,0,5,15
default,a2c,314,deterministic,47,50047,5.0,15,True,False,success,saved,True,False,False,85,15,0,0,5,15
default,a2c,314,deterministic,48,50048,5.0,15,True,False,success,saved,True,False,False,85,15,0,0,5,15
default,a2c,314,deterministic,49,50049,5.0,15,True,False,success,saved,True,False,False,85,15,0,0,5,15
default,a2c,314,deterministic,50,50050,5.0,15,True,False,success,saved,True,False,False,85,15,0,0,5,15
default,a2c,314,deterministic,51,50051,5.0,15,True,False,success,saved,True,False,False,85,15,0,0,5,15
default,a2c,314,deterministic,52,50052,5.0,15,True,False,success,saved,True,False,False,85,15,0,0,5,15
default,a2c,314,deterministic,53,50053,5.0,15,True,False,success,saved,True,False,False,85,15,0,0,5,15
default,a2c,314,deterministic,54,50054,5.0,15,True,False,success,saved,True,False,False,85,15,0,0,5,15
default,a2c,314,deterministic,55,50055,5.0,15,True,False,success,saved,True,False,False,85,15,0,0,5,15
default,a2c,314,deterministic,56,50056,5.0,15,True,False,success,saved,True,False,False,85,15,0,0,5,15
default,a2c,314,deterministic,57,50057,5.0,15,True,False,success,saved,True,False,False,85,15,0,0,5,15
default,a2c,314,deterministic,58,50058,5.0,15,True,False,success,saved,True,False,False,85,15,0,0,5,15
default,a2c,314,deterministic,59,50059,5.0,15,True,False,success,saved,True,False,False,85,15,0,0,5,15
default,a2c,314,deterministic,60,50060,5.0,15,True,False,success,saved,True,False,False,85,15,0,0,5,15
default,a2c,314,deterministic,61,50061,5.0,15,True,False,success,saved,True,False,False,85,15,0,0,5,15
default,a2c,314,deterministic,62,50062,5.0,15,True,False,success,saved,True,False,False,85,15,0,0,5,15
default,a2c,314,deterministic,63,50063,5.0,15,True,False,success,saved,True,False,False,85,15,0,0,5,15
default,a2c,314,deterministic,64,50064,5.0,15,True,False,success,saved,True,False,False,85,15,0,0,5,15
default,a2c,314,deterministic,65,50065,5.0,15,True,False,success,saved,True,False,False,85,15,0,0,5,15
default,a2c,314,deterministic,66,50066,5.0,15,True,False,success,saved,True,False,False,85,15,0,0,5,15
default,a2c,314,deterministic,67,50067,5.0,15,True,False,success,saved,True,False,False,85,15,0,0,5,15
default,a2c,314,deterministic,68,50068,5.0,15,True,False,success,saved,True,False,False,85,15,0,0,5,15
default,a2c,314,deterministic,69,50069,5.0,15,True,False,success,saved,True,False,False,85,15,0,0,5,15
default,a2c,314,deterministic,70,50070,5.0,15,True,False,success,saved,True,False,False,85,15,0,0,5,15
default,a2c,314,deterministic,71,50071,5.0,15,True,False,success,saved,True,False,False,85,15,0,0,5,15
default,a2c,314,deterministic,72,50072,5.0,15,True,False,success,saved,True,False,False,85,15,0,0,5,15
default,a2c,314,deterministic,73,50073,5.0,15,True,False,success,saved,True,False,False,85,15,0,0,5,15
default,a2c,314,deterministic,74,50074,5.0,15,True,False,success,saved,True,False,False,85,15,0,0,5,15
default,a2c,314,deterministic,75,50075,5.0,15,True,False,success,saved,True,False,False,85,15,0,0,5,15
default,a2c,314,deterministic,76,50076,5.0,15,True,False,success,saved,True,False,False,85,15,0,0,5,15
default,a2c,314,deterministic,77,50077,5.0,15,True,False,success,saved,True,False,False,85,15,0,0,5,15
default,a2c,314,deterministic,78,50078,5.0,15,True,False,success,saved,True,False,False,85,15,0,0,5,15
default,a2c,314,deterministic,79,50079,5.0,15,True,False,success,saved,True,False,False,85,15,0,0,5,15
default,a2c,314,deterministic,80,50080,5.0,15,True,False,success,saved,True,False,False,85,15,0,0,5,15
default,a2c,314,deterministic,81,50081,5.0,15,True,False,success,saved,True,False,False,85,15,0,0,5,15
default,a2c,314,deterministic,82,50082,5.0,15,True,False,success,saved,True,False,False,85,15,0,0,5,15
default,a2c,314,deterministic,83,50083,5.0,15,True,False,success,saved,True,False,False,85,15,0,0,5,15
default,a2c,314,deterministic,84,50084,5.0,15,True,False,success,saved,True,False,False,85,15,0,0,5,15
default,a2c,314,deterministic,85,50085,5.0,15,True,False,success,saved,True,False,False,85,15,0,0,5,15
default,a2c,314,deterministic,86,50086,5.0,15,True,False,success,saved,True,False,False,85,15,0,0,5,15
default,a2c,314,deterministic,87,50087,5.0,15,True,False,success,saved,True,False,False,85,15,0,0,5,15
default,a2c,314,deterministic,88,50088,5.0,15,True,False,success,saved,True,False,False,85,15,0,0,5,15
default,a2c,314,deterministic,89,50089,5.0,15,True,False,success,saved,True,False,False,85,15,0,0,5,15
default,a2c,314,deterministic,90,50090,5.0,15,True,False,success,saved,True,False,False,85,15,0,0,5,15
default,a2c,314,deterministic,91,50091,5.0,15,True,False,success,saved,True,False,False,85,15,0,0,5,15
default,a2c,314,deterministic,92,50092,5.0,15,True,False,success,saved,True,False,False,85,15,0,0,5,15
default,a2c,314,deterministic,93,50093,5.0,15,True,False,success,saved,True,False,False,85,15,0,0,5,15
default,a2c,314,deterministic,94,50094,5.0,15,True,False,success,saved,True,False,False,85,15,0,0,5,15
default,a2c,314,deterministic,95,50095,5.0,15,True,False,success,saved,True,False,False,85,15,0,0,5,15
default,a2c,314,deterministic,96,50096,5.0,15,True,False,success,saved,True,False,False,85,15,0,0,5,15
default,a2c,314,deterministic,97,50097,5.0,15,True,False,success,saved,True,False,False,85,15,0,0,5,15
default,a2c,314,deterministic,98,50098,5.0,15,True,False,success,saved,True,False,False,85,15,0,0,5,15
default,a2c,314,deterministic,99,50099,5.0,15,True,False,success,saved,True,False,False,85,15,0,0,5,15
default,a2c,314,stochastic,0,50000,5.0,15,True,False,success,saved,True,False,False,85,15,0,0,5,15
default,a2c,314,stochastic,1,50001,5.0,15,True,False,success,saved,True,False,False,85,15,0,0,5,15
default,a2c,314,stochastic,2,50002,5.0,15,True,False,success,saved,True,False,False,85,15,0,0,5,15
default,a2c,314,stochastic,3,50003,5.0,15,True,False,success,saved,True,False,False,85,15,0,0,5,15
default,a2c,314,stochastic,4,50004,5.0,15,True,False,success,saved,True,False,False,85,15,0,0,5,15
default,a2c,314,stochastic,5,50005,5.0,15,True,False,success,saved,True,False,False,85,15,0,0,5,15
default,a2c,314,stochastic,6,50006,5.0,15,True,False,success,saved,True,False,False,85,15,0,0,5,15
default,a2c,314,stochastic,7,50007,5.0,15,True,False,success,saved,True,False,False,85,15,0,0,5,15
default,a2c,314,stochastic,8,50008,5.0,15,True,False,success,saved,True,False,False,85,15,0,0,5,15
default,a2c,314,stochastic,9,50009,5.0,15,True,False,success,saved,True,False,False,85,15,0,0,5,15
default,a2c,314,stochastic,10,50010,5.0,15,True,False,success,saved,True,False,False,85,15,0,0,5,15
default,a2c,314,stochastic,11,50011,5.0,15,True,False,success,saved,True,False,False,85,15,0,0,5,15
default,a2c,314,stochastic,12,50012,5.0,15,True,False,success,saved,True,False,False,85,15,0,0,5,15
default,a2c,314,stochastic,13,50013,5.0,15,True,False,success,saved,True,False,False,85,15,0,0,5,15
default,a2c,314,stochastic,14,50014,5.0,15,True,False,success,saved,True,False,False,85,15,0,0,5,15
default,a2c,314,stochastic,15,50015,5.0,15,True,False,success,saved,True,False,False,85,15,0,0,5,15
default,a2c,314,stochastic,16,50016,5.0,15,True,False,success,saved,True,False,False,85,15,0,0,5,15
default,a2c,314,stochastic,17,50017,5.0,15,True,False,success,saved,True,False,False,85,15,0,0,5,15
default,a2c,314,stochastic,18,50018,5.0,15,True,False,success,saved,True,False,False,85,15,0,0,5,15
default,a2c,314,stochastic,19,50019,5.0,15,True,False,success,saved,True,False,False,85,15,0,0,5,15
default,a2c,314,stochastic,20,50020,5.0,15,True,False,success,saved,True,False,False,85,15,0,0,5,15
default,a2c,314,stochastic,21,50021,5.0,15,True,False,success,saved,True,False,False,85,15,0,0,5,15
default,a2c,314,stochastic,22,50022,5.0,15,True,False,success,saved,True,False,False,85,15,0,0,5,15
default,a2c,314,stochastic,23,50023,5.0,15,True,False,success,saved,True,False,False,85,15,0,0,5,15
default,a2c,314,stochastic,24,50024,5.0,15,True,False,success,saved,True,False,False,85,15,0,0,5,15
default,a2c,314,stochastic,25,50025,5.0,15,True,False,success,saved,True,False,False,85,15,0,0,5,15
default,a2c,314,stochastic,26,50026,5.0,15,True,False,success,saved,True,False,False,85,15,0,0,5,15
default,a2c,314,stochastic,27,50027,5.0,15,True,False,success,saved,True,False,False,85,15,0,0,5,15
default,a2c,314,stochastic,28,50028,5.0,15,True,False,success,saved,True,False,False,85,15,0,0,5,15
default,a2c,314,stochastic,29,50029,5.0,15,True,False,success,saved,True,False,False,85,15,0,0,5,15
default,a2c,314,stochastic,30,50030,5.0,15,True,False,success,saved,True,False,False,85,15,0,0,5,15
default,a2c,314,stochastic,31,50031,5.0,15,True,False,success,saved,True,False,False,85,15,0,0,5,15
default,a2c,314,stochastic,32,50032,5.0,15,True,False,success,saved,True,False,False,85,15,0,0,5,15
default,a2c,314,stochastic,33,50033,5.0,15,True,False,success,saved,True,False,False,85,15,0,0,5,15
default,a2c,314,stochastic,34,50034,5.0,15,True,False,success,saved,True,False,False,85,15,0,0,5,15
default,a2c,314,stochastic,35,50035,5.0,15,True,False,success,saved,True,False,False,85,15,0,0,5,15
default,a2c,314,stochastic,36,50036,5.0,15,True,False,success,saved,True,False,False,85,15,0,0,5,15
default,a2c,314,stochastic,37,50037,5.0,15,True,False,success,saved,True,False,False,85,15,0,0,5,15
default,a2c,314,stochastic,38,50038,5.0,15,True,False,success,saved,True,False,False,85,15,0,0,5,15
default,a2c,314,stochastic,39,50039,5.0,15,True,False,success,saved,True,False,False,85,15,0,0,5,15
default,a2c,314,stochastic,40,50040,5.0,15,True,False,success,saved,True,False,False,85,15,0,0,5,15
default,a2c,314,stochastic,41,50041,5.0,15,True,False,success,saved,True,False,False,85,15,0,0,5,15
default,a2c,314,stochastic,42,50042,5.0,15,True,False,success,saved,True,False,False,85,15,0,0,5,15
default,a2c,314,stochastic,43,50043,5.0,15,True,False,success,saved,True,False,False,85,15,0,0,5,15
default,a2c,314,stochastic,44,50044,5.0,15,True,False,success,saved,True,False,False,85,15,0,0,5,15
default,a2c,314,stochastic,45,50045,5.0,15,True,False,success,saved,True,False,False,85,15,0,0,5,15
default,a2c,314,stochastic,46,50046,5.0,15,True,False,success,saved,True,False,False,85,15,0,0,5,15
default,a2c,314,stochastic,47,50047,5.0,15,True,False,success,saved,True,False,False,85,15,0,0,5,15
default,a2c,314,stochastic,48,50048,5.0,15,True,False,success,saved,True,False,False,85,15,0,0,5,15
default,a2c,314,stochastic,49,50049,5.0,15,True,False,success,saved,True,False,False,85,15,0,0,5,15
default,a2c,314,stochastic,50,50050,5.0,15,True,False,success,saved,True,False,False,85,15,0,0,5,15
default,a2c,314,stochastic,51,50051,5.0,15,True,False,success,saved,True,False,False,85,15,0,0,5,15
default,a2c,314,stochastic,52,50052,5.0,15,True,False,success,saved,True,False,False,85,15,0,0,5,15
default,a2c,314,stochastic,53,50053,5.0,15,True,False,success,saved,True,False,False,85,15,0,0,5,15
default,a2c,314,stochastic,54,50054,5.0,15,True,False,success,saved,True,False,False,85,15,0,0,5,15
default,a2c,314,stochastic,55,50055,5.0,15,True,False,success,saved,True,False,False,85,15,0,0,5,15
default,a2c,314,stochastic,56,50056,5.0,15,True,False,success,saved,True,False,False,85,15,0,0,5,15
default,a2c,314,stochastic,57,50057,5.0,15,True,False,success,saved,True,False,False,85,15,0,0,5,15
default,a2c,314,stochastic,58,50058,5.0,15,True,False,success,saved,True,False,False,85,15,0,0,5,15
default,a2c,314,stochastic,59,50059,5.0,15,True,False,success,saved,True,False,False,85,15,0,0,5,15
default,a2c,314,stochastic,60,50060,5.0,15,True,False,success,saved,True,False,False,85,15,0,0,5,15
default,a2c,314,stochastic,61,50061,5.0,15,True,False,success,saved,True,False,False,85,15,0,0,5,15
default,a2c,314,stochastic,62,50062,5.0,15,True,False,success,saved,True,False,False,85,15,0,0,5,15
default,a2c,314,stochastic,63,50063,5.0,15,True,False,success,saved,True,False,False,85,15,0,0,5,15
default,a2c,314,stochastic,64,50064,5.0,15,True,False,success,saved,True,False,False,85,15,0,0,5,15
default,a2c,314,stochastic,65,50065,5.0,15,True,False,success,saved,True,False,False,85,15,0,0,5,15
default,a2c,314,stochastic,66,50066,5.0,15,True,False,success,saved,True,False,False,85,15,0,0,5,15
default,a2c,314,stochastic,67,50067,5.0,15,True,False,success,saved,True,False,False,85,15,0,0,5,15
default,a2c,314,stochastic,68,50068,5.0,15,True,False,success,saved,True,False,False,85,15,0,0,5,15
default,a2c,314,stochastic,69,50069,5.0,15,True,False,success,saved,True,False,False,85,15,0,0,5,15
default,a2c,314,stochastic,70,50070,5.0,15,True,False,success,saved,True,False,False,85,15,0,0,5,15
default,a2c,314,stochastic,71,50071,5.0,15,True,False,success,saved,True,False,False,85,15,0,0,5,15
default,a2c,314,stochastic,72,50072,5.0,15,True,False,success,saved,True,False,False,85,15,0,0,5,15
default,a2c,314,stochastic,73,50073,5.0,15,True,False,success,saved,True,False,False,85,15,0,0,5,15
default,a2c,314,stochastic,74,50074,5.0,15,True,False,success,saved,True,False,False,85,15,0,0,5,15
default,a2c,314,stochastic,75,50075,5.0,15,True,False,success,saved,True,False,False,85,15,0,0,5,15
default,a2c,314,stochastic,76,50076,5.0,15,True,False,success,saved,True,False,False,85,15,0,0,5,15
default,a2c,314,stochastic,77,50077,5.0,15,True,False,success,saved,True,False,False,85,15,0,0,5,15
default,a2c,314,stochastic,78,50078,5.0,15,True,False,success,saved,True,False,False,85,15,0,0,5,15
default,a2c,314,stochastic,79,50079,5.0,15,True,False,success,saved,True,False,False,85,15,0,0,5,15
default,a2c,314,stochastic,80,50080,5.0,15,True,False,success,saved,True,False,False,85,15,0,0,5,15
default,a2c,314,stochastic,81,50081,5.0,15,True,False,success,saved,True,False,False,85,15,0,0,5,15
default,a2c,314,stochastic,82,50082,5.0,15,True,False,success,saved,True,False,False,85,15,0,0,5,15
default,a2c,314,stochastic,83,50083,5.0,15,True,False,success,saved,True,False,False,85,15,0,0,5,15
default,a2c,314,stochastic,84,50084,5.0,15,True,False,success,saved,True,False,False,85,15,0,0,5,15
default,a2c,314,stochastic,85,50085,5.0,15,True,False,success,saved,True,False,False,85,15,0,0,5,15
default,a2c,314,stochastic,86,50086,5.0,15,True,False,success,saved,True,False,False,85,15,0,0,5,15
default,a2c,314,stochastic,87,50087,5.0,15,True,False,success,saved,True,False,False,85,15,0,0,5,15
default,a2c,314,stochastic,88,50088,5.0,15,True,False,success,saved,True,False,False,85,15,0,0,5,15
default,a2c,314,stochastic,89,50089,5.0,15,True,False,success,saved,True,False,False,85,15,0,0,5,15
default,a2c,314,stochastic,90,50090,5.0,15,True,False,success,saved,True,False,False,85,15,0,0,5,15
default,a2c,314,stochastic,91,50091,5.0,15,True,False,success,saved,True,False,False,85,15,0,0,5,15
default,a2c,314,stochastic,92,50092,5.0,15,True,False,success,saved,True,False,False,85,15,0,0,5,15
default,a2c,314,stochastic,93,50093,5.0,15,True,False,success,saved,True,False,False,85,15,0,0,5,15
default,a2c,314,stochastic,94,50094,5.0,15,True,False,success,saved,True,False,False,85,15,0,0,5,15
default,a2c,314,stochastic,95,50095,5.0,15,True,False,success,saved,True,False,False,85,15,0,0,5,15
default,a2c,314,stochastic,96,50096,5.0,15,True,False,success,saved,True,False,False,85,15,0,0,5,15
default,a2c,314,stochastic,97,50097,5.0,15,True,False,success,saved,True,False,False,85,15,0,0,5,15
default,a2c,314,stochastic,98,50098,5.0,15,True,False,success,saved,True,False,False,85,15,0,0,5,15
default,a2c,314,stochastic,99,50099,5.0,15,True,False,success,saved,True,False,False,85,15,0,0,5,15
tuned,dqn,42,deterministic,0,50000,13.0,17,True,False,success,saved,True,False,False,55,45,2,2,5,17
tuned,dqn,42,deterministic,1,50001,13.0,17,True,False,success,saved,True,False,False,53,47,2,2,5,17
tuned,dqn,42,deterministic,2,50002,13.0,17,True,False,success,saved,True,False,False,53,47,2,2,5,17
tuned,dqn,42,deterministic,3,50003,13.0,17,True,False,success,saved,True,False,False,53,47,2,2,5,17
tuned,dqn,42,deterministic,4,50004,13.0,17,True,False,success,saved,True,False,False,55,45,2,2,5,17
tuned,dqn,42,deterministic,5,50005,13.0,17,True,False,success,saved,True,False,False,51,49,2,2,5,17
tuned,dqn,42,deterministic,6,50006,9.0,16,True,False,success,saved,True,False,False,66,34,1,1,5,16
tuned,dqn,42,deterministic,7,50007,4.0,21,True,False,success,saved,True,False,False,66,34,1,1,5,21
tuned,dqn,42,deterministic,8,50008,9.0,16,True,False,success,saved,True,False,False,68,32,1,1,5,16
tuned,dqn,42,deterministic,9,50009,13.0,17,True,False,success,saved,True,False,False,53,47,2,2,5,17
tuned,dqn,42,deterministic,10,50010,13.0,17,True,False,success,saved,True,False,False,55,45,2,2,5,17
tuned,dqn,42,deterministic,11,50011,13.0,17,True,False,success,saved,True,False,False,53,47,2,2,5,17
tuned,dqn,42,deterministic,12,50012,13.0,17,True,False,success,saved,True,False,False,53,47,2,2,5,17
tuned,dqn,42,deterministic,13,50013,13.0,17,True,False,success,saved,True,False,False,53,47,2,2,5,17
tuned,dqn,42,deterministic,14,50014,13.0,17,True,False,success,saved,True,False,False,53,47,2,2,5,17
tuned,dqn,42,deterministic,15,50015,9.0,16,True,False,success,saved,True,False,False,66,34,1,1,5,16
tuned,dqn,42,deterministic,16,50016,13.0,17,True,False,success,saved,True,False,False,55,45,2,2,5,17
tuned,dqn,42,deterministic,17,50017,13.0,17,True,False,success,saved,True,False,False,53,47,2,2,5,17
tuned,dqn,42,deterministic,18,50018,13.0,17,True,False,success,saved,True,False,False,55,45,2,2,5,17
tuned,dqn,42,deterministic,19,50019,13.0,17,True,False,success,saved,True,False,False,55,45,2,2,5,17
tuned,dqn,42,deterministic,20,50020,13.0,17,True,False,success,saved,True,False,False,55,45,2,2,5,17
tuned,dqn,42,deterministic,21,50021,13.0,17,True,False,success,saved,True,False,False,55,45,2,2,5,17
tuned,dqn,42,deterministic,22,50022,-5.0,30,True,False,success,saved,True,False,False,66,34,1,1,5,30
tuned,dqn,42,deterministic,23,50023,13.0,17,True,False,success,saved,True,False,False,51,49,2,2,5,17
tuned,dqn,42,deterministic,24,50024,13.0,17,True,False,success,saved,True,False,False,55,45,2,2,5,17
tuned,dqn,42,deterministic,25,50025,13.0,17,True,False,success,saved,True,False,False,53,47,2,2,5,17
tuned,dqn,42,deterministic,26,50026,13.0,17,True,False,success,saved,True,False,False,55,45,2,2,5,17
tuned,dqn,42,deterministic,27,50027,13.0,17,True,False,success,saved,True,False,False,55,45,2,2,5,17
tuned,dqn,42,deterministic,28,50028,13.0,17,True,False,success,saved,True,False,False,55,45,2,2,5,17
tuned,dqn,42,deterministic,29,50029,13.0,17,True,False,success,saved,True,False,False,53,47,2,2,5,17
tuned,dqn,42,deterministic,30,50030,13.0,17,True,False,success,saved,True,False,False,53,47,2,2,5,17
tuned,dqn,42,deterministic,31,50031,13.0,17,True,False,success,saved,True,False,False,53,47,2,2,5,17
tuned,dqn,42,deterministic,32,50032,13.0,17,True,False,success,saved,True,False,False,53,47,2,2,5,17
tuned,dqn,42,deterministic,33,50033,13.0,17,True,False,success,saved,True,False,False,53,47,2,2,5,17
tuned,dqn,42,deterministic,34,50034,13.0,17,True,False,success,saved,True,False,False,53,47,2,2,5,17
tuned,dqn,42,deterministic,35,50035,13.0,17,True,False,success,saved,True,False,False,53,47,2,2,5,17
tuned,dqn,42,deterministic,36,50036,13.0,17,True,False,success,saved,True,False,False,53,47,2,2,5,17
tuned,dqn,42,deterministic,37,50037,9.0,16,True,False,success,saved,True,False,False,68,32,1,1,5,16
tuned,dqn,42,deterministic,38,50038,13.0,17,True,False,success,saved,True,False,False,53,47,2,2,5,17
tuned,dqn,42,deterministic,39,50039,13.0,17,True,False,success,saved,True,False,False,55,45,2,2,5,17
tuned,dqn,42,deterministic,40,50040,13.0,17,True,False,success,saved,True,False,False,55,45,2,2,5,17
tuned,dqn,42,deterministic,41,50041,13.0,17,True,False,success,saved,True,False,False,53,47,2,2,5,17
tuned,dqn,42,deterministic,42,50042,13.0,17,True,False,success,saved,True,False,False,53,47,2,2,5,17
tuned,dqn,42,deterministic,43,50043,13.0,17,True,False,success,saved,True,False,False,55,45,2,2,5,17
tuned,dqn,42,deterministic,44,50044,13.0,17,True,False,success,saved,True,False,False,55,45,2,2,5,17
tuned,dqn,42,deterministic,45,50045,13.0,17,True,False,success,saved,True,False,False,55,45,2,2,5,17
tuned,dqn,42,deterministic,46,50046,13.0,17,True,False,success,saved,True,False,False,53,47,2,2,5,17
tuned,dqn,42,deterministic,47,50047,8.0,17,True,False,success,saved,True,False,False,51,49,2,1,5,17
tuned,dqn,42,deterministic,48,50048,13.0,17,True,False,success,saved,True,False,False,51,49,2,2,5,17
tuned,dqn,42,deterministic,49,50049,13.0,17,True,False,success,saved,True,False,False,55,45,2,2,5,17
tuned,dqn,42,deterministic,50,50050,13.0,17,True,False,success,saved,True,False,False,53,47,2,2,5,17
tuned,dqn,42,deterministic,51,50051,13.0,17,True,False,success,saved,True,False,False,53,47,2,2,5,17
tuned,dqn,42,deterministic,52,50052,13.0,17,True,False,success,saved,True,False,False,55,45,2,2,5,17
tuned,dqn,42,deterministic,53,50053,13.0,17,True,False,success,saved,True,False,False,53,47,2,2,5,17
tuned,dqn,42,deterministic,54,50054,13.0,17,True,False,success,saved,True,False,False,53,47,2,2,5,17
tuned,dqn,42,deterministic,55,50055,13.0,17,True,False,success,saved,True,False,False,53,47,2,2,5,17
tuned,dqn,42,deterministic,56,50056,13.0,17,True,False,success,saved,True,False,False,55,45,2,2,5,17
tuned,dqn,42,deterministic,57,50057,13.0,17,True,False,success,saved,True,False,False,53,47,2,2,5,17
tuned,dqn,42,deterministic,58,50058,13.0,17,True,False,success,saved,True,False,False,55,45,2,2,5,17
tuned,dqn,42,deterministic,59,50059,13.0,17,True,False,success,saved,True,False,False,55,45,2,2,5,17
tuned,dqn,42,deterministic,60,50060,13.0,17,True,False,success,saved,True,False,False,55,45,2,2,5,17
tuned,dqn,42,deterministic,61,50061,13.0,17,True,False,success,saved,True,False,False,55,45,2,2,5,17
tuned,dqn,42,deterministic,62,50062,13.0,17,True,False,success,saved,True,False,False,51,49,2,2,5,17
tuned,dqn,42,deterministic,63,50063,13.0,17,True,False,success,saved,True,False,False,53,47,2,2,5,17
tuned,dqn,42,deterministic,64,50064,13.0,17,True,False,success,saved,True,False,False,51,49,2,2,5,17
tuned,dqn,42,deterministic,65,50065,13.0,17,True,False,success,saved,True,False,False,55,45,2,2,5,17
tuned,dqn,42,deterministic,66,50066,13.0,17,True,False,success,saved,True,False,False,53,47,2,2,5,17
tuned,dqn,42,deterministic,67,50067,13.0,17,True,False,success,saved,True,False,False,53,47,2,2,5,17
tuned,dqn,42,deterministic,68,50068,9.0,16,True,False,success,saved,True,False,False,68,32,1,1,5,16
tuned,dqn,42,deterministic,69,50069,13.0,17,True,False,success,saved,True,False,False,51,49,2,2,5,17
tuned,dqn,42,deterministic,70,50070,9.0,16,True,False,success,saved,True,False,False,68,32,1,1,5,16
tuned,dqn,42,deterministic,71,50071,13.0,17,True,False,success,saved,True,False,False,53,47,2,2,5,17
tuned,dqn,42,deterministic,72,50072,13.0,17,True,False,success,saved,True,False,False,55,45,2,2,5,17
tuned,dqn,42,deterministic,73,50073,13.0,17,True,False,success,saved,True,False,False,53,47,2,2,5,17
tuned,dqn,42,deterministic,74,50074,13.0,17,True,False,success,saved,True,False,False,53,47,2,2,5,17
tuned,dqn,42,deterministic,75,50075,13.0,17,True,False,success,saved,True,False,False,55,45,2,2,5,17
tuned,dqn,42,deterministic,76,50076,13.0,17,True,False,success,saved,True,False,False,55,45,2,2,5,17
tuned,dqn,42,deterministic,77,50077,13.0,17,True,False,success,saved,True,False,False,55,45,2,2,5,17
tuned,dqn,42,deterministic,78,50078,13.0,17,True,False,success,saved,True,False,False,53,47,2,2,5,17
tuned,dqn,42,deterministic,79,50079,13.0,17,True,False,success,saved,True,False,False,53,47,2,2,5,17
tuned,dqn,42,deterministic,80,50080,13.0,17,True,False,success,saved,True,False,False,53,47,2,2,5,17
tuned,dqn,42,deterministic,81,50081,13.0,17,True,False,success,saved,True,False,False,53,47,2,2,5,17
tuned,dqn,42,deterministic,82,50082,13.0,17,True,False,success,saved,True,False,False,55,45,2,2,5,17
tuned,dqn,42,deterministic,83,50083,13.0,17,True,False,success,saved,True,False,False,55,45,2,2,5,17
tuned,dqn,42,deterministic,84,50084,13.0,17,True,False,success,saved,True,False,False,53,47,2,2,5,17
tuned,dqn,42,deterministic,85,50085,13.0,17,True,False,success,saved,True,False,False,53,47,2,2,5,17
tuned,dqn,42,deterministic,86,50086,9.0,16,True,False,success,saved,True,False,False,68,32,1,1,5,16
tuned,dqn,42,deterministic,87,50087,13.0,17,True,False,success,saved,True,False,False,53,47,2,2,5,17
tuned,dqn,42,deterministic,88,50088,12.0,18,True,False,success,saved,True,False,False,53,47,2,2,5,18
tuned,dqn,42,deterministic,89,50089,13.0,17,True,False,success,saved,True,False,False,55,45,2,2,5,17
tuned,dqn,42,deterministic,90,50090,13.0,17,True,False,success,saved,True,False,False,55,45,2,2,5,17
tuned,dqn,42,deterministic,91,50091,13.0,17,True,False,success,saved,True,False,False,55,45,2,2,5,17
tuned,dqn,42,deterministic,92,50092,13.0,17,True,False,success,saved,True,False,False,53,47,2,2,5,17
tuned,dqn,42,deterministic,93,50093,13.0,17,True,False,success,saved,True,False,False,55,45,2,2,5,17
tuned,dqn,42,deterministic,94,50094,13.0,17,True,False,success,saved,True,False,False,53,47,2,2,5,17
tuned,dqn,42,deterministic,95,50095,13.0,17,True,False,success,saved,True,False,False,51,49,2,2,5,17
tuned,dqn,42,deterministic,96,50096,13.0,17,True,False,success,saved,True,False,False,53,47,2,2,5,17
tuned,dqn,42,deterministic,97,50097,13.0,17,True,False,success,saved,True,False,False,55,45,2,2,5,17
tuned,dqn,42,deterministic,98,50098,13.0,17,True,False,success,saved,True,False,False,55,45,2,2,5,17
tuned,dqn,42,deterministic,99,50099,13.0,17,True,False,success,saved,True,False,False,51,49,2,2,5,17
tuned,dqn,42,stochastic,0,50000,1.0,19,True,False,success,saved,True,False,False,55,45,2,0,5,19
tuned,dqn,42,stochastic,1,50001,0.0,25,True,False,success,saved,True,False,False,64,36,1,1,5,25
tuned,dqn,42,stochastic,2,50002,11.0,19,True,False,success,saved,True,False,False,51,49,2,2,5,19
tuned,dqn,42,stochastic,3,50003,6.0,19,True,False,success,saved,True,False,False,55,45,2,1,7,19
tuned,dqn,42,stochastic,4,50004,1.0,24,True,False,success,saved,True,False,False,62,38,1,1,7,24
tuned,dqn,42,stochastic,5,50005,10.0,20,True,False,success,saved,True,False,False,53,47,2,2,5,20
tuned,dqn,42,stochastic,6,50006,13.0,17,True,False,success,saved,True,False,False,53,47,2,2,5,17
tuned,dqn,42,stochastic,7,50007,6.0,19,True,False,success,saved,True,False,False,66,34,1,1,5,19
tuned,dqn,42,stochastic,8,50008,8.0,17,True,False,success,saved,True,False,False,55,45,2,1,6,17
tuned,dqn,42,stochastic,9,50009,10.0,20,True,False,success,saved,True,False,False,53,47,2,2,5,20
tuned,dqn,42,stochastic,10,50010,7.0,18,True,False,success,saved,True,False,False,68,32,1,1,7,18
tuned,dqn,42,stochastic,11,50011,-5.0,30,True,False,success,saved,True,False,False,45,55,2,1,6,30
tuned,dqn,42,stochastic,12,50012,8.0,17,True,False,success,saved,True,False,False,55,45,2,1,6,17
tuned,dqn,42,stochastic,13,50013,13.0,17,True,False,success,saved,True,False,False,53,47,2,2,5,17
tuned,dqn,42,stochastic,14,50014,12.0,18,True,False,success,saved,True,False,False,53,47,2,2,5,18
tuned,dqn,42,stochastic,15,50015,-4.0,24,True,False,success,saved,True,False,False,81,19,0,0,5,24
tuned,dqn,42,stochastic,16,50016,11.0,19,True,False,success,saved,True,False,False,55,45,2,2,5,19
tuned,dqn,42,stochastic,17,50017,13.0,17,True,False,success,saved,True,False,False,53,47,2,2,5,17
tuned,dqn,42,stochastic,18,50018,1.0,19,True,False,success,saved,True,False,False,53,47,2,0,6,19
tuned,dqn,42,stochastic,19,50019,1.0,19,True,False,success,saved,True,False,False,53,47,2,0,5,19
tuned,dqn,42,stochastic,20,50020,-4.0,34,True,False,success,saved,True,False,False,33,67,2,2,8,34
tuned,dqn,42,stochastic,21,50021,5.0,25,True,False,success,saved,True,False,False,49,51,2,2,10,25
tuned,dqn,42,stochastic,22,50022,4.0,21,True,False,success,saved,True,False,False,64,36,1,1,6,21
tuned,dqn,42,stochastic,23,50023,6.0,19,True,False,success,saved,True,False,False,68,32,1,1,7,19
tuned,dqn,42,stochastic,24,50024,13.0,17,True,False,success,saved,True,False,False,55,45,2,2,5,17
tuned,dqn,42,stochastic,25,50025,6.0,19,True,False,success,saved,True,False,False,68,32,1,1,5,19
tuned,dqn,42,stochastic,26,50026,10.0,20,True,False,success,saved,True,False,False,53,47,2,2,5,20
tuned,dqn,42,stochastic,27,50027,11.0,19,True,False,success,saved,True,False,False,53,47,2,2,5,19
tuned,dqn,42,stochastic,28,50028,10.0,20,True,False,success,saved,True,False,False,55,45,2,2,8,20
tuned,dqn,42,stochastic,29,50029,4.0,26,True,False,success,saved,True,False,False,47,53,2,2,14,26
tuned,dqn,42,stochastic,30,50030,10.0,20,True,False,success,saved,True,False,False,53,47,2,2,8,20
tuned,dqn,42,stochastic,31,50031,8.0,17,True,False,success,saved,True,False,False,55,45,2,1,6,17
tuned,dqn,42,stochastic,32,50032,8.0,22,True,False,success,saved,True,False,False,45,55,2,2,5,22
tuned,dqn,42,stochastic,33,50033,-1.0,21,True,False,success,saved,True,False,False,66,34,1,0,9,21
tuned,dqn,42,stochastic,34,50034,10.0,20,True,False,success,saved,True,False,False,55,45,2,2,6,20
tuned,dqn,42,stochastic,35,50035,9.0,16,True,False,success,saved,True,False,False,70,30,1,1,5,16
tuned,dqn,42,stochastic,36,50036,7.0,18,True,False,success,saved,True,False,False,66,34,1,1,5,18
tuned,dqn,42,stochastic,37,50037,6.0,24,True,False,success,saved,True,False,False,49,51,2,2,10,24
tuned,dqn,42,stochastic,38,50038,-2.0,22,True,False,success,saved,True,False,False,53,47,2,0,9,22
tuned,dqn,42,stochastic,39,50039,3.0,17,True,False,success,saved,True,False,False,70,30,1,0,6,17
tuned,dqn,42,stochastic,40,50040,9.0,21,True,False,success,saved,True,False,False,53,47,2,2,7,21
tuned,dqn,42,stochastic,41,50041,12.0,18,True,False,success,saved,True,False,False,55,45,2,2,5,18
tuned,dqn,42,stochastic,42,50042,11.0,19,True,False,success,saved,True,False,False,53,47,2,2,5,19
tuned,dqn,42,stochastic,43,50043,10.0,20,True,False,success,saved,True,False,False,53,47,2,2,5,20
tuned,dqn,42,stochastic,44,50044,2.0,18,True,False,success,saved,True,False,False,55,45,2,0,6,18
tuned,dqn,42,stochastic,45,50045,3.0,22,True,False,success,saved,True,False,False,51,49,2,1,6,22
tuned,dqn,42,stochastic,46,50046,5.0,20,True,False,success,saved,True,False,False,51,49,2,1,7,20
tuned,dqn,42,stochastic,47,50047,4.0,21,True,False,success,saved,True,False,False,49,51,2,1,5,21
tuned,dqn,42,stochastic,48,50048,5.0,25,True,False,success,saved,True,False,False,47,53,2,2,7,25
tuned,dqn,42,stochastic,49,50049,2.0,23,True,False,success,saved,True,False,False,51,49,2,1,7,23
tuned,dqn,42,stochastic,50,50050,9.0,21,True,False,success,saved,True,False,False,53,47,2,2,5,21
tuned,dqn,42,stochastic,51,50051,7.0,23,True,False,success,saved,True,False,False,47,53,2,2,5,23
tuned,dqn,42,stochastic,52,50052,5.0,20,True,False,success,saved,True,False,False,51,49,2,1,8,20
tuned,dqn,42,stochastic,53,50053,-7.0,27,True,False,success,saved,True,False,False,53,47,2,0,6,27
tuned,dqn,42,stochastic,54,50054,13.0,17,True,False,success,saved,True,False,False,53,47,2,2,5,17
tuned,dqn,42,stochastic,55,50055,12.0,18,True,False,success,saved,True,False,False,53,47,2,2,5,18
tuned,dqn,42,stochastic,56,50056,10.0,20,True,False,success,saved,True,False,False,53,47,2,2,6,20
tuned,dqn,42,stochastic,57,50057,6.0,19,True,False,success,saved,True,False,False,70,45,2,1,8,19
tuned,dqn,42,stochastic,58,50058,6.0,19,True,False,success,saved,True,False,False,55,45,2,1,7,19
tuned,dqn,42,stochastic,59,50059,8.0,17,True,False,success,saved,True,False,False,70,30,1,1,5,17
tuned,dqn,42,stochastic,60,50060,6.0,19,True,False,success,saved,True,False,False,53,47,2,1,7,19
tuned,dqn,42,stochastic,61,50061,12.0,18,True,False,success,saved,True,False,False,55,45,2,2,5,18
tuned,dqn,42,stochastic,62,50062,11.0,19,True,False,success,saved,True,False,False,49,51,2,2,7,19
tuned,dqn,42,stochastic,63,50063,11.0,19,True,False,success,saved,True,False,False,51,49,2,2,7,19
tuned,dqn,42,stochastic,64,50064,7.0,18,True,False,success,saved,True,False,False,64,36,1,1,5,18
tuned,dqn,42,stochastic,65,50065,0.0,25,True,False,success,saved,True,False,False,51,49,2,1,6,25
tuned,dqn,42,stochastic,66,50066,13.0,17,True,False,success,saved,True,False,False,53,47,2,2,5,17
tuned,dqn,42,stochastic,67,50067,10.0,20,True,False,success,saved,True,False,False,51,49,2,2,6,20
tuned,dqn,42,stochastic,68,50068,11.0,19,True,False,success,saved,True,False,False,55,45,2,2,5,19
tuned,dqn,42,stochastic,69,50069,8.0,22,True,False,success,saved,True,False,False,53,47,2,2,8,22
tuned,dqn,42,stochastic,70,50070,8.0,17,True,False,success,saved,True,False,False,68,32,1,1,6,17
tuned,dqn,42,stochastic,71,50071,1.0,29,True,False,success,saved,True,False,False,47,53,2,2,6,29
tuned,dqn,42,stochastic,72,50072,0.0,20,True,False,success,saved,True,False,False,53,47,2,0,6,20
tuned,dqn,42,stochastic,73,50073,2.0,18,True,False,success,saved,True,False,False,68,32,1,0,5,18
tuned,dqn,42,stochastic,74,50074,13.0,17,True,False,success,saved,True,False,False,53,47,2,2,5,17
tuned,dqn,42,stochastic,75,50075,0.0,20,True,False,success,saved,True,False,False,53,47,2,0,9,20
tuned,dqn,42,stochastic,76,50076,5.0,20,True,False,success,saved,True,False,False,53,47,2,1,6,20
tuned,dqn,42,stochastic,77,50077,1.0,19,True,False,success,saved,True,False,False,81,19,0,0,7,19
tuned,dqn,42,stochastic,78,50078,11.0,19,True,False,success,saved,True,False,False,51,49,2,2,6,19
tuned,dqn,42,stochastic,79,50079,7.0,18,True,False,success,saved,True,False,False,68,32,1,1,6,18
tuned,dqn,42,stochastic,80,50080,12.0,18,True,False,success,saved,True,False,False,53,47,2,2,5,18
tuned,dqn,42,stochastic,81,50081,10.0,20,True,False,success,saved,True,False,False,51,49,2,2,5,20
tuned,dqn,42,stochastic,82,50082,5.0,20,True,False,success,saved,True,False,False,53,47,2,1,6,20
tuned,dqn,42,stochastic,83,50083,11.0,19,True,False,success,saved,True,False,False,53,47,2,2,7,19
tuned,dqn,42,stochastic,84,50084,2.0,18,True,False,success,saved,True,False,False,55,45,2,0,7,18
tuned,dqn,42,stochastic,85,50085,0.0,20,True,False,success,saved,True,False,False,53,47,2,0,8,20
tuned,dqn,42,stochastic,86,50086,-13.0,38,True,False,success,saved,True,False,False,62,38,1,1,8,38
tuned,dqn,42,stochastic,87,50087,10.0,20,True,False,success,saved,True,False,False,51,49,2,2,6,20
tuned,dqn,42,stochastic,88,50088,5.0,20,True,False,success,saved,True,False,False,68,32,1,1,7,20
tuned,dqn,42,stochastic,89,50089,3.0,22,True,False,success,saved,True,False,False,51,49,2,1,8,22
tuned,dqn,42,stochastic,90,50090,2.0,18,True,False,success,saved,True,False,False,68,32,1,0,5,18
tuned,dqn,42,stochastic,91,50091,8.0,22,True,False,success,saved,True,False,False,51,49,2,2,5,22
tuned,dqn,42,stochastic,92,50092,13.0,17,True,False,success,saved,True,False,False,53,47,2,2,5,17
tuned,dqn,42,stochastic,93,50093,4.0,21,True,False,success,saved,True,False,False,53,47,2,1,9,21
tuned,dqn,42,stochastic,94,50094,12.0,18,True,False,success,saved,True,False,False,53,47,2,2,5,18
tuned,dqn,42,stochastic,95,50095,3.0,17,True,False,success,saved,True,False,False,85,15,0,0,7,17
tuned,dqn,42,stochastic,96,50096,5.0,20,True,False,success,saved,True,False,False,53,47,2,1,5,20
tuned,dqn,42,stochastic,97,50097,8.0,17,True,False,success,saved,True,False,False,55,45,2,1,5,17
tuned,dqn,42,stochastic,98,50098,10.0,20,True,False,success,saved,True,False,False,53,47,2,2,5,20
tuned,dqn,42,stochastic,99,50099,9.0,21,True,False,success,saved,True,False,False,49,51,2,2,5,21
tuned,dqn,123,deterministic,0,50000,13.0,17,True,False,success,saved,True,False,False,55,45,2,2,5,17
tuned,dqn,123,deterministic,1,50001,9.0,16,True,False,success,saved,True,False,False,68,32,1,1,5,16
tuned,dqn,123,deterministic,2,50002,9.0,16,True,False,success,saved,True,False,False,70,30,1,1,5,16
tuned,dqn,123,deterministic,3,50003,13.0,17,True,False,success,saved,True,False,False,55,45,2,2,5,17
tuned,dqn,123,deterministic,4,50004,5.0,15,True,False,success,saved,True,False,False,85,15,0,0,5,15
tuned,dqn,123,deterministic,5,50005,13.0,17,True,False,success,saved,True,False,False,55,45,2,2,5,17
tuned,dqn,123,deterministic,6,50006,13.0,17,True,False,success,saved,True,False,False,49,51,2,2,5,17
tuned,dqn,123,deterministic,7,50007,5.0,15,True,False,success,saved,True,False,False,81,19,0,0,5,15
tuned,dqn,123,deterministic,8,50008,9.0,16,True,False,success,saved,True,False,False,68,32,1,1,5,16
tuned,dqn,123,deterministic,9,50009,9.0,16,True,False,success,saved,True,False,False,68,32,1,1,5,16
tuned,dqn,123,deterministic,10,50010,5.0,15,True,False,success,saved,True,False,False,85,15,0,0,5,15
tuned,dqn,123,deterministic,11,50011,9.0,16,True,False,success,saved,True,False,False,70,30,1,1,5,16
tuned,dqn,123,deterministic,12,50012,9.0,16,True,False,success,saved,True,False,False,70,30,1,1,5,16
tuned,dqn,123,deterministic,13,50013,9.0,16,True,False,success,saved,True,False,False,70,30,1,1,5,16
tuned,dqn,123,deterministic,14,50014,9.0,16,True,False,success,saved,True,False,False,70,30,1,1,5,16
tuned,dqn,123,deterministic,15,50015,2.0,23,True,False,success,saved,True,False,False,68,32,1,1,5,23
tuned,dqn,123,deterministic,16,50016,13.0,17,True,False,success,saved,True,False,False,55,45,2,2,5,17
tuned,dqn,123,deterministic,17,50017,9.0,16,True,False,success,saved,True,False,False,68,32,1,1,5,16
tuned,dqn,123,deterministic,18,50018,5.0,15,True,False,success,saved,True,False,False,85,15,0,0,5,15
tuned,dqn,123,deterministic,19,50019,5.0,15,True,False,success,saved,True,False,False,85,15,0,0,5,15
tuned,dqn,123,deterministic,20,50020,5.0,15,True,False,success,saved,True,False,False,85,15,0,0,5,15
tuned,dqn,123,deterministic,21,50021,5.0,15,True,False,success,saved,True,False,False,85,15,0,0,5,15
tuned,dqn,123,deterministic,22,50022,9.0,16,True,False,success,saved,True,False,False,66,34,1,1,5,16
tuned,dqn,123,deterministic,23,50023,7.0,18,True,False,success,saved,True,False,False,66,34,1,1,5,18
tuned,dqn,123,deterministic,24,50024,5.0,15,True,False,success,saved,True,False,False,85,15,0,0,5,15
tuned,dqn,123,deterministic,25,50025,9.0,16,True,False,success,saved,True,False,False,70,30,1,1,5,16
tuned,dqn,123,deterministic,26,50026,5.0,15,True,False,success,saved,True,False,False,85,15,0,0,5,15
tuned,dqn,123,deterministic,27,50027,13.0,17,True,False,success,saved,True,False,False,55,45,2,2,5,17
tuned,dqn,123,deterministic,28,50028,5.0,15,True,False,success,saved,True,False,False,85,15,0,0,5,15
tuned,dqn,123,deterministic,29,50029,9.0,16,True,False,success,saved,True,False,False,70,30,1,1,5,16
tuned,dqn,123,deterministic,30,50030,9.0,16,True,False,success,saved,True,False,False,70,30,1,1,5,16
tuned,dqn,123,deterministic,31,50031,9.0,16,True,False,success,saved,True,False,False,70,30,1,1,5,16
tuned,dqn,123,deterministic,32,50032,13.0,17,True,False,success,saved,True,False,False,53,47,2,2,5,17
tuned,dqn,123,deterministic,33,50033,13.0,17,True,False,success,saved,True,False,False,55,45,2,2,5,17
tuned,dqn,123,deterministic,34,50034,13.0,17,True,False,success,saved,True,False,False,55,45,2,2,5,17
tuned,dqn,123,deterministic,35,50035,9.0,16,True,False,success,saved,True,False,False,70,30,1,1,5,16
tuned,dqn,123,deterministic,36,50036,9.0,16,True,False,success,saved,True,False,False,68,32,1,1,5,16
tuned,dqn,123,deterministic,37,50037,13.0,17,True,False,success,saved,True,False,False,55,45,2,2,5,17
tuned,dqn,123,deterministic,38,50038,13.0,17,True,False,success,saved,True,False,False,53,47,2,2,5,17
tuned,dqn,123,deterministic,39,50039,5.0,15,True,False,success,saved,True,False,False,85,15,0,0,5,15
tuned,dqn,123,deterministic,40,50040,13.0,17,True,False,success,saved,True,False,False,55,45,2,2,5,17
tuned,dqn,123,deterministic,41,50041,9.0,16,True,False,success,saved,True,False,False,70,30,1,1,5,16
tuned,dqn,123,deterministic,42,50042,13.0,17,True,False,success,saved,True,False,False,55,45,2,2,5,17
tuned,dqn,123,deterministic,43,50043,5.0,15,True,False,success,saved,True,False,False,85,15,0,0,5,15
tuned,dqn,123,deterministic,44,50044,5.0,15,True,False,success,saved,True,False,False,85,15,0,0,5,15
tuned,dqn,123,deterministic,45,50045,5.0,15,True,False,success,saved,True,False,False,85,15,0,0,5,15
tuned,dqn,123,deterministic,46,50046,13.0,17,True,False,success,saved,True,False,False,55,45,2,2,5,17
tuned,dqn,123,deterministic,47,50047,7.0,18,True,False,success,saved,True,False,False,68,32,1,1,5,18
tuned,dqn,123,deterministic,48,50048,-95.0,100,False,True,max_steps,with_robot,False,False,False,70,30,1,1,5,
tuned,dqn,123,deterministic,49,50049,5.0,15,True,False,success,saved,True,False,False,85,15,0,0,5,15
tuned,dqn,123,deterministic,50,50050,13.0,17,True,False,success,saved,True,False,False,55,45,2,2,5,17
tuned,dqn,123,deterministic,51,50051,9.0,16,True,False,success,saved,True,False,False,70,30,1,1,5,16
tuned,dqn,123,deterministic,52,50052,9.0,16,True,False,success,saved,True,False,False,70,30,1,1,5,16
tuned,dqn,123,deterministic,53,50053,9.0,16,True,False,success,saved,True,False,False,70,30,1,1,5,16
tuned,dqn,123,deterministic,54,50054,13.0,17,True,False,success,saved,True,False,False,55,45,2,2,5,17
tuned,dqn,123,deterministic,55,50055,9.0,16,True,False,success,saved,True,False,False,70,30,1,1,5,16
tuned,dqn,123,deterministic,56,50056,13.0,17,True,False,success,saved,True,False,False,55,45,2,2,5,17
tuned,dqn,123,deterministic,57,50057,9.0,16,True,False,success,saved,True,False,False,70,30,1,1,5,16
tuned,dqn,123,deterministic,58,50058,5.0,15,True,False,success,saved,True,False,False,85,15,0,0,5,15
tuned,dqn,123,deterministic,59,50059,5.0,15,True,False,success,saved,True,False,False,85,15,0,0,5,15
tuned,dqn,123,deterministic,60,50060,5.0,15,True,False,success,saved,True,False,False,85,15,0,0,5,15
tuned,dqn,123,deterministic,61,50061,5.0,15,True,False,success,saved,True,False,False,85,15,0,0,5,15
tuned,dqn,123,deterministic,62,50062,13.0,17,True,False,success,saved,True,False,False,53,47,2,2,5,17
tuned,dqn,123,deterministic,63,50063,13.0,17,True,False,success,saved,True,False,False,55,45,2,2,5,17
tuned,dqn,123,deterministic,64,50064,13.0,17,True,False,success,saved,True,False,False,51,49,2,2,5,17
tuned,dqn,123,deterministic,65,50065,5.0,15,True,False,success,saved,True,False,False,85,15,0,0,5,15
tuned,dqn,123,deterministic,66,50066,13.0,17,True,False,success,saved,True,False,False,53,47,2,2,5,17
tuned,dqn,123,deterministic,67,50067,13.0,17,True,False,success,saved,True,False,False,55,45,2,2,5,17
tuned,dqn,123,deterministic,68,50068,13.0,17,True,False,success,saved,True,False,False,55,45,2,2,5,17
tuned,dqn,123,deterministic,69,50069,9.0,16,True,False,success,saved,True,False,False,70,30,1,1,5,16
tuned,dqn,123,deterministic,70,50070,9.0,16,True,False,success,saved,True,False,False,68,32,1,1,5,16
tuned,dqn,123,deterministic,71,50071,9.0,16,True,False,success,saved,True,False,False,70,30,1,1,5,16
tuned,dqn,123,deterministic,72,50072,9.0,16,True,False,success,saved,True,False,False,70,30,1,1,5,16
tuned,dqn,123,deterministic,73,50073,9.0,16,True,False,success,saved,True,False,False,70,30,1,1,5,16
tuned,dqn,123,deterministic,74,50074,13.0,17,True,False,success,saved,True,False,False,53,47,2,2,5,17
tuned,dqn,123,deterministic,75,50075,13.0,17,True,False,success,saved,True,False,False,55,45,2,2,5,17
tuned,dqn,123,deterministic,76,50076,13.0,17,True,False,success,saved,True,False,False,55,45,2,2,5,17
tuned,dqn,123,deterministic,77,50077,13.0,17,True,False,success,saved,True,False,False,55,45,2,2,5,17
tuned,dqn,123,deterministic,78,50078,13.0,17,True,False,success,saved,True,False,False,53,47,2,2,5,17
tuned,dqn,123,deterministic,79,50079,13.0,17,True,False,success,saved,True,False,False,53,47,2,2,5,17
tuned,dqn,123,deterministic,80,50080,9.0,16,True,False,success,saved,True,False,False,68,32,1,1,5,16
tuned,dqn,123,deterministic,81,50081,13.0,17,True,False,success,saved,True,False,False,53,47,2,2,5,17
tuned,dqn,123,deterministic,82,50082,5.0,15,True,False,success,saved,True,False,False,85,15,0,0,5,15
tuned,dqn,123,deterministic,83,50083,5.0,15,True,False,success,saved,True,False,False,85,15,0,0,5,15
tuned,dqn,123,deterministic,84,50084,13.0,17,True,False,success,saved,True,False,False,53,47,2,2,5,17
tuned,dqn,123,deterministic,85,50085,9.0,16,True,False,success,saved,True,False,False,70,30,1,1,5,16
tuned,dqn,123,deterministic,86,50086,0.0,20,True,False,success,saved,True,False,False,68,32,1,0,5,20
tuned,dqn,123,deterministic,87,50087,9.0,16,True,False,success,saved,True,False,False,70,30,1,1,5,16
tuned,dqn,123,deterministic,88,50088,13.0,17,True,False,success,saved,True,False,False,53,47,2,2,5,17
tuned,dqn,123,deterministic,89,50089,5.0,15,True,False,success,saved,True,False,False,85,15,0,0,5,15
tuned,dqn,123,deterministic,90,50090,5.0,15,True,False,success,saved,True,False,False,85,15,0,0,5,15
tuned,dqn,123,deterministic,91,50091,9.0,16,True,False,success,saved,True,False,False,70,30,1,1,5,16
tuned,dqn,123,deterministic,92,50092,13.0,17,True,False,success,saved,True,False,False,53,47,2,2,5,17
tuned,dqn,123,deterministic,93,50093,13.0,17,True,False,success,saved,True,False,False,53,47,2,2,5,17
tuned,dqn,123,deterministic,94,50094,13.0,17,True,False,success,saved,True,False,False,55,45,2,2,5,17
tuned,dqn,123,deterministic,95,50095,13.0,17,True,False,success,saved,True,False,False,51,49,2,2,5,17
tuned,dqn,123,deterministic,96,50096,9.0,16,True,False,success,saved,True,False,False,70,30,1,1,5,16
tuned,dqn,123,deterministic,97,50097,5.0,15,True,False,success,saved,True,False,False,85,15,0,0,5,15
tuned,dqn,123,deterministic,98,50098,13.0,17,True,False,success,saved,True,False,False,55,45,2,2,5,17
tuned,dqn,123,deterministic,99,50099,13.0,17,True,False,success,saved,True,False,False,53,47,2,2,5,17
tuned,dqn,123,stochastic,0,50000,3.0,22,True,False,success,saved,True,False,False,51,49,2,1,9,22
tuned,dqn,123,stochastic,1,50001,3.0,22,True,False,success,saved,True,False,False,64,36,1,1,7,22
tuned,dqn,123,stochastic,2,50002,0.0,20,True,False,success,saved,True,False,False,55,45,2,0,8,20
tuned,dqn,123,stochastic,3,50003,1.0,24,True,False,success,saved,True,False,False,47,53,2,1,9,24
tuned,dqn,123,stochastic,4,50004,4.0,21,True,False,success,saved,True,False,False,55,45,2,1,6,21
tuned,dqn,123,stochastic,5,50005,3.0,27,True,False,success,saved,True,False,False,45,55,2,2,7,27
tuned,dqn,123,stochastic,6,50006,1.0,24,True,False,success,saved,True,False,False,62,38,1,1,8,24
tuned,dqn,123,stochastic,7,50007,4.0,16,True,False,success,saved,True,False,False,85,15,0,0,5,16
tuned,dqn,123,stochastic,8,50008,6.0,19,True,False,success,saved,True,False,False,66,34,1,1,7,19
tuned,dqn,123,stochastic,9,50009,3.0,17,True,False,success,saved,True,False,False,66,34,1,0,5,17
tuned,dqn,123,stochastic,10,50010,2.0,18,True,False,success,saved,True,False,False,83,17,0,0,8,18
tuned,dqn,123,stochastic,11,50011,4.0,21,True,False,success,saved,True,False,False,66,34,1,1,5,21
tuned,dqn,123,stochastic,12,50012,3.0,22,True,False,success,saved,True,False,False,53,47,2,1,7,22
tuned,dqn,123,stochastic,13,50013,5.0,20,True,False,success,saved,True,False,False,66,34,1,1,5,20
tuned,dqn,123,stochastic,14,50014,-2.0,27,True,False,success,saved,True,False,False,58,42,1,1,10,27
tuned,dqn,123,stochastic,15,50015,9.0,21,True,False,success,saved,True,False,False,47,53,2,2,7,21
tuned,dqn,123,stochastic,16,50016,8.0,22,True,False,success,saved,True,False,False,51,49,2,2,5,22
tuned,dqn,123,stochastic,17,50017,5.0,20,True,False,success,saved,True,False,False,53,47,2,1,5,20
tuned,dqn,123,stochastic,18,50018,3.0,17,True,False,success,saved,True,False,False,85,15,0,0,7,17
tuned,dqn,123,stochastic,19,50019,3.0,17,True,False,success,saved,True,False,False,70,30,1,0,5,17
tuned,dqn,123,stochastic,20,50020,9.0,21,True,False,success,saved,True,False,False,53,47,2,2,6,21
tuned,dqn,123,stochastic,21,50021,5.0,15,True,False,success,saved,True,False,False,85,15,0,0,5,15
tuned,dqn,123,stochastic,22,50022,6.0,19,True,False,success,saved,True,False,False,64,36,1,1,7,19
tuned,dqn,123,stochastic,23,50023,-2.0,22,True,False,success,saved,True,False,False,64,36,1,0,5,22
tuned,dqn,123,stochastic,24,50024,3.0,22,True,False,success,saved,True,False,False,51,49,2,1,7,22
tuned,dqn,123,stochastic,25,50025,8.0,17,True,False,success,saved,True,False,False,70,30,1,1,5,17
tuned,dqn,123,stochastic,26,50026,2.0,18,True,False,success,saved,True,False,False,83,17,0,0,8,18
tuned,dqn,123,stochastic,27,50027,4.0,21,True,False,success,saved,True,False,False,66,34,1,1,6,21
tuned,dqn,123,stochastic,28,50028,1.0,19,True,False,success,saved,True,False,False,81,19,0,0,9,19
tuned,dqn,123,stochastic,29,50029,0.0,20,True,False,success,saved,True,False,False,68,32,1,0,8,20
tuned,dqn,123,stochastic,30,50030,8.0,17,True,False,success,saved,True,False,False,70,30,1,1,5,17
tuned,dqn,123,stochastic,31,50031,3.0,22,True,False,success,saved,True,False,False,53,47,2,1,9,22
tuned,dqn,123,stochastic,32,50032,11.0,19,True,False,success,saved,True,False,False,53,47,2,2,5,19
tuned,dqn,123,stochastic,33,50033,-3.0,28,True,False,success,saved,True,False,False,47,53,2,1,5,28
tuned,dqn,123,stochastic,34,50034,7.0,18,True,False,success,saved,True,False,False,70,30,1,1,7,18
tuned,dqn,123,stochastic,35,50035,5.0,20,True,False,success,saved,True,False,False,68,32,1,1,7,20
tuned,dqn,123,stochastic,36,50036,1.0,19,True,False,success,saved,True,False,False,55,45,2,0,5,19
tuned,dqn,123,stochastic,37,50037,6.0,19,True,False,success,saved,True,False,False,51,49,2,1,5,19
tuned,dqn,123,stochastic,38,50038,-1.0,21,True,False,success,saved,True,False,False,51,49,2,0,8,21
tuned,dqn,123,stochastic,39,50039,2.0,18,True,False,success,saved,True,False,False,85,15,0,0,5,18
tuned,dqn,123,stochastic,40,50040,6.0,24,True,False,success,saved,True,False,False,47,53,2,2,6,24
tuned,dqn,123,stochastic,41,50041,5.0,25,True,False,success,saved,True,False,False,49,51,2,2,8,25
tuned,dqn,123,stochastic,42,50042,3.0,27,True,False,success,saved,True,False,False,47,53,2,2,5,27
tuned,dqn,123,stochastic,43,50043,3.0,17,True,False,success,saved,True,False,False,70,30,1,0,5,17
tuned,dqn,123,stochastic,44,50044,1.0,19,True,False,success,saved,True,False,False,68,32,1,0,5,19
tuned,dqn,123,stochastic,45,50045,1.0,19,True,False,success,saved,True,False,False,53,47,2,0,6,19
tuned,dqn,123,stochastic,46,50046,1.0,24,True,False,success,saved,True,False,False,47,53,2,1,9,24
tuned,dqn,123,stochastic,47,50047,5.0,20,True,False,success,saved,True,False,False,49,51,2,1,9,20
tuned,dqn,123,stochastic,48,50048,4.0,16,True,False,success,saved,True,False,False,70,30,1,0,6,16
tuned,dqn,123,stochastic,49,50049,2.0,18,True,False,success,saved,True,False,False,55,45,2,0,6,18
tuned,dqn,123,stochastic,50,50050,9.0,21,True,False,success,saved,True,False,False,51,49,2,2,5,21
tuned,dqn,123,stochastic,51,50051,5.0,20,True,False,success,saved,True,False,False,55,45,2,1,7,20
tuned,dqn,123,stochastic,52,50052,9.0,16,True,False,success,saved,True,False,False,70,30,1,1,5,16
tuned,dqn,123,stochastic,53,50053,1.0,24,True,False,success,saved,True,False,False,64,36,1,1,11,24
tuned,dqn,123,stochastic,54,50054,8.0,17,True,False,success,saved,True,False,False,55,45,2,1,6,17
tuned,dqn,123,stochastic,55,50055,9.0,16,True,False,success,saved,True,False,False,70,30,1,1,5,16
tuned,dqn,123,stochastic,56,50056,3.0,17,True,False,success,saved,True,False,False,70,30,1,0,5,17
tuned,dqn,123,stochastic,57,50057,7.0,18,True,False,success,saved,True,False,False,70,30,1,1,6,18
tuned,dqn,123,stochastic,58,50058,2.0,18,True,False,success,saved,True,False,False,83,17,0,0,7,18
tuned,dqn,123,stochastic,59,50059,-2.0,22,True,False,success,saved,True,False,False,66,34,1,0,9,22
tuned,dqn,123,stochastic,60,50060,-1.0,21,True,False,success,saved,True,False,False,81,19,0,0,6,21
tuned,dqn,123,stochastic,61,50061,0.0,25,True,False,success,saved,True,False,False,49,51,2,1,8,25
tuned,dqn,123,stochastic,62,50062,12.0,18,True,False,success,saved,True,False,False,53,47,2,2,5,18
tuned,dqn,123,stochastic,63,50063,-3.0,23,True,False,success,saved,True,False,False,49,51,2,0,10,23
tuned,dqn,123,stochastic,64,50064,11.0,19,True,False,success,saved,True,False,False,49,51,2,2,5,19
tuned,dqn,123,stochastic,65,50065,-9.0,29,True,False,success,saved,True,False,False,58,42,1,0,14,29
tuned,dqn,123,stochastic,66,50066,8.0,17,True,False,success,saved,True,False,False,53,47,2,1,6,17
tuned,dqn,123,stochastic,67,50067,13.0,17,True,False,success,saved,True,False,False,55,45,2,2,5,17
tuned,dqn,123,stochastic,68,50068,4.0,21,True,False,success,saved,True,False,False,68,32,1,1,5,21
tuned,dqn,123,stochastic,69,50069,4.0,21,True,False,success,saved,True,False,False,55,45,2,1,5,21
tuned,dqn,123,stochastic,70,50070,7.0,18,True,False,success,saved,True,False,False,68,32,1,1,5,18
tuned,dqn,123,stochastic,71,50071,1.0,19,True,False,success,saved,True,False,False,55,45,2,0,8,19
tuned,dqn,123,stochastic,72,50072,9.0,16,True,False,success,saved,True,False,False,70,30,1,1,5,16
tuned,dqn,123,stochastic,73,50073,6.0,24,True,False,success,saved,True,False,False,49,51,2,2,5,24
tuned,dqn,123,stochastic,74,50074,9.0,21,True,False,success,saved,True,False,False,51,49,2,2,5,21
tuned,dqn,123,stochastic,75,50075,9.0,21,True,False,success,saved,True,False,False,53,47,2,2,6,21
tuned,dqn,123,stochastic,76,50076,6.0,19,True,False,success,saved,True,False,False,55,45,2,1,7,19
tuned,dqn,123,stochastic,77,50077,7.0,23,True,False,success,saved,True,False,False,53,47,2,2,7,23
tuned,dqn,123,stochastic,78,50078,-22.0,42,True,False,success,saved,True,False,False,43,57,2,0,8,42
tuned,dqn,123,stochastic,79,50079,4.0,21,True,False,success,saved,True,False,False,49,51,2,1,5,21
tuned,dqn,123,stochastic,80,50080,7.0,18,True,False,success,saved,True,False,False,53,47,2,1,6,18
tuned,dqn,123,stochastic,81,50081,13.0,17,True,False,success,saved,True,False,False,53,47,2,2,5,17
tuned,dqn,123,stochastic,82,50082,6.0,19,True,False,success,saved,True,False,False,68,32,1,1,5,19
tuned,dqn,123,stochastic,83,50083,5.0,15,True,False,success,saved,True,False,False,85,15,0,0,5,15
tuned,dqn,123,stochastic,84,50084,8.0,22,True,False,success,saved,True,False,False,49,51,2,2,9,22
tuned,dqn,123,stochastic,85,50085,-2.0,22,True,False,success,saved,True,False,False,51,49,2,0,11,22
tuned,dqn,123,stochastic,86,50086,0.0,20,True,False,success,saved,True,False,False,68,32,1,0,6,20
tuned,dqn,123,stochastic,87,50087,11.0,19,True,False,success,saved,True,False,False,53,47,2,2,5,19
tuned,dqn,123,stochastic,88,50088,-4.0,34,True,False,success,saved,True,False,False,41,59,2,2,5,34
tuned,dqn,123,stochastic,89,50089,3.0,17,True,False,success,saved,True,False,False,83,17,0,0,5,17
tuned,dqn,123,stochastic,90,50090,6.0,19,True,False,success,saved,True,False,False,53,47,2,1,8,19
tuned,dqn,123,stochastic,91,50091,2.0,23,True,False,success,saved,True,False,False,51,49,2,1,10,23
tuned,dqn,123,stochastic,92,50092,11.0,19,True,False,success,saved,True,False,False,49,51,2,2,5,19
tuned,dqn,123,stochastic,93,50093,10.0,20,True,False,success,saved,True,False,False,53,47,2,2,6,20
tuned,dqn,123,stochastic,94,50094,8.0,22,True,False,success,saved,True,False,False,51,49,2,2,7,22
tuned,dqn,123,stochastic,95,50095,10.0,20,True,False,success,saved,True,False,False,47,53,2,2,8,20
tuned,dqn,123,stochastic,96,50096,3.0,22,True,False,success,saved,True,False,False,49,51,2,1,8,22
tuned,dqn,123,stochastic,97,50097,2.0,18,True,False,success,saved,True,False,False,55,45,2,0,7,18
tuned,dqn,123,stochastic,98,50098,8.0,22,True,False,success,saved,True,False,False,51,49,2,2,5,22
tuned,dqn,123,stochastic,99,50099,13.0,17,True,False,success,saved,True,False,False,53,47,2,2,5,17
tuned,dqn,2024,deterministic,0,50000,9.0,16,True,False,success,saved,True,False,False,70,30,1,1,5,16
tuned,dqn,2024,deterministic,1,50001,-95.0,100,False,True,max_steps,with_robot,False,False,False,74,26,1,1,5,
tuned,dqn,2024,deterministic,2,50002,13.0,17,True,False,success,saved,True,False,False,55,45,2,2,5,17
tuned,dqn,2024,deterministic,3,50003,13.0,17,True,False,success,saved,True,False,False,53,47,2,2,5,17
tuned,dqn,2024,deterministic,4,50004,13.0,17,True,False,success,saved,True,False,False,55,45,2,2,5,17
tuned,dqn,2024,deterministic,5,50005,13.0,17,True,False,success,saved,True,False,False,51,49,2,2,5,17
tuned,dqn,2024,deterministic,6,50006,13.0,17,True,False,success,saved,True,False,False,55,45,2,2,5,17
tuned,dqn,2024,deterministic,7,50007,5.0,15,True,False,success,saved,True,False,False,85,15,0,0,5,15
tuned,dqn,2024,deterministic,8,50008,9.0,16,True,False,success,saved,True,False,False,68,32,1,1,5,16
tuned,dqn,2024,deterministic,9,50009,5.0,15,True,False,success,saved,True,False,False,85,15,0,0,5,15
tuned,dqn,2024,deterministic,10,50010,13.0,17,True,False,success,saved,True,False,False,55,45,2,2,5,17
tuned,dqn,2024,deterministic,11,50011,13.0,17,True,False,success,saved,True,False,False,55,45,2,2,5,17
tuned,dqn,2024,deterministic,12,50012,13.0,17,True,False,success,saved,True,False,False,53,47,2,2,5,17
tuned,dqn,2024,deterministic,13,50013,13.0,17,True,False,success,saved,True,False,False,55,45,2,2,5,17
tuned,dqn,2024,deterministic,14,50014,13.0,17,True,False,success,saved,True,False,False,55,45,2,2,5,17
tuned,dqn,2024,deterministic,15,50015,9.0,16,True,False,success,saved,True,False,False,70,30,1,1,5,16
tuned,dqn,2024,deterministic,16,50016,13.0,17,True,False,success,saved,True,False,False,55,45,2,2,5,17
tuned,dqn,2024,deterministic,17,50017,9.0,16,True,False,success,saved,True,False,False,68,32,1,1,5,16
tuned,dqn,2024,deterministic,18,50018,13.0,17,True,False,success,saved,True,False,False,55,45,2,2,5,17
tuned,dqn,2024,deterministic,19,50019,13.0,17,True,False,success,saved,True,False,False,55,45,2,2,5,17
tuned,dqn,2024,deterministic,20,50020,13.0,17,True,False,success,saved,True,False,False,55,45,2,2,5,17
tuned,dqn,2024,deterministic,21,50021,13.0,17,True,False,success,saved,True,False,False,55,45,2,2,5,17
tuned,dqn,2024,deterministic,22,50022,9.0,16,True,False,success,saved,True,False,False,70,30,1,1,5,16
tuned,dqn,2024,deterministic,23,50023,5.0,15,True,False,success,saved,True,False,False,81,19,0,0,5,15
tuned,dqn,2024,deterministic,24,50024,13.0,17,True,False,success,saved,True,False,False,55,45,2,2,5,17
tuned,dqn,2024,deterministic,25,50025,13.0,17,True,False,success,saved,True,False,False,53,47,2,2,5,17
tuned,dqn,2024,deterministic,26,50026,13.0,17,True,False,success,saved,True,False,False,55,45,2,2,5,17
tuned,dqn,2024,deterministic,27,50027,9.0,16,True,False,success,saved,True,False,False,70,30,1,1,5,16
tuned,dqn,2024,deterministic,28,50028,13.0,17,True,False,success,saved,True,False,False,55,45,2,2,5,17
tuned,dqn,2024,deterministic,29,50029,13.0,17,True,False,success,saved,True,False,False,55,45,2,2,5,17
tuned,dqn,2024,deterministic,30,50030,13.0,17,True,False,success,saved,True,False,False,55,45,2,2,5,17
tuned,dqn,2024,deterministic,31,50031,13.0,17,True,False,success,saved,True,False,False,55,45,2,2,5,17
tuned,dqn,2024,deterministic,32,50032,13.0,17,True,False,success,saved,True,False,False,53,47,2,2,5,17
tuned,dqn,2024,deterministic,33,50033,9.0,16,True,False,success,saved,True,False,False,68,32,1,1,5,16
tuned,dqn,2024,deterministic,34,50034,13.0,17,True,False,success,saved,True,False,False,53,47,2,2,5,17
tuned,dqn,2024,deterministic,35,50035,13.0,17,True,False,success,saved,True,False,False,55,45,2,2,5,17
tuned,dqn,2024,deterministic,36,50036,9.0,16,True,False,success,saved,True,False,False,70,30,1,1,5,16
tuned,dqn,2024,deterministic,37,50037,13.0,17,True,False,success,saved,True,False,False,55,45,2,2,5,17
tuned,dqn,2024,deterministic,38,50038,13.0,17,True,False,success,saved,True,False,False,53,47,2,2,5,17
tuned,dqn,2024,deterministic,39,50039,13.0,17,True,False,success,saved,True,False,False,55,45,2,2,5,17
tuned,dqn,2024,deterministic,40,50040,13.0,17,True,False,success,saved,True,False,False,55,45,2,2,5,17
tuned,dqn,2024,deterministic,41,50041,9.0,16,True,False,success,saved,True,False,False,68,32,1,1,5,16
tuned,dqn,2024,deterministic,42,50042,13.0,17,True,False,success,saved,True,False,False,53,47,2,2,5,17
tuned,dqn,2024,deterministic,43,50043,13.0,17,True,False,success,saved,True,False,False,55,45,2,2,5,17
tuned,dqn,2024,deterministic,44,50044,13.0,17,True,False,success,saved,True,False,False,55,45,2,2,5,17
tuned,dqn,2024,deterministic,45,50045,13.0,17,True,False,success,saved,True,False,False,55,45,2,2,5,17
tuned,dqn,2024,deterministic,46,50046,13.0,17,True,False,success,saved,True,False,False,53,47,2,2,5,17
tuned,dqn,2024,deterministic,47,50047,5.0,20,True,False,success,saved,True,False,False,68,32,1,1,5,20
tuned,dqn,2024,deterministic,48,50048,9.0,16,True,False,success,saved,True,False,False,66,34,1,1,5,16
tuned,dqn,2024,deterministic,49,50049,13.0,17,True,False,success,saved,True,False,False,55,45,2,2,5,17
tuned,dqn,2024,deterministic,50,50050,9.0,16,True,False,success,saved,True,False,False,68,32,1,1,5,16
tuned,dqn,2024,deterministic,51,50051,13.0,17,True,False,success,saved,True,False,False,55,45,2,2,5,17
tuned,dqn,2024,deterministic,52,50052,9.0,16,True,False,success,saved,True,False,False,70,30,1,1,5,16
tuned,dqn,2024,deterministic,53,50053,13.0,17,True,False,success,saved,True,False,False,55,45,2,2,5,17
tuned,dqn,2024,deterministic,54,50054,13.0,17,True,False,success,saved,True,False,False,53,47,2,2,5,17
tuned,dqn,2024,deterministic,55,50055,13.0,17,True,False,success,saved,True,False,False,55,45,2,2,5,17
tuned,dqn,2024,deterministic,56,50056,13.0,17,True,False,success,saved,True,False,False,55,45,2,2,5,17
tuned,dqn,2024,deterministic,57,50057,13.0,17,True,False,success,saved,True,False,False,55,45,2,2,5,17
tuned,dqn,2024,deterministic,58,50058,13.0,17,True,False,success,saved,True,False,False,55,45,2,2,5,17
tuned,dqn,2024,deterministic,59,50059,13.0,17,True,False,success,saved,True,False,False,55,45,2,2,5,17
tuned,dqn,2024,deterministic,60,50060,13.0,17,True,False,success,saved,True,False,False,55,45,2,2,5,17
tuned,dqn,2024,deterministic,61,50061,13.0,17,True,False,success,saved,True,False,False,55,45,2,2,5,17
tuned,dqn,2024,deterministic,62,50062,13.0,17,True,False,success,saved,True,False,False,53,47,2,2,5,17
tuned,dqn,2024,deterministic,63,50063,13.0,17,True,False,success,saved,True,False,False,53,47,2,2,5,17
tuned,dqn,2024,deterministic,64,50064,9.0,16,True,False,success,saved,True,False,False,70,30,1,1,5,16
tuned,dqn,2024,deterministic,65,50065,13.0,17,True,False,success,saved,True,False,False,55,45,2,2,5,17
tuned,dqn,2024,deterministic,66,50066,13.0,17,True,False,success,saved,True,False,False,53,47,2,2,5,17
tuned,dqn,2024,deterministic,67,50067,13.0,17,True,False,success,saved,True,False,False,53,47,2,2,5,17
tuned,dqn,2024,deterministic,68,50068,13.0,17,True,False,success,saved,True,False,False,55,45,2,2,5,17
tuned,dqn,2024,deterministic,69,50069,13.0,17,True,False,success,saved,True,False,False,55,45,2,2,5,17
tuned,dqn,2024,deterministic,70,50070,9.0,16,True,False,success,saved,True,False,False,68,32,1,1,5,16
tuned,dqn,2024,deterministic,71,50071,13.0,17,True,False,success,saved,True,False,False,55,45,2,2,5,17
tuned,dqn,2024,deterministic,72,50072,13.0,17,True,False,success,saved,True,False,False,55,45,2,2,5,17
tuned,dqn,2024,deterministic,73,50073,13.0,17,True,False,success,saved,True,False,False,53,47,2,2,5,17
tuned,dqn,2024,deterministic,74,50074,13.0,17,True,False,success,saved,True,False,False,53,47,2,2,5,17
tuned,dqn,2024,deterministic,75,50075,13.0,17,True,False,success,saved,True,False,False,55,45,2,2,5,17
tuned,dqn,2024,deterministic,76,50076,13.0,17,True,False,success,saved,True,False,False,55,45,2,2,5,17
tuned,dqn,2024,deterministic,77,50077,9.0,16,True,False,success,saved,True,False,False,70,30,1,1,5,16
tuned,dqn,2024,deterministic,78,50078,9.0,16,True,False,success,saved,True,False,False,68,32,1,1,5,16
tuned,dqn,2024,deterministic,79,50079,13.0,17,True,False,success,saved,True,False,False,53,47,2,2,5,17
tuned,dqn,2024,deterministic,80,50080,8.0,17,True,False,success,saved,True,False,False,70,30,1,1,5,17
tuned,dqn,2024,deterministic,81,50081,13.0,17,True,False,success,saved,True,False,False,53,47,2,2,5,17
tuned,dqn,2024,deterministic,82,50082,13.0,17,True,False,success,saved,True,False,False,55,45,2,2,5,17
tuned,dqn,2024,deterministic,83,50083,13.0,17,True,False,success,saved,True,False,False,55,45,2,2,5,17
tuned,dqn,2024,deterministic,84,50084,13.0,17,True,False,success,saved,True,False,False,53,47,2,2,5,17
tuned,dqn,2024,deterministic,85,50085,13.0,17,True,False,success,saved,True,False,False,53,47,2,2,5,17
tuned,dqn,2024,deterministic,86,50086,5.0,15,True,False,success,saved,True,False,False,85,15,0,0,5,15
tuned,dqn,2024,deterministic,87,50087,13.0,17,True,False,success,saved,True,False,False,55,45,2,2,5,17
tuned,dqn,2024,deterministic,88,50088,13.0,17,True,False,success,saved,True,False,False,53,47,2,2,5,17
tuned,dqn,2024,deterministic,89,50089,13.0,17,True,False,success,saved,True,False,False,55,45,2,2,5,17
tuned,dqn,2024,deterministic,90,50090,13.0,17,True,False,success,saved,True,False,False,55,45,2,2,5,17
tuned,dqn,2024,deterministic,91,50091,13.0,17,True,False,success,saved,True,False,False,55,45,2,2,5,17
tuned,dqn,2024,deterministic,92,50092,13.0,17,True,False,success,saved,True,False,False,53,47,2,2,5,17
tuned,dqn,2024,deterministic,93,50093,9.0,16,True,False,success,saved,True,False,False,70,30,1,1,5,16
tuned,dqn,2024,deterministic,94,50094,13.0,17,True,False,success,saved,True,False,False,53,47,2,2,5,17
tuned,dqn,2024,deterministic,95,50095,9.0,16,True,False,success,saved,True,False,False,70,30,1,1,5,16
tuned,dqn,2024,deterministic,96,50096,13.0,17,True,False,success,saved,True,False,False,55,45,2,2,5,17
tuned,dqn,2024,deterministic,97,50097,13.0,17,True,False,success,saved,True,False,False,55,45,2,2,5,17
tuned,dqn,2024,deterministic,98,50098,13.0,17,True,False,success,saved,True,False,False,55,45,2,2,5,17
tuned,dqn,2024,deterministic,99,50099,9.0,16,True,False,success,saved,True,False,False,70,30,1,1,5,16
tuned,dqn,2024,stochastic,0,50000,9.0,16,True,False,success,saved,True,False,False,70,30,1,1,5,16
tuned,dqn,2024,stochastic,1,50001,-95.0,100,False,True,max_steps,with_robot,False,False,False,76,24,1,1,6,
tuned,dqn,2024,stochastic,2,50002,13.0,17,True,False,success,saved,True,False,False,55,45,2,2,5,17
tuned,dqn,2024,stochastic,3,50003,10.0,20,True,False,success,saved,True,False,False,51,49,2,2,6,20
tuned,dqn,2024,stochastic,4,50004,6.0,19,True,False,success,saved,True,False,False,55,45,2,1,5,19
tuned,dqn,2024,stochastic,5,50005,12.0,18,True,False,success,saved,True,False,False,55,45,2,2,6,18
tuned,dqn,2024,stochastic,6,50006,12.0,18,True,False,success,saved,True,False,False,55,45,2,2,5,18
tuned,dqn,2024,stochastic,7,50007,4.0,16,True,False,success,saved,True,False,False,70,30,1,0,5,16
tuned,dqn,2024,stochastic,8,50008,4.0,16,True,False,success,saved,True,False,False,70,30,1,0,5,16
tuned,dqn,2024,stochastic,9,50009,3.0,17,True,False,success,saved,True,False,False,85,15,0,0,6,17
tuned,dqn,2024,stochastic,10,50010,8.0,17,True,False,success,saved,True,False,False,55,45,2,1,6,17
tuned,dqn,2024,stochastic,11,50011,5.0,20,True,False,success,saved,True,False,False,68,32,1,1,5,20
tuned,dqn,2024,stochastic,12,50012,0.0,20,True,False,success,saved,True,False,False,70,30,1,0,7,20
tuned,dqn,2024,stochastic,13,50013,2.0,18,True,False,success,saved,True,False,False,55,45,2,0,6,18
tuned,dqn,2024,stochastic,14,50014,8.0,22,True,False,success,saved,True,False,False,51,49,2,2,8,22
tuned,dqn,2024,stochastic,15,50015,-9.0,34,True,False,success,saved,True,False,False,62,38,1,1,5,34
tuned,dqn,2024,stochastic,16,50016,13.0,17,True,False,success,saved,True,False,False,55,45,2,2,5,17
tuned,dqn,2024,stochastic,17,50017,7.0,18,True,False,success,saved,True,False,False,70,30,1,1,6,18
tuned,dqn,2024,stochastic,18,50018,-1.0,21,True,False,success,saved,True,False,False,66,34,1,0,7,21
tuned,dqn,2024,stochastic,19,50019,2.0,18,True,False,success,saved,True,False,False,68,32,1,0,6,18
tuned,dqn,2024,stochastic,20,50020,7.0,18,True,False,success,saved,True,False,False,70,30,1,1,6,18
tuned,dqn,2024,stochastic,21,50021,12.0,18,True,False,success,saved,True,False,False,53,47,2,2,5,18
tuned,dqn,2024,stochastic,22,50022,3.0,17,True,False,success,saved,True,False,False,83,17,0,0,5,17
tuned,dqn,2024,stochastic,23,50023,5.0,20,True,False,success,saved,True,False,False,66,34,1,1,7,20
tuned,dqn,2024,stochastic,24,50024,10.0,20,True,False,success,saved,True,False,False,53,47,2,2,7,20
tuned,dqn,2024,stochastic,25,50025,12.0,18,True,False,success,saved,True,False,False,53,47,2,2,5,18
tuned,dqn,2024,stochastic,26,50026,-4.0,24,True,False,success,saved,True,False,False,51,49,2,0,12,24
tuned,dqn,2024,stochastic,27,50027,8.0,17,True,False,success,saved,True,False,False,55,45,2,1,5,17
tuned,dqn,2024,stochastic,28,50028,7.0,23,True,False,success,saved,True,False,False,49,51,2,2,7,23
tuned,dqn,2024,stochastic,29,50029,4.0,16,True,False,success,saved,True,False,False,70,30,1,0,5,16
tuned,dqn,2024,stochastic,30,50030,10.0,20,True,False,success,saved,True,False,False,55,45,2,2,5,20
tuned,dqn,2024,stochastic,31,50031,11.0,19,True,False,success,saved,True,False,False,55,45,2,2,6,19
tuned,dqn,2024,stochastic,32,50032,3.0,17,True,False,success,saved,True,False,False,70,30,1,0,6,17
tuned,dqn,2024,stochastic,33,50033,9.0,21,True,False,success,saved,True,False,False,51,49,2,2,5,21
tuned,dqn,2024,stochastic,34,50034,12.0,18,True,False,success,saved,True,False,False,53,47,2,2,5,18
tuned,dqn,2024,stochastic,35,50035,0.0,20,True,False,success,saved,True,False,False,53,47,2,0,7,20
tuned,dqn,2024,stochastic,36,50036,2.0,18,True,False,success,saved,True,False,False,55,45,2,0,5,18
tuned,dqn,2024,stochastic,37,50037,5.0,20,True,False,success,saved,True,False,False,68,32,1,1,8,20
tuned,dqn,2024,stochastic,38,50038,11.0,19,True,False,success,saved,True,False,False,49,51,2,2,5,19
tuned,dqn,2024,stochastic,39,50039,-2.0,22,True,False,success,saved,True,False,False,64,36,1,0,10,22
tuned,dqn,2024,stochastic,40,50040,12.0,18,True,False,success,saved,True,False,False,55,45,2,2,5,18
tuned,dqn,2024,stochastic,41,50041,6.0,19,True,False,success,saved,True,False,False,51,49,2,1,5,19
tuned,dqn,2024,stochastic,42,50042,5.0,25,True,False,success,saved,True,False,False,47,53,2,2,8,25
tuned,dqn,2024,stochastic,43,50043,7.0,23,True,False,success,saved,True,False,False,51,49,2,2,5,23
tuned,dqn,2024,stochastic,44,50044,0.0,20,True,False,success,saved,True,False,False,68,32,1,0,5,20
tuned,dqn,2024,stochastic,45,50045,3.0,17,True,False,success,saved,True,False,False,70,30,1,0,7,17
tuned,dqn,2024,stochastic,46,50046,7.0,18,True,False,success,saved,True,False,False,64,36,1,1,6,18
tuned,dqn,2024,stochastic,47,50047,1.0,19,True,False,success,saved,True,False,False,53,47,2,0,9,19
tuned,dqn,2024,stochastic,48,50048,3.0,22,True,False,success,saved,True,False,False,64,36,1,1,7,22
tuned,dqn,2024,stochastic,49,50049,10.0,20,True,False,success,saved,True,False,False,55,45,2,2,5,20
tuned,dqn,2024,stochastic,50,50050,12.0,18,True,False,success,saved,True,False,False,53,47,2,2,5,18
tuned,dqn,2024,stochastic,51,50051,2.0,28,True,False,success,saved,True,False,False,45,55,2,2,10,28
tuned,dqn,2024,stochastic,52,50052,3.0,22,True,False,success,saved,True,False,False,66,34,1,1,7,22
tuned,dqn,2024,stochastic,53,50053,8.0,17,True,False,success,saved,True,False,False,70,30,1,1,5,17
tuned,dqn,2024,stochastic,54,50054,13.0,17,True,False,success,saved,True,False,False,53,47,2,2,5,17
tuned,dqn,2024,stochastic,55,50055,11.0,19,True,False,success,saved,True,False,False,55,45,2,2,6,19
tuned,dqn,2024,stochastic,56,50056,13.0,17,True,False,success,saved,True,False,False,55,45,2,2,5,17
tuned,dqn,2024,stochastic,57,50057,12.0,18,True,False,success,saved,True,False,False,55,45,2,2,6,18
tuned,dqn,2024,stochastic,58,50058,3.0,17,True,False,success,saved,True,False,False,70,30,1,0,7,17
tuned,dqn,2024,stochastic,59,50059,12.0,18,True,False,success,saved,True,False,False,55,45,2,2,6,18
tuned,dqn,2024,stochastic,60,50060,9.0,21,True,False,success,saved,True,False,False,53,47,2,2,6,21
tuned,dqn,2024,stochastic,61,50061,6.0,19,True,False,success,saved,True,False,False,68,32,1,1,5,19
tuned,dqn,2024,stochastic,62,50062,3.0,17,True,False,success,saved,True,False,False,70,30,1,0,5,17
tuned,dqn,2024,stochastic,63,50063,11.0,19,True,False,success,saved,True,False,False,51,49,2,2,5,19
tuned,dqn,2024,stochastic,64,50064,8.0,17,True,False,success,saved,True,False,False,70,30,1,1,5,17
tuned,dqn,2024,stochastic,65,50065,6.0,24,True,False,success,saved,True,False,False,49,51,2,2,5,24
tuned,dqn,2024,stochastic,66,50066,1.0,24,True,False,success,saved,True,False,False,53,47,2,1,7,24
tuned,dqn,2024,stochastic,67,50067,12.0,18,True,False,success,saved,True,False,False,53,47,2,2,5,18
tuned,dqn,2024,stochastic,68,50068,9.0,21,True,False,success,saved,True,False,False,53,47,2,2,5,21
tuned,dqn,2024,stochastic,69,50069,3.0,22,True,False,success,saved,True,False,False,64,36,1,1,5,22
tuned,dqn,2024,stochastic,70,50070,9.0,16,True,False,success,saved,True,False,False,68,32,1,1,5,16
tuned,dqn,2024,stochastic,71,50071,13.0,17,True,False,success,saved,True,False,False,55,45,2,2,5,17
tuned,dqn,2024,stochastic,72,50072,7.0,23,True,False,success,saved,True,False,False,49,51,2,2,6,23
tuned,dqn,2024,stochastic,73,50073,3.0,17,True,False,success,saved,True,False,False,70,30,1,0,6,17
tuned,dqn,2024,stochastic,74,50074,13.0,17,True,False,success,saved,True,False,False,53,47,2,2,5,17
tuned,dqn,2024,stochastic,75,50075,8.0,17,True,False,success,saved,True,False,False,68,32,1,1,5,17
tuned,dqn,2024,stochastic,76,50076,8.0,22,True,False,success,saved,True,False,False,51,49,2,2,9,22
tuned,dqn,2024,stochastic,77,50077,-1.0,21,True,False,success,saved,True,False,False,66,34,1,0,6,21
tuned,dqn,2024,stochastic,78,50078,2.0,23,True,False,success,saved,True,False,False,51,49,2,1,5,23
tuned,dqn,2024,stochastic,79,50079,5.0,20,True,False,success,saved,True,False,False,66,34,1,1,7,20
tuned,dqn,2024,stochastic,80,50080,5.0,25,True,False,success,saved,True,False,False,47,53,2,2,5,25
tuned,dqn,2024,stochastic,81,50081,10.0,20,True,False,success,saved,True,False,False,51,49,2,2,5,20
tuned,dqn,2024,stochastic,82,50082,4.0,16,True,False,success,saved,True,False,False,70,30,1,0,6,16
tuned,dqn,2024,stochastic,83,50083,4.0,16,True,False,success,saved,True,False,False,70,30,1,0,6,16
tuned,dqn,2024,stochastic,84,50084,12.0,18,True,False,success,saved,True,False,False,53,47,2,2,5,18
tuned,dqn,2024,stochastic,85,50085,13.0,17,True,False,success,saved,True,False,False,53,47,2,2,5,17
tuned,dqn,2024,stochastic,86,50086,1.0,19,True,False,success,saved,True,False,False,66,34,1,0,7,19
tuned,dqn,2024,stochastic,87,50087,10.0,20,True,False,success,saved,True,False,False,55,45,2,2,5,20
tuned,dqn,2024,stochastic,88,50088,-12.0,37,True,False,success,saved,True,False,False,64,36,1,1,6,37
tuned,dqn,2024,stochastic,89,50089,6.0,24,True,False,success,saved,True,False,False,51,49,2,2,10,24
tuned,dqn,2024,stochastic,90,50090,8.0,22,True,False,success,saved,True,False,False,51,49,2,2,7,22
tuned,dqn,2024,stochastic,91,50091,10.0,20,True,False,success,saved,True,False,False,55,45,2,2,6,20
tuned,dqn,2024,stochastic,92,50092,7.0,18,True,False,success,saved,True,False,False,70,30,1,1,5,18
tuned,dqn,2024,stochastic,93,50093,9.0,16,True,False,success,saved,True,False,False,70,30,1,1,5,16
tuned,dqn,2024,stochastic,94,50094,5.0,20,True,False,success,saved,True,False,False,66,34,1,1,9,20
tuned,dqn,2024,stochastic,95,50095,7.0,18,True,False,success,saved,True,False,False,66,34,1,1,7,18
tuned,dqn,2024,stochastic,96,50096,2.0,18,True,False,success,saved,True,False,False,70,30,1,0,8,18
tuned,dqn,2024,stochastic,97,50097,-1.0,21,True,False,success,saved,True,False,False,51,49,2,0,6,21
tuned,dqn,2024,stochastic,98,50098,4.0,16,True,False,success,saved,True,False,False,70,30,1,0,6,16
tuned,dqn,2024,stochastic,99,50099,-1.0,21,True,False,success,saved,True,False,False,70,30,1,0,7,21
tuned,dqn,7,deterministic,0,50000,13.0,17,True,False,success,saved,True,False,False,53,47,2,2,5,17
tuned,dqn,7,deterministic,1,50001,-95.0,100,False,True,max_steps,with_robot,False,False,False,68,32,1,1,5,
tuned,dqn,7,deterministic,2,50002,9.0,16,True,False,success,saved,True,False,False,70,30,1,1,5,16
tuned,dqn,7,deterministic,3,50003,13.0,17,True,False,success,saved,True,False,False,55,45,2,2,5,17
tuned,dqn,7,deterministic,4,50004,9.0,16,True,False,success,saved,True,False,False,70,30,1,1,5,16
tuned,dqn,7,deterministic,5,50005,13.0,17,True,False,success,saved,True,False,False,55,45,2,2,5,17
tuned,dqn,7,deterministic,6,50006,13.0,17,True,False,success,saved,True,False,False,55,45,2,2,5,17
tuned,dqn,7,deterministic,7,50007,5.0,15,True,False,success,saved,True,False,False,85,15,0,0,5,15
tuned,dqn,7,deterministic,8,50008,9.0,16,True,False,success,saved,True,False,False,70,30,1,1,5,16
tuned,dqn,7,deterministic,9,50009,9.0,16,True,False,success,saved,True,False,False,70,30,1,1,5,16
tuned,dqn,7,deterministic,10,50010,9.0,16,True,False,success,saved,True,False,False,70,30,1,1,5,16
tuned,dqn,7,deterministic,11,50011,9.0,16,True,False,success,saved,True,False,False,70,30,1,1,5,16
tuned,dqn,7,deterministic,12,50012,13.0,17,True,False,success,saved,True,False,False,55,45,2,2,5,17
tuned,dqn,7,deterministic,13,50013,9.0,16,True,False,success,saved,True,False,False,70,30,1,1,5,16
tuned,dqn,7,deterministic,14,50014,9.0,16,True,False,success,saved,True,False,False,70,30,1,1,5,16
tuned,dqn,7,deterministic,15,50015,0.0,20,True,False,success,saved,True,False,False,70,30,1,0,5,20
tuned,dqn,7,deterministic,16,50016,13.0,17,True,False,success,saved,True,False,False,55,45,2,2,5,17
tuned,dqn,7,deterministic,17,50017,13.0,17,True,False,success,saved,True,False,False,51,49,2,2,5,17
tuned,dqn,7,deterministic,18,50018,9.0,16,True,False,success,saved,True,False,False,70,30,1,1,5,16
tuned,dqn,7,deterministic,19,50019,9.0,16,True,False,success,saved,True,False,False,70,30,1,1,5,16
tuned,dqn,7,deterministic,20,50020,9.0,16,True,False,success,saved,True,False,False,70,30,1,1,5,16
tuned,dqn,7,deterministic,21,50021,9.0,16,True,False,success,saved,True,False,False,70,30,1,1,5,16
tuned,dqn,7,deterministic,22,50022,9.0,16,True,False,success,saved,True,False,False,70,30,1,1,5,16
tuned,dqn,7,deterministic,23,50023,5.0,15,True,False,success,saved,True,False,False,85,15,0,0,5,15
tuned,dqn,7,deterministic,24,50024,9.0,16,True,False,success,saved,True,False,False,70,30,1,1,5,16
tuned,dqn,7,deterministic,25,50025,13.0,17,True,False,success,saved,True,False,False,55,45,2,2,5,17
tuned,dqn,7,deterministic,26,50026,9.0,16,True,False,success,saved,True,False,False,70,30,1,1,5,16
tuned,dqn,7,deterministic,27,50027,13.0,17,True,False,success,saved,True,False,False,49,51,2,2,5,17
tuned,dqn,7,deterministic,28,50028,9.0,16,True,False,success,saved,True,False,False,70,30,1,1,5,16
tuned,dqn,7,deterministic,29,50029,9.0,16,True,False,success,saved,True,False,False,70,30,1,1,5,16
tuned,dqn,7,deterministic,30,50030,9.0,16,True,False,success,saved,True,False,False,70,30,1,1,5,16
tuned,dqn,7,deterministic,31,50031,9.0,16,True,False,success,saved,True,False,False,70,30,1,1,5,16
tuned,dqn,7,deterministic,32,50032,13.0,17,True,False,success,saved,True,False,False,51,49,2,2,5,17
tuned,dqn,7,deterministic,33,50033,13.0,17,True,False,success,saved,True,False,False,55,45,2,2,5,17
tuned,dqn,7,deterministic,34,50034,13.0,17,True,False,success,saved,True,False,False,55,45,2,2,5,17
tuned,dqn,7,deterministic,35,50035,9.0,16,True,False,success,saved,True,False,False,70,30,1,1,5,16
tuned,dqn,7,deterministic,36,50036,5.0,20,True,False,success,saved,True,False,False,68,32,1,1,5,20
tuned,dqn,7,deterministic,37,50037,13.0,17,True,False,success,saved,True,False,False,55,45,2,2,5,17
tuned,dqn,7,deterministic,38,50038,13.0,17,True,False,success,saved,True,False,False,53,47,2,2,5,17
tuned,dqn,7,deterministic,39,50039,9.0,16,True,False,success,saved,True,False,False,70,30,1,1,5,16
tuned,dqn,7,deterministic,40,50040,13.0,17,True,False,success,saved,True,False,False,55,45,2,2,5,17
tuned,dqn,7,deterministic,41,50041,13.0,17,True,False,success,saved,True,False,False,55,45,2,2,5,17
tuned,dqn,7,deterministic,42,50042,13.0,17,True,False,success,saved,True,False,False,55,45,2,2,5,17
tuned,dqn,7,deterministic,43,50043,9.0,16,True,False,success,saved,True,False,False,70,30,1,1,5,16
tuned,dqn,7,deterministic,44,50044,9.0,16,True,False,success,saved,True,False,False,70,30,1,1,5,16
tuned,dqn,7,deterministic,45,50045,9.0,16,True,False,success,saved,True,False,False,70,30,1,1,5,16
tuned,dqn,7,deterministic,46,50046,13.0,17,True,False,success,saved,True,False,False,55,45,2,2,5,17
tuned,dqn,7,deterministic,47,50047,11.0,19,True,False,success,saved,True,False,False,53,47,2,2,5,19
tuned,dqn,7,deterministic,48,50048,5.0,15,True,False,success,saved,True,False,False,85,15,0,0,5,15
tuned,dqn,7,deterministic,49,50049,9.0,16,True,False,success,saved,True,False,False,70,30,1,1,5,16
tuned,dqn,7,deterministic,50,50050,13.0,17,True,False,success,saved,True,False,False,55,45,2,2,5,17
tuned,dqn,7,deterministic,51,50051,9.0,16,True,False,success,saved,True,False,False,70,30,1,1,5,16
tuned,dqn,7,deterministic,52,50052,13.0,17,True,False,success,saved,True,False,False,53,47,2,2,5,17
tuned,dqn,7,deterministic,53,50053,9.0,16,True,False,success,saved,True,False,False,70,30,1,1,5,16
tuned,dqn,7,deterministic,54,50054,13.0,17,True,False,success,saved,True,False,False,55,45,2,2,5,17
tuned,dqn,7,deterministic,55,50055,9.0,16,True,False,success,saved,True,False,False,70,30,1,1,5,16
tuned,dqn,7,deterministic,56,50056,13.0,17,True,False,success,saved,True,False,False,55,45,2,2,5,17
tuned,dqn,7,deterministic,57,50057,9.0,16,True,False,success,saved,True,False,False,70,30,1,1,5,16
tuned,dqn,7,deterministic,58,50058,9.0,16,True,False,success,saved,True,False,False,70,30,1,1,5,16
tuned,dqn,7,deterministic,59,50059,9.0,16,True,False,success,saved,True,False,False,70,30,1,1,5,16
tuned,dqn,7,deterministic,60,50060,9.0,16,True,False,success,saved,True,False,False,70,30,1,1,5,16
tuned,dqn,7,deterministic,61,50061,9.0,16,True,False,success,saved,True,False,False,70,30,1,1,5,16
tuned,dqn,7,deterministic,62,50062,13.0,17,True,False,success,saved,True,False,False,53,47,2,2,5,17
tuned,dqn,7,deterministic,63,50063,13.0,17,True,False,success,saved,True,False,False,55,45,2,2,5,17
tuned,dqn,7,deterministic,64,50064,13.0,17,True,False,success,saved,True,False,False,51,49,2,2,5,17
tuned,dqn,7,deterministic,65,50065,9.0,16,True,False,success,saved,True,False,False,70,30,1,1,5,16
tuned,dqn,7,deterministic,66,50066,13.0,17,True,False,success,saved,True,False,False,53,47,2,2,5,17
tuned,dqn,7,deterministic,67,50067,13.0,17,True,False,success,saved,True,False,False,55,45,2,2,5,17
tuned,dqn,7,deterministic,68,50068,9.0,16,True,False,success,saved,True,False,False,70,30,1,1,5,16
tuned,dqn,7,deterministic,69,50069,9.0,16,True,False,success,saved,True,False,False,70,30,1,1,5,16
tuned,dqn,7,deterministic,70,50070,13.0,17,True,False,success,saved,True,False,False,53,47,2,2,5,17
tuned,dqn,7,deterministic,71,50071,13.0,17,True,False,success,saved,True,False,False,55,45,2,2,5,17
tuned,dqn,7,deterministic,72,50072,13.0,17,True,False,success,saved,True,False,False,55,45,2,2,5,17
tuned,dqn,7,deterministic,73,50073,13.0,17,True,False,success,saved,True,False,False,55,45,2,2,5,17
tuned,dqn,7,deterministic,74,50074,13.0,17,True,False,success,saved,True,False,False,53,47,2,2,5,17
tuned,dqn,7,deterministic,75,50075,13.0,17,True,False,success,saved,True,False,False,55,45,2,2,5,17
tuned,dqn,7,deterministic,76,50076,13.0,17,True,False,success,saved,True,False,False,55,45,2,2,5,17
tuned,dqn,7,deterministic,77,50077,9.0,16,True,False,success,saved,True,False,False,70,30,1,1,5,16
tuned,dqn,7,deterministic,78,50078,13.0,17,True,False,success,saved,True,False,False,53,47,2,2,5,17
tuned,dqn,7,deterministic,79,50079,13.0,17,True,False,success,saved,True,False,False,53,47,2,2,5,17
tuned,dqn,7,deterministic,80,50080,5.0,15,True,False,success,saved,True,False,False,85,15,0,0,5,15
tuned,dqn,7,deterministic,81,50081,13.0,17,True,False,success,saved,True,False,False,53,47,2,2,5,17
tuned,dqn,7,deterministic,82,50082,9.0,16,True,False,success,saved,True,False,False,70,30,1,1,5,16
tuned,dqn,7,deterministic,83,50083,9.0,16,True,False,success,saved,True,False,False,70,30,1,1,5,16
tuned,dqn,7,deterministic,84,50084,13.0,17,True,False,success,saved,True,False,False,53,47,2,2,5,17
tuned,dqn,7,deterministic,85,50085,13.0,17,True,False,success,saved,True,False,False,55,45,2,2,5,17
tuned,dqn,7,deterministic,86,50086,5.0,15,True,False,success,saved,True,False,False,85,15,0,0,5,15
tuned,dqn,7,deterministic,87,50087,9.0,16,True,False,success,saved,True,False,False,70,30,1,1,5,16
tuned,dqn,7,deterministic,88,50088,13.0,17,True,False,success,saved,True,False,False,53,47,2,2,5,17
tuned,dqn,7,deterministic,89,50089,9.0,16,True,False,success,saved,True,False,False,70,30,1,1,5,16
tuned,dqn,7,deterministic,90,50090,9.0,16,True,False,success,saved,True,False,False,70,30,1,1,5,16
tuned,dqn,7,deterministic,91,50091,9.0,16,True,False,success,saved,True,False,False,70,30,1,1,5,16
tuned,dqn,7,deterministic,92,50092,13.0,17,True,False,success,saved,True,False,False,53,47,2,2,5,17
tuned,dqn,7,deterministic,93,50093,13.0,17,True,False,success,saved,True,False,False,53,47,2,2,5,17
tuned,dqn,7,deterministic,94,50094,13.0,17,True,False,success,saved,True,False,False,55,45,2,2,5,17
tuned,dqn,7,deterministic,95,50095,9.0,16,True,False,success,saved,True,False,False,70,30,1,1,5,16
tuned,dqn,7,deterministic,96,50096,13.0,17,True,False,success,saved,True,False,False,55,45,2,2,5,17
tuned,dqn,7,deterministic,97,50097,9.0,16,True,False,success,saved,True,False,False,70,30,1,1,5,16
tuned,dqn,7,deterministic,98,50098,13.0,17,True,False,success,saved,True,False,False,55,45,2,2,5,17
tuned,dqn,7,deterministic,99,50099,13.0,17,True,False,success,saved,True,False,False,53,47,2,2,5,17
tuned,dqn,7,stochastic,0,50000,7.0,18,True,False,success,saved,True,False,False,66,34,1,1,7,18
tuned,dqn,7,stochastic,1,50001,4.0,16,True,False,success,saved,True,False,False,85,15,0,0,5,16
tuned,dqn,7,stochastic,2,50002,5.0,25,True,False,success,saved,True,False,False,49,51,2,2,7,25
tuned,dqn,7,stochastic,3,50003,8.0,17,True,False,success,saved,True,False,False,55,45,2,1,6,17
tuned,dqn,7,stochastic,4,50004,9.0,16,True,False,success,saved,True,False,False,70,30,1,1,5,16
tuned,dqn,7,stochastic,5,50005,3.0,22,True,False,success,saved,True,False,False,49,51,2,1,5,22
tuned,dqn,7,stochastic,6,50006,7.0,18,True,False,success,saved,True,False,False,66,34,1,1,5,18
tuned,dqn,7,stochastic,7,50007,4.0,16,True,False,success,saved,True,False,False,85,15,0,0,5,16
tuned,dqn,7,stochastic,8,50008,6.0,19,True,False,success,saved,True,False,False,68,32,1,1,7,19
tuned,dqn,7,stochastic,9,50009,6.0,19,True,False,success,saved,True,False,False,64,36,1,1,5,19
tuned,dqn,7,stochastic,10,50010,9.0,16,True,False,success,saved,True,False,False,70,30,1,1,5,16
tuned,dqn,7,stochastic,11,50011,4.0,21,True,False,success,saved,True,False,False,51,49,2,1,10,21
tuned,dqn,7,stochastic,12,50012,10.0,20,True,False,success,saved,True,False,False,53,47,2,2,5,20
tuned,dqn,7,stochastic,13,50013,8.0,17,True,False,success,saved,True,False,False,68,32,1,1,6,17
tuned,dqn,7,stochastic,14,50014,5.0,25,True,False,success,saved,True,False,False,45,55,2,2,9,25
tuned,dqn,7,stochastic,15,50015,0.0,25,True,False,success,saved,True,False,False,64,36,1,1,5,25
tuned,dqn,7,stochastic,16,50016,2.0,18,True,False,success,saved,True,False,False,55,45,2,0,5,18
tuned,dqn,7,stochastic,17,50017,12.0,18,True,False,success,saved,True,False,False,53,47,2,2,6,18
tuned,dqn,7,stochastic,18,50018,8.0,17,True,False,success,saved,True,False,False,55,45,2,1,6,17
tuned,dqn,7,stochastic,19,50019,8.0,17,True,False,success,saved,True,False,False,70,30,1,1,6,17
tuned,dqn,7,stochastic,20,50020,2.0,23,True,False,success,saved,True,False,False,49,51,2,1,6,23
tuned,dqn,7,stochastic,21,50021,1.0,19,True,False,success,saved,True,False,False,68,32,1,0,5,19
tuned,dqn,7,stochastic,22,50022,3.0,22,True,False,success,saved,True,False,False,62,38,1,1,5,22
tuned,dqn,7,stochastic,23,50023,1.0,19,True,False,success,saved,True,False,False,81,19,0,0,5,19
tuned,dqn,7,stochastic,24,50024,8.0,17,True,False,success,saved,True,False,False,55,45,2,1,5,17
tuned,dqn,7,stochastic,25,50025,9.0,21,True,False,success,saved,True,False,False,53,47,2,2,6,21
tuned,dqn,7,stochastic,26,50026,7.0,18,True,False,success,saved,True,False,False,68,32,1,1,7,18
tuned,dqn,7,stochastic,27,50027,1.0,19,True,False,success,saved,True,False,False,68,32,1,0,6,19
tuned,dqn,7,stochastic,28,50028,-2.0,27,True,False,success,saved,True,False,False,60,40,1,1,9,27
tuned,dqn,7,stochastic,29,50029,9.0,16,True,False,success,saved,True,False,False,70,30,1,1,5,16
tuned,dqn,7,stochastic,30,50030,9.0,16,True,False,success,saved,True,False,False,70,30,1,1,5,16
tuned,dqn,7,stochastic,31,50031,3.0,17,True,False,success,saved,True,False,False,70,30,1,0,6,17
tuned,dqn,7,stochastic,32,50032,12.0,18,True,False,success,saved,True,False,False,49,51,2,2,5,18
tuned,dqn,7,stochastic,33,50033,9.0,21,True,False,success,saved,True,False,False,53,47,2,2,7,21
tuned,dqn,7,stochastic,34,50034,11.0,19,True,False,success,saved,True,False,False,53,47,2,2,5,19
tuned,dqn,7,stochastic,35,50035,5.0,20,True,False,success,saved,True,False,False,68,32,1,1,8,20
tuned,dqn,7,stochastic,36,50036,5.0,20,True,False,success,saved,True,False,False,68,32,1,1,5,20
tuned,dqn,7,stochastic,37,50037,10.0,20,True,False,success,saved,True,False,False,51,49,2,2,5,20
tuned,dqn,7,stochastic,38,50038,7.0,23,True,False,success,saved,True,False,False,51,49,2,2,5,23
tuned,dqn,7,stochastic,39,50039,9.0,16,True,False,success,saved,True,False,False,70,30,1,1,5,16
tuned,dqn,7,stochastic,40,50040,9.0,16,True,False,success,saved,True,False,False,68,32,1,1,5,16
tuned,dqn,7,stochastic,41,50041,11.0,19,True,False,success,saved,True,False,False,53,47,2,2,7,19
tuned,dqn,7,stochastic,42,50042,7.0,23,True,False,success,saved,True,False,False,51,49,2,2,10,23
tuned,dqn,7,stochastic,43,50043,5.0,20,True,False,success,saved,True,False,False,55,45,2,1,7,20
tuned,dqn,7,stochastic,44,50044,2.0,23,True,False,success,saved,True,False,False,66,34,1,1,7,23
tuned,dqn,7,stochastic,45,50045,8.0,17,True,False,success,saved,True,False,False,70,30,1,1,5,17
tuned,dqn,7,stochastic,46,50046,4.0,26,True,False,success,saved,True,False,False,47,53,2,2,5,26
tuned,dqn,7,stochastic,47,50047,8.0,22,True,False,success,saved,True,False,False,49,51,2,2,6,22
tuned,dqn,7,stochastic,48,50048,4.0,16,True,False,success,saved,True,False,False,85,15,0,0,5,16
tuned,dqn,7,stochastic,49,50049,5.0,15,True,False,success,saved,True,False,False,85,15,0,0,5,15
tuned,dqn,7,stochastic,50,50050,4.0,26,True,False,success,saved,True,False,False,49,51,2,2,5,26
tuned,dqn,7,stochastic,51,50051,5.0,20,True,False,success,saved,True,False,False,68,32,1,1,7,20
tuned,dqn,7,stochastic,52,50052,7.0,23,True,False,success,saved,True,False,False,49,51,2,2,8,23
tuned,dqn,7,stochastic,53,50053,7.0,18,True,False,success,saved,True,False,False,68,32,1,1,5,18
tuned,dqn,7,stochastic,54,50054,4.0,26,True,False,success,saved,True,False,False,45,55,2,2,6,26
tuned,dqn,7,stochastic,55,50055,-1.0,21,True,False,success,saved,True,False,False,53,47,2,0,10,21
tuned,dqn,7,stochastic,56,50056,8.0,22,True,False,success,saved,True,False,False,53,47,2,2,8,22
tuned,dqn,7,stochastic,57,50057,7.0,18,True,False,success,saved,True,False,False,68,32,1,1,7,18
tuned,dqn,7,stochastic,58,50058,6.0,19,True,False,success,saved,True,False,False,70,30,1,1,5,19
tuned,dqn,7,stochastic,59,50059,-1.0,26,True,False,success,saved,True,False,False,64,36,1,1,8,26
tuned,dqn,7,stochastic,60,50060,9.0,16,True,False,success,saved,True,False,False,70,30,1,1,5,16
tuned,dqn,7,stochastic,61,50061,6.0,19,True,False,success,saved,True,False,False,68,32,1,1,5,19
tuned,dqn,7,stochastic,62,50062,10.0,20,True,False,success,saved,True,False,False,51,49,2,2,7,20
tuned,dqn,7,stochastic,63,50063,4.0,16,True,False,success,saved,True,False,False,70,30,1,0,6,16
tuned,dqn,7,stochastic,64,50064,12.0,18,True,False,success,saved,True,False,False,51,49,2,2,5,18
tuned,dqn,7,stochastic,65,50065,7.0,18,True,False,success,saved,True,False,False,70,30,1,1,6,18
tuned,dqn,7,stochastic,66,50066,-2.0,22,True,False,success,saved,True,False,False,66,34,1,0,9,22
tuned,dqn,7,stochastic,67,50067,3.0,17,True,False,success,saved,True,False,False,70,30,1,0,6,17
tuned,dqn,7,stochastic,68,50068,6.0,19,True,False,success,saved,True,False,False,55,45,2,1,6,19
tuned,dqn,7,stochastic,69,50069,6.0,19,True,False,success,saved,True,False,False,68,32,1,1,5,19
tuned,dqn,7,stochastic,70,50070,3.0,17,True,False,success,saved,True,False,False,83,17,0,0,7,17
tuned,dqn,7,stochastic,71,50071,13.0,17,True,False,success,saved,True,False,False,55,45,2,2,5,17
tuned,dqn,7,stochastic,72,50072,12.0,18,True,False,success,saved,True,False,False,53,47,2,2,5,18
tuned,dqn,7,stochastic,73,50073,11.0,19,True,False,success,saved,True,False,False,51,49,2,2,7,19
tuned,dqn,7,stochastic,74,50074,11.0,19,True,False,success,saved,True,False,False,55,45,2,2,5,19
tuned,dqn,7,stochastic,75,50075,6.0,19,True,False,success,saved,True,False,False,62,38,1,1,7,19
tuned,dqn,7,stochastic,76,50076,12.0,18,True,False,success,saved,True,False,False,55,45,2,2,5,18
tuned,dqn,7,stochastic,77,50077,1.0,24,True,False,success,saved,True,False,False,62,38,1,1,5,24
tuned,dqn,7,stochastic,78,50078,8.0,22,True,False,success,saved,True,False,False,49,51,2,2,5,22
tuned,dqn,7,stochastic,79,50079,8.0,22,True,False,success,saved,True,False,False,49,51,2,2,7,22
tuned,dqn,7,stochastic,80,50080,2.0,18,True,False,success,saved,True,False,False,83,17,0,0,5,18
tuned,dqn,7,stochastic,81,50081,-3.0,23,True,False,success,saved,True,False,False,64,36,1,0,9,23
tuned,dqn,7,stochastic,82,50082,10.0,20,True,False,success,saved,True,False,False,51,49,2,2,6,20
tuned,dqn,7,stochastic,83,50083,1.0,29,True,False,success,saved,True,False,False,45,55,2,2,5,29
tuned,dqn,7,stochastic,84,50084,2.0,18,True,False,success,saved,True,False,False,66,34,1,0,5,18
tuned,dqn,7,stochastic,85,50085,11.0,19,True,False,success,saved,True,False,False,55,45,2,2,6,19
tuned,dqn,7,stochastic,86,50086,3.0,17,True,False,success,saved,True,False,False,85,15,0,0,5,17
tuned,dqn,7,stochastic,87,50087,6.0,19,True,False,success,saved,True,False,False,53,47,2,1,5,19
tuned,dqn,7,stochastic,88,50088,1.0,19,True,False,success,saved,True,False,False,68,32,1,0,9,19
tuned,dqn,7,stochastic,89,50089,8.0,17,True,False,success,saved,True,False,False,70,30,1,1,5,17
tuned,dqn,7,stochastic,90,50090,4.0,16,True,False,success,saved,True,False,False,70,30,1,0,6,16
tuned,dqn,7,stochastic,91,50091,11.0,19,True,False,success,saved,True,False,False,51,49,2,2,7,19
tuned,dqn,7,stochastic,92,50092,8.0,22,True,False,success,saved,True,False,False,49,51,2,2,7,22
tuned,dqn,7,stochastic,93,50093,1.0,19,True,False,success,saved,True,False,False,83,17,0,0,7,19
tuned,dqn,7,stochastic,94,50094,7.0,18,True,False,success,saved,True,False,False,66,34,1,1,7,18
tuned,dqn,7,stochastic,95,50095,2.0,23,True,False,success,saved,True,False,False,51,49,2,1,5,23
tuned,dqn,7,stochastic,96,50096,11.0,19,True,False,success,saved,True,False,False,53,47,2,2,5,19
tuned,dqn,7,stochastic,97,50097,10.0,20,True,False,success,saved,True,False,False,55,45,2,2,6,20
tuned,dqn,7,stochastic,98,50098,12.0,18,True,False,success,saved,True,False,False,55,45,2,2,5,18
tuned,dqn,7,stochastic,99,50099,12.0,18,True,False,success,saved,True,False,False,53,47,2,2,6,18
tuned,dqn,314,deterministic,0,50000,5.0,15,True,False,success,saved,True,False,False,85,15,0,0,5,15
tuned,dqn,314,deterministic,1,50001,5.0,15,True,False,success,saved,True,False,False,85,15,0,0,5,15
tuned,dqn,314,deterministic,2,50002,5.0,15,True,False,success,saved,True,False,False,85,15,0,0,5,15
tuned,dqn,314,deterministic,3,50003,5.0,15,True,False,success,saved,True,False,False,85,15,0,0,5,15
tuned,dqn,314,deterministic,4,50004,5.0,15,True,False,success,saved,True,False,False,85,15,0,0,5,15
tuned,dqn,314,deterministic,5,50005,5.0,15,True,False,success,saved,True,False,False,85,15,0,0,5,15
tuned,dqn,314,deterministic,6,50006,5.0,15,True,False,success,saved,True,False,False,85,15,0,0,5,15
tuned,dqn,314,deterministic,7,50007,5.0,15,True,False,success,saved,True,False,False,83,17,0,0,5,15
tuned,dqn,314,deterministic,8,50008,5.0,15,True,False,success,saved,True,False,False,85,15,0,0,5,15
tuned,dqn,314,deterministic,9,50009,5.0,15,True,False,success,saved,True,False,False,85,15,0,0,5,15
tuned,dqn,314,deterministic,10,50010,5.0,15,True,False,success,saved,True,False,False,85,15,0,0,5,15
tuned,dqn,314,deterministic,11,50011,5.0,15,True,False,success,saved,True,False,False,85,15,0,0,5,15
tuned,dqn,314,deterministic,12,50012,5.0,15,True,False,success,saved,True,False,False,85,15,0,0,5,15
tuned,dqn,314,deterministic,13,50013,5.0,15,True,False,success,saved,True,False,False,85,15,0,0,5,15
tuned,dqn,314,deterministic,14,50014,5.0,15,True,False,success,saved,True,False,False,85,15,0,0,5,15
tuned,dqn,314,deterministic,15,50015,-100.0,100,False,True,max_steps,with_robot,False,False,False,71,29,1,0,5,
tuned,dqn,314,deterministic,16,50016,5.0,15,True,False,success,saved,True,False,False,85,15,0,0,5,15
tuned,dqn,314,deterministic,17,50017,5.0,15,True,False,success,saved,True,False,False,85,15,0,0,5,15
tuned,dqn,314,deterministic,18,50018,5.0,15,True,False,success,saved,True,False,False,85,15,0,0,5,15
tuned,dqn,314,deterministic,19,50019,5.0,15,True,False,success,saved,True,False,False,85,15,0,0,5,15
tuned,dqn,314,deterministic,20,50020,5.0,15,True,False,success,saved,True,False,False,85,15,0,0,5,15
tuned,dqn,314,deterministic,21,50021,5.0,15,True,False,success,saved,True,False,False,85,15,0,0,5,15
tuned,dqn,314,deterministic,22,50022,5.0,15,True,False,success,saved,True,False,False,85,15,0,0,5,15
tuned,dqn,314,deterministic,23,50023,5.0,15,True,False,success,saved,True,False,False,85,15,0,0,5,15
tuned,dqn,314,deterministic,24,50024,5.0,15,True,False,success,saved,True,False,False,85,15,0,0,5,15
tuned,dqn,314,deterministic,25,50025,5.0,15,True,False,success,saved,True,False,False,85,15,0,0,5,15
tuned,dqn,314,deterministic,26,50026,5.0,15,True,False,success,saved,True,False,False,85,15,0,0,5,15
tuned,dqn,314,deterministic,27,50027,5.0,15,True,False,success,saved,True,False,False,85,15,0,0,5,15
tuned,dqn,314,deterministic,28,50028,5.0,15,True,False,success,saved,True,False,False,85,15,0,0,5,15
tuned,dqn,314,deterministic,29,50029,5.0,15,True,False,success,saved,True,False,False,85,15,0,0,5,15
tuned,dqn,314,deterministic,30,50030,5.0,15,True,False,success,saved,True,False,False,85,15,0,0,5,15
tuned,dqn,314,deterministic,31,50031,5.0,15,True,False,success,saved,True,False,False,85,15,0,0,5,15
tuned,dqn,314,deterministic,32,50032,5.0,15,True,False,success,saved,True,False,False,85,15,0,0,5,15
tuned,dqn,314,deterministic,33,50033,5.0,15,True,False,success,saved,True,False,False,85,15,0,0,5,15
tuned,dqn,314,deterministic,34,50034,5.0,15,True,False,success,saved,True,False,False,85,15,0,0,5,15
tuned,dqn,314,deterministic,35,50035,5.0,15,True,False,success,saved,True,False,False,85,15,0,0,5,15
tuned,dqn,314,deterministic,36,50036,5.0,15,True,False,success,saved,True,False,False,85,15,0,0,5,15
tuned,dqn,314,deterministic,37,50037,5.0,15,True,False,success,saved,True,False,False,85,15,0,0,5,15
tuned,dqn,314,deterministic,38,50038,5.0,15,True,False,success,saved,True,False,False,85,15,0,0,5,15
tuned,dqn,314,deterministic,39,50039,5.0,15,True,False,success,saved,True,False,False,85,15,0,0,5,15
tuned,dqn,314,deterministic,40,50040,5.0,15,True,False,success,saved,True,False,False,85,15,0,0,5,15
tuned,dqn,314,deterministic,41,50041,5.0,15,True,False,success,saved,True,False,False,85,15,0,0,5,15
tuned,dqn,314,deterministic,42,50042,5.0,15,True,False,success,saved,True,False,False,85,15,0,0,5,15
tuned,dqn,314,deterministic,43,50043,5.0,15,True,False,success,saved,True,False,False,85,15,0,0,5,15
tuned,dqn,314,deterministic,44,50044,5.0,15,True,False,success,saved,True,False,False,85,15,0,0,5,15
tuned,dqn,314,deterministic,45,50045,5.0,15,True,False,success,saved,True,False,False,85,15,0,0,5,15
tuned,dqn,314,deterministic,46,50046,5.0,15,True,False,success,saved,True,False,False,85,15,0,0,5,15
tuned,dqn,314,deterministic,47,50047,5.0,15,True,False,success,saved,True,False,False,85,15,0,0,5,15
tuned,dqn,314,deterministic,48,50048,5.0,15,True,False,success,saved,True,False,False,85,15,0,0,5,15
tuned,dqn,314,deterministic,49,50049,5.0,15,True,False,success,saved,True,False,False,85,15,0,0,5,15
tuned,dqn,314,deterministic,50,50050,5.0,15,True,False,success,saved,True,False,False,85,15,0,0,5,15
tuned,dqn,314,deterministic,51,50051,5.0,15,True,False,success,saved,True,False,False,85,15,0,0,5,15
tuned,dqn,314,deterministic,52,50052,5.0,15,True,False,success,saved,True,False,False,85,15,0,0,5,15
tuned,dqn,314,deterministic,53,50053,5.0,15,True,False,success,saved,True,False,False,85,15,0,0,5,15
tuned,dqn,314,deterministic,54,50054,5.0,15,True,False,success,saved,True,False,False,85,15,0,0,5,15
tuned,dqn,314,deterministic,55,50055,5.0,15,True,False,success,saved,True,False,False,85,15,0,0,5,15
tuned,dqn,314,deterministic,56,50056,5.0,15,True,False,success,saved,True,False,False,85,15,0,0,5,15
tuned,dqn,314,deterministic,57,50057,5.0,15,True,False,success,saved,True,False,False,85,15,0,0,5,15
tuned,dqn,314,deterministic,58,50058,5.0,15,True,False,success,saved,True,False,False,85,15,0,0,5,15
tuned,dqn,314,deterministic,59,50059,5.0,15,True,False,success,saved,True,False,False,85,15,0,0,5,15
tuned,dqn,314,deterministic,60,50060,5.0,15,True,False,success,saved,True,False,False,85,15,0,0,5,15
tuned,dqn,314,deterministic,61,50061,5.0,15,True,False,success,saved,True,False,False,85,15,0,0,5,15
tuned,dqn,314,deterministic,62,50062,5.0,15,True,False,success,saved,True,False,False,85,15,0,0,5,15
tuned,dqn,314,deterministic,63,50063,5.0,15,True,False,success,saved,True,False,False,85,15,0,0,5,15
tuned,dqn,314,deterministic,64,50064,5.0,15,True,False,success,saved,True,False,False,85,15,0,0,5,15
tuned,dqn,314,deterministic,65,50065,5.0,15,True,False,success,saved,True,False,False,85,15,0,0,5,15
tuned,dqn,314,deterministic,66,50066,5.0,15,True,False,success,saved,True,False,False,85,15,0,0,5,15
tuned,dqn,314,deterministic,67,50067,5.0,15,True,False,success,saved,True,False,False,85,15,0,0,5,15
tuned,dqn,314,deterministic,68,50068,5.0,15,True,False,success,saved,True,False,False,85,15,0,0,5,15
tuned,dqn,314,deterministic,69,50069,5.0,15,True,False,success,saved,True,False,False,85,15,0,0,5,15
tuned,dqn,314,deterministic,70,50070,5.0,15,True,False,success,saved,True,False,False,85,15,0,0,5,15
tuned,dqn,314,deterministic,71,50071,5.0,15,True,False,success,saved,True,False,False,85,15,0,0,5,15
tuned,dqn,314,deterministic,72,50072,5.0,15,True,False,success,saved,True,False,False,85,15,0,0,5,15
tuned,dqn,314,deterministic,73,50073,5.0,15,True,False,success,saved,True,False,False,85,15,0,0,5,15
tuned,dqn,314,deterministic,74,50074,5.0,15,True,False,success,saved,True,False,False,85,15,0,0,5,15
tuned,dqn,314,deterministic,75,50075,5.0,15,True,False,success,saved,True,False,False,85,15,0,0,5,15
tuned,dqn,314,deterministic,76,50076,5.0,15,True,False,success,saved,True,False,False,85,15,0,0,5,15
tuned,dqn,314,deterministic,77,50077,5.0,15,True,False,success,saved,True,False,False,85,15,0,0,5,15
tuned,dqn,314,deterministic,78,50078,5.0,15,True,False,success,saved,True,False,False,85,15,0,0,5,15
tuned,dqn,314,deterministic,79,50079,5.0,15,True,False,success,saved,True,False,False,85,15,0,0,5,15
tuned,dqn,314,deterministic,80,50080,5.0,15,True,False,success,saved,True,False,False,85,15,0,0,5,15
tuned,dqn,314,deterministic,81,50081,5.0,15,True,False,success,saved,True,False,False,85,15,0,0,5,15
tuned,dqn,314,deterministic,82,50082,5.0,15,True,False,success,saved,True,False,False,85,15,0,0,5,15
tuned,dqn,314,deterministic,83,50083,5.0,15,True,False,success,saved,True,False,False,85,15,0,0,5,15
tuned,dqn,314,deterministic,84,50084,5.0,15,True,False,success,saved,True,False,False,85,15,0,0,5,15
tuned,dqn,314,deterministic,85,50085,5.0,15,True,False,success,saved,True,False,False,85,15,0,0,5,15
tuned,dqn,314,deterministic,86,50086,5.0,15,True,False,success,saved,True,False,False,83,17,0,0,5,15
tuned,dqn,314,deterministic,87,50087,5.0,15,True,False,success,saved,True,False,False,85,15,0,0,5,15
tuned,dqn,314,deterministic,88,50088,5.0,15,True,False,success,saved,True,False,False,85,15,0,0,5,15
tuned,dqn,314,deterministic,89,50089,5.0,15,True,False,success,saved,True,False,False,85,15,0,0,5,15
tuned,dqn,314,deterministic,90,50090,5.0,15,True,False,success,saved,True,False,False,85,15,0,0,5,15
tuned,dqn,314,deterministic,91,50091,5.0,15,True,False,success,saved,True,False,False,85,15,0,0,5,15
tuned,dqn,314,deterministic,92,50092,5.0,15,True,False,success,saved,True,False,False,85,15,0,0,5,15
tuned,dqn,314,deterministic,93,50093,5.0,15,True,False,success,saved,True,False,False,85,15,0,0,5,15
tuned,dqn,314,deterministic,94,50094,5.0,15,True,False,success,saved,True,False,False,85,15,0,0,5,15
tuned,dqn,314,deterministic,95,50095,5.0,15,True,False,success,saved,True,False,False,85,15,0,0,5,15
tuned,dqn,314,deterministic,96,50096,5.0,15,True,False,success,saved,True,False,False,85,15,0,0,5,15
tuned,dqn,314,deterministic,97,50097,5.0,15,True,False,success,saved,True,False,False,85,15,0,0,5,15
tuned,dqn,314,deterministic,98,50098,5.0,15,True,False,success,saved,True,False,False,85,15,0,0,5,15
tuned,dqn,314,deterministic,99,50099,5.0,15,True,False,success,saved,True,False,False,85,15,0,0,5,15
tuned,dqn,314,stochastic,0,50000,3.0,17,True,False,success,saved,True,False,False,83,17,0,0,5,17
tuned,dqn,314,stochastic,1,50001,2.0,18,True,False,success,saved,True,False,False,68,32,1,0,5,18
tuned,dqn,314,stochastic,2,50002,2.0,18,True,False,success,saved,True,False,False,83,17,0,0,6,18
tuned,dqn,314,stochastic,3,50003,-3.0,23,True,False,success,saved,True,False,False,81,19,0,0,5,23
tuned,dqn,314,stochastic,4,50004,1.0,19,True,False,success,saved,True,False,False,81,19,0,0,5,19
tuned,dqn,314,stochastic,5,50005,-1.0,21,True,False,success,saved,True,False,False,66,34,1,0,7,21
tuned,dqn,314,stochastic,6,50006,2.0,18,True,False,success,saved,True,False,False,68,32,1,0,6,18
tuned,dqn,314,stochastic,7,50007,2.0,18,True,False,success,saved,True,False,False,83,17,0,0,5,18
tuned,dqn,314,stochastic,8,50008,4.0,16,True,False,success,saved,True,False,False,85,15,0,0,6,16
tuned,dqn,314,stochastic,9,50009,2.0,18,True,False,success,saved,True,False,False,79,21,0,0,5,18
tuned,dqn,314,stochastic,10,50010,-1.0,21,True,False,success,saved,True,False,False,53,47,2,0,9,21
tuned,dqn,314,stochastic,11,50011,3.0,17,True,False,success,saved,True,False,False,85,15,0,0,5,17
tuned,dqn,314,stochastic,12,50012,5.0,15,True,False,success,saved,True,False,False,85,15,0,0,5,15
tuned,dqn,314,stochastic,13,50013,5.0,15,True,False,success,saved,True,False,False,85,15,0,0,5,15
tuned,dqn,314,stochastic,14,50014,2.0,18,True,False,success,saved,True,False,False,68,32,1,0,7,18
tuned,dqn,314,stochastic,15,50015,-5.0,25,True,False,success,saved,True,False,False,68,32,1,0,5,25
tuned,dqn,314,stochastic,16,50016,1.0,19,True,False,success,saved,True,False,False,81,19,0,0,9,19
tuned,dqn,314,stochastic,17,50017,5.0,15,True,False,success,saved,True,False,False,85,15,0,0,5,15
tuned,dqn,314,stochastic,18,50018,1.0,19,True,False,success,saved,True,False,False,83,17,0,0,7,19
tuned,dqn,314,stochastic,19,50019,0.0,20,True,False,success,saved,True,False,False,68,32,1,0,8,20
tuned,dqn,314,stochastic,20,50020,4.0,16,True,False,success,saved,True,False,False,85,15,0,0,6,16
tuned,dqn,314,stochastic,21,50021,4.0,16,True,False,success,saved,True,False,False,85,15,0,0,5,16
tuned,dqn,314,stochastic,22,50022,1.0,19,True,False,success,saved,True,False,False,68,32,1,0,5,19
tuned,dqn,314,stochastic,23,50023,0.0,20,True,False,success,saved,True,False,False,68,32,1,0,7,20
tuned,dqn,314,stochastic,24,50024,2.0,18,True,False,success,saved,True,False,False,85,15,0,0,8,18
tuned,dqn,314,stochastic,25,50025,0.0,20,True,False,success,saved,True,False,False,66,34,1,0,5,20
tuned,dqn,314,stochastic,26,50026,0.0,20,True,False,success,saved,True,False,False,68,32,1,0,8,20
tuned,dqn,314,stochastic,27,50027,2.0,18,True,False,success,saved,True,False,False,83,17,0,0,5,18
tuned,dqn,314,stochastic,28,50028,3.0,17,True,False,success,saved,True,False,False,83,17,0,0,5,17
tuned,dqn,314,stochastic,29,50029,3.0,17,True,False,success,saved,True,False,False,83,17,0,0,5,17
tuned,dqn,314,stochastic,30,50030,4.0,16,True,False,success,saved,True,False,False,70,30,1,0,5,16
tuned,dqn,314,stochastic,31,50031,3.0,17,True,False,success,saved,True,False,False,83,17,0,0,5,17
tuned,dqn,314,stochastic,32,50032,1.0,19,True,False,success,saved,True,False,False,79,21,0,0,5,19
tuned,dqn,314,stochastic,33,50033,0.0,20,True,False,success,saved,True,False,False,81,19,0,0,5,20
tuned,dqn,314,stochastic,34,50034,-4.0,24,True,False,success,saved,True,False,False,66,34,1,0,8,24
tuned,dqn,314,stochastic,35,50035,-4.0,24,True,False,success,saved,True,False,False,66,34,1,0,8,24
tuned,dqn,314,stochastic,36,50036,2.0,18,True,False,success,saved,True,False,False,81,19,0,0,5,18
tuned,dqn,314,stochastic,37,50037,-1.0,21,True,False,success,saved,True,False,False,81,19,0,0,5,21
tuned,dqn,314,stochastic,38,50038,0.0,20,True,False,success,saved,True,False,False,81,19,0,0,5,20
tuned,dqn,314,stochastic,39,50039,3.0,17,True,False,success,saved,True,False,False,70,30,1,0,6,17
tuned,dqn,314,stochastic,40,50040,4.0,16,True,False,success,saved,True,False,False,85,15,0,0,5,16
tuned,dqn,314,stochastic,41,50041,5.0,15,True,False,success,saved,True,False,False,85,15,0,0,5,15
tuned,dqn,314,stochastic,42,50042,0.0,20,True,False,success,saved,True,False,False,55,45,2,0,7,20
tuned,dqn,314,stochastic,43,50043,0.0,20,True,False,success,saved,True,False,False,68,32,1,0,8,20
tuned,dqn,314,stochastic,44,50044,5.0,15,True,False,success,saved,True,False,False,85,15,0,0,5,15
tuned,dqn,314,stochastic,45,50045,2.0,18,True,False,success,saved,True,False,False,68,32,1,0,7,18
tuned,dqn,314,stochastic,46,50046,3.0,17,True,False,success,saved,True,False,False,83,17,0,0,7,17
tuned,dqn,314,stochastic,47,50047,7.0,18,True,False,success,saved,True,False,False,66,34,1,1,5,18
tuned,dqn,314,stochastic,48,50048,0.0,20,True,False,success,saved,True,False,False,81,19,0,0,8,20
tuned,dqn,314,stochastic,49,50049,2.0,18,True,False,success,saved,True,False,False,68,32,1,0,7,18
tuned,dqn,314,stochastic,50,50050,5.0,15,True,False,success,saved,True,False,False,85,15,0,0,5,15
tuned,dqn,314,stochastic,51,50051,0.0,20,True,False,success,saved,True,False,False,68,32,1,0,7,20
tuned,dqn,314,stochastic,52,50052,3.0,17,True,False,success,saved,True,False,False,70,30,1,0,7,17
tuned,dqn,314,stochastic,53,50053,-1.0,21,True,False,success,saved,True,False,False,68,32,1,0,6,21
tuned,dqn,314,stochastic,54,50054,0.0,20,True,False,success,saved,True,False,False,53,47,2,0,5,20
tuned,dqn,314,stochastic,55,50055,4.0,16,True,False,success,saved,True,False,False,85,15,0,0,5,16
tuned,dqn,314,stochastic,56,50056,5.0,15,True,False,success,saved,True,False,False,85,15,0,0,5,15
tuned,dqn,314,stochastic,57,50057,2.0,18,True,False,success,saved,True,False,False,68,32,1,0,5,18
tuned,dqn,314,stochastic,58,50058,2.0,18,True,False,success,saved,True,False,False,70,30,1,0,5,18
tuned,dqn,314,stochastic,59,50059,3.0,17,True,False,success,saved,True,False,False,83,17,0,0,5,17
tuned,dqn,314,stochastic,60,50060,2.0,18,True,False,success,saved,True,False,False,70,30,1,0,7,18
tuned,dqn,314,stochastic,61,50061,3.0,17,True,False,success,saved,True,False,False,70,30,1,0,6,17
tuned,dqn,314,stochastic,62,50062,4.0,16,True,False,success,saved,True,False,False,85,15,0,0,5,16
tuned,dqn,314,stochastic,63,50063,1.0,19,True,False,success,saved,True,False,False,68,32,1,0,5,19
tuned,dqn,314,stochastic,64,50064,3.0,17,True,False,success,saved,True,False,False,70,30,1,0,6,17
tuned,dqn,314,stochastic,65,50065,3.0,17,True,False,success,saved,True,False,False,70,30,1,0,5,17
tuned,dqn,314,stochastic,66,50066,3.0,17,True,False,success,saved,True,False,False,70,30,1,0,5,17
tuned,dqn,314,stochastic,67,50067,2.0,18,True,False,success,saved,True,False,False,83,17,0,0,5,18
tuned,dqn,314,stochastic,68,50068,1.0,19,True,False,success,saved,True,False,False,81,19,0,0,5,19
tuned,dqn,314,stochastic,69,50069,3.0,17,True,False,success,saved,True,False,False,85,15,0,0,7,17
tuned,dqn,314,stochastic,70,50070,4.0,16,True,False,success,saved,True,False,False,85,15,0,0,5,16
tuned,dqn,314,stochastic,71,50071,5.0,15,True,False,success,saved,True,False,False,85,15,0,0,5,15
tuned,dqn,314,stochastic,72,50072,3.0,17,True,False,success,saved,True,False,False,55,45,2,0,5,17
tuned,dqn,314,stochastic,73,50073,2.0,18,True,False,success,saved,True,False,False,83,17,0,0,5,18
tuned,dqn,314,stochastic,74,50074,0.0,20,True,False,success,saved,True,False,False,85,15,0,0,8,20
tuned,dqn,314,stochastic,75,50075,4.0,16,True,False,success,saved,True,False,False,85,15,0,0,6,16
tuned,dqn,314,stochastic,76,50076,3.0,17,True,False,success,saved,True,False,False,70,30,1,0,5,17
tuned,dqn,314,stochastic,77,50077,-1.0,21,True,False,success,saved,True,False,False,66,34,1,0,7,21
tuned,dqn,314,stochastic,78,50078,5.0,15,True,False,success,saved,True,False,False,85,15,0,0,5,15
tuned,dqn,314,stochastic,79,50079,-3.0,23,True,False,success,saved,True,False,False,79,21,0,0,10,23
tuned,dqn,314,stochastic,80,50080,5.0,15,True,False,success,saved,True,False,False,85,15,0,0,5,15
tuned,dqn,314,stochastic,81,50081,4.0,16,True,False,success,saved,True,False,False,85,15,0,0,5,16
tuned,dqn,314,stochastic,82,50082,0.0,20,True,False,success,saved,True,False,False,66,34,1,0,7,20
tuned,dqn,314,stochastic,83,50083,5.0,15,True,False,success,saved,True,False,False,85,15,0,0,5,15
tuned,dqn,314,stochastic,84,50084,1.0,19,True,False,success,saved,True,False,False,81,19,0,0,5,19
tuned,dqn,314,stochastic,85,50085,-2.0,22,True,False,success,saved,True,False,False,81,19,0,0,6,22
tuned,dqn,314,stochastic,86,50086,3.0,17,True,False,success,saved,True,False,False,81,19,0,0,5,17
tuned,dqn,314,stochastic,87,50087,0.0,20,True,False,success,saved,True,False,False,83,17,0,0,7,20
tuned,dqn,314,stochastic,88,50088,1.0,19,True,False,success,saved,True,False,False,83,17,0,0,6,19
tuned,dqn,314,stochastic,89,50089,5.0,15,True,False,success,saved,True,False,False,85,15,0,0,5,15
tuned,dqn,314,stochastic,90,50090,5.0,15,True,False,success,saved,True,False,False,85,15,0,0,5,15
tuned,dqn,314,stochastic,91,50091,0.0,20,True,False,success,saved,True,False,False,53,47,2,0,8,20
tuned,dqn,314,stochastic,92,50092,4.0,16,True,False,success,saved,True,False,False,85,15,0,0,6,16
tuned,dqn,314,stochastic,93,50093,0.0,20,True,False,success,saved,True,False,False,81,19,0,0,5,20
tuned,dqn,314,stochastic,94,50094,1.0,19,True,False,success,saved,True,False,False,81,19,0,0,5,19
tuned,dqn,314,stochastic,95,50095,2.0,18,True,False,success,saved,True,False,False,81,19,0,0,8,18
tuned,dqn,314,stochastic,96,50096,2.0,18,True,False,success,saved,True,False,False,83,17,0,0,6,18
tuned,dqn,314,stochastic,97,50097,5.0,15,True,False,success,saved,True,False,False,85,15,0,0,5,15
tuned,dqn,314,stochastic,98,50098,0.0,20,True,False,success,saved,True,False,False,81,19,0,0,7,20
tuned,dqn,314,stochastic,99,50099,-6.0,26,True,False,success,saved,True,False,False,62,38,1,0,7,26
default,dqn,42,deterministic,0,50000,5.0,15,True,False,success,saved,True,False,False,85,15,0,0,5,15
default,dqn,42,deterministic,1,50001,5.0,15,True,False,success,saved,True,False,False,85,15,0,0,5,15
default,dqn,42,deterministic,2,50002,5.0,15,True,False,success,saved,True,False,False,85,15,0,0,5,15
default,dqn,42,deterministic,3,50003,5.0,15,True,False,success,saved,True,False,False,85,15,0,0,5,15
default,dqn,42,deterministic,4,50004,5.0,15,True,False,success,saved,True,False,False,85,15,0,0,5,15
default,dqn,42,deterministic,5,50005,5.0,15,True,False,success,saved,True,False,False,85,15,0,0,5,15
default,dqn,42,deterministic,6,50006,5.0,15,True,False,success,saved,True,False,False,85,15,0,0,5,15
default,dqn,42,deterministic,7,50007,5.0,15,True,False,success,saved,True,False,False,85,15,0,0,5,15
default,dqn,42,deterministic,8,50008,5.0,15,True,False,success,saved,True,False,False,85,15,0,0,5,15
default,dqn,42,deterministic,9,50009,5.0,15,True,False,success,saved,True,False,False,85,15,0,0,5,15
default,dqn,42,deterministic,10,50010,5.0,15,True,False,success,saved,True,False,False,85,15,0,0,5,15
default,dqn,42,deterministic,11,50011,5.0,15,True,False,success,saved,True,False,False,85,15,0,0,5,15
default,dqn,42,deterministic,12,50012,5.0,15,True,False,success,saved,True,False,False,85,15,0,0,5,15
default,dqn,42,deterministic,13,50013,5.0,15,True,False,success,saved,True,False,False,85,15,0,0,5,15
default,dqn,42,deterministic,14,50014,5.0,15,True,False,success,saved,True,False,False,85,15,0,0,5,15
default,dqn,42,deterministic,15,50015,5.0,15,True,False,success,saved,True,False,False,85,15,0,0,5,15
default,dqn,42,deterministic,16,50016,5.0,15,True,False,success,saved,True,False,False,85,15,0,0,5,15
default,dqn,42,deterministic,17,50017,5.0,15,True,False,success,saved,True,False,False,85,15,0,0,5,15
default,dqn,42,deterministic,18,50018,5.0,15,True,False,success,saved,True,False,False,85,15,0,0,5,15
default,dqn,42,deterministic,19,50019,5.0,15,True,False,success,saved,True,False,False,85,15,0,0,5,15
default,dqn,42,deterministic,20,50020,5.0,15,True,False,success,saved,True,False,False,85,15,0,0,5,15
default,dqn,42,deterministic,21,50021,5.0,15,True,False,success,saved,True,False,False,85,15,0,0,5,15
default,dqn,42,deterministic,22,50022,5.0,15,True,False,success,saved,True,False,False,85,15,0,0,5,15
default,dqn,42,deterministic,23,50023,5.0,15,True,False,success,saved,True,False,False,85,15,0,0,5,15
default,dqn,42,deterministic,24,50024,5.0,15,True,False,success,saved,True,False,False,85,15,0,0,5,15
default,dqn,42,deterministic,25,50025,5.0,15,True,False,success,saved,True,False,False,85,15,0,0,5,15
default,dqn,42,deterministic,26,50026,5.0,15,True,False,success,saved,True,False,False,85,15,0,0,5,15
default,dqn,42,deterministic,27,50027,5.0,15,True,False,success,saved,True,False,False,85,15,0,0,5,15
default,dqn,42,deterministic,28,50028,5.0,15,True,False,success,saved,True,False,False,85,15,0,0,5,15
default,dqn,42,deterministic,29,50029,5.0,15,True,False,success,saved,True,False,False,85,15,0,0,5,15
default,dqn,42,deterministic,30,50030,5.0,15,True,False,success,saved,True,False,False,85,15,0,0,5,15
default,dqn,42,deterministic,31,50031,5.0,15,True,False,success,saved,True,False,False,85,15,0,0,5,15
default,dqn,42,deterministic,32,50032,5.0,15,True,False,success,saved,True,False,False,85,15,0,0,5,15
default,dqn,42,deterministic,33,50033,5.0,15,True,False,success,saved,True,False,False,85,15,0,0,5,15
default,dqn,42,deterministic,34,50034,5.0,15,True,False,success,saved,True,False,False,85,15,0,0,5,15
default,dqn,42,deterministic,35,50035,5.0,15,True,False,success,saved,True,False,False,85,15,0,0,5,15
default,dqn,42,deterministic,36,50036,5.0,15,True,False,success,saved,True,False,False,85,15,0,0,5,15
default,dqn,42,deterministic,37,50037,5.0,15,True,False,success,saved,True,False,False,85,15,0,0,5,15
default,dqn,42,deterministic,38,50038,5.0,15,True,False,success,saved,True,False,False,85,15,0,0,5,15
default,dqn,42,deterministic,39,50039,5.0,15,True,False,success,saved,True,False,False,85,15,0,0,5,15
default,dqn,42,deterministic,40,50040,5.0,15,True,False,success,saved,True,False,False,85,15,0,0,5,15
default,dqn,42,deterministic,41,50041,5.0,15,True,False,success,saved,True,False,False,85,15,0,0,5,15
default,dqn,42,deterministic,42,50042,5.0,15,True,False,success,saved,True,False,False,85,15,0,0,5,15
default,dqn,42,deterministic,43,50043,5.0,15,True,False,success,saved,True,False,False,85,15,0,0,5,15
default,dqn,42,deterministic,44,50044,5.0,15,True,False,success,saved,True,False,False,85,15,0,0,5,15
default,dqn,42,deterministic,45,50045,5.0,15,True,False,success,saved,True,False,False,85,15,0,0,5,15
default,dqn,42,deterministic,46,50046,5.0,15,True,False,success,saved,True,False,False,85,15,0,0,5,15
default,dqn,42,deterministic,47,50047,5.0,15,True,False,success,saved,True,False,False,85,15,0,0,5,15
default,dqn,42,deterministic,48,50048,5.0,15,True,False,success,saved,True,False,False,85,15,0,0,5,15
default,dqn,42,deterministic,49,50049,5.0,15,True,False,success,saved,True,False,False,85,15,0,0,5,15
default,dqn,42,deterministic,50,50050,5.0,15,True,False,success,saved,True,False,False,85,15,0,0,5,15
default,dqn,42,deterministic,51,50051,5.0,15,True,False,success,saved,True,False,False,85,15,0,0,5,15
default,dqn,42,deterministic,52,50052,5.0,15,True,False,success,saved,True,False,False,85,15,0,0,5,15
default,dqn,42,deterministic,53,50053,5.0,15,True,False,success,saved,True,False,False,85,15,0,0,5,15
default,dqn,42,deterministic,54,50054,5.0,15,True,False,success,saved,True,False,False,85,15,0,0,5,15
default,dqn,42,deterministic,55,50055,5.0,15,True,False,success,saved,True,False,False,85,15,0,0,5,15
default,dqn,42,deterministic,56,50056,5.0,15,True,False,success,saved,True,False,False,85,15,0,0,5,15
default,dqn,42,deterministic,57,50057,5.0,15,True,False,success,saved,True,False,False,85,15,0,0,5,15
default,dqn,42,deterministic,58,50058,5.0,15,True,False,success,saved,True,False,False,85,15,0,0,5,15
default,dqn,42,deterministic,59,50059,5.0,15,True,False,success,saved,True,False,False,85,15,0,0,5,15
default,dqn,42,deterministic,60,50060,5.0,15,True,False,success,saved,True,False,False,85,15,0,0,5,15
default,dqn,42,deterministic,61,50061,5.0,15,True,False,success,saved,True,False,False,85,15,0,0,5,15
default,dqn,42,deterministic,62,50062,5.0,15,True,False,success,saved,True,False,False,85,15,0,0,5,15
default,dqn,42,deterministic,63,50063,5.0,15,True,False,success,saved,True,False,False,85,15,0,0,5,15
default,dqn,42,deterministic,64,50064,5.0,15,True,False,success,saved,True,False,False,85,15,0,0,5,15
default,dqn,42,deterministic,65,50065,5.0,15,True,False,success,saved,True,False,False,85,15,0,0,5,15
default,dqn,42,deterministic,66,50066,5.0,15,True,False,success,saved,True,False,False,85,15,0,0,5,15
default,dqn,42,deterministic,67,50067,5.0,15,True,False,success,saved,True,False,False,85,15,0,0,5,15
default,dqn,42,deterministic,68,50068,5.0,15,True,False,success,saved,True,False,False,85,15,0,0,5,15
default,dqn,42,deterministic,69,50069,5.0,15,True,False,success,saved,True,False,False,85,15,0,0,5,15
default,dqn,42,deterministic,70,50070,5.0,15,True,False,success,saved,True,False,False,85,15,0,0,5,15
default,dqn,42,deterministic,71,50071,5.0,15,True,False,success,saved,True,False,False,85,15,0,0,5,15
default,dqn,42,deterministic,72,50072,5.0,15,True,False,success,saved,True,False,False,85,15,0,0,5,15
default,dqn,42,deterministic,73,50073,5.0,15,True,False,success,saved,True,False,False,85,15,0,0,5,15
default,dqn,42,deterministic,74,50074,5.0,15,True,False,success,saved,True,False,False,85,15,0,0,5,15
default,dqn,42,deterministic,75,50075,5.0,15,True,False,success,saved,True,False,False,85,15,0,0,5,15
default,dqn,42,deterministic,76,50076,5.0,15,True,False,success,saved,True,False,False,85,15,0,0,5,15
default,dqn,42,deterministic,77,50077,5.0,15,True,False,success,saved,True,False,False,85,15,0,0,5,15
default,dqn,42,deterministic,78,50078,5.0,15,True,False,success,saved,True,False,False,85,15,0,0,5,15
default,dqn,42,deterministic,79,50079,5.0,15,True,False,success,saved,True,False,False,85,15,0,0,5,15
default,dqn,42,deterministic,80,50080,5.0,15,True,False,success,saved,True,False,False,85,15,0,0,5,15
default,dqn,42,deterministic,81,50081,5.0,15,True,False,success,saved,True,False,False,85,15,0,0,5,15
default,dqn,42,deterministic,82,50082,5.0,15,True,False,success,saved,True,False,False,85,15,0,0,5,15
default,dqn,42,deterministic,83,50083,5.0,15,True,False,success,saved,True,False,False,85,15,0,0,5,15
default,dqn,42,deterministic,84,50084,5.0,15,True,False,success,saved,True,False,False,85,15,0,0,5,15
default,dqn,42,deterministic,85,50085,5.0,15,True,False,success,saved,True,False,False,85,15,0,0,5,15
default,dqn,42,deterministic,86,50086,5.0,15,True,False,success,saved,True,False,False,85,15,0,0,5,15
default,dqn,42,deterministic,87,50087,5.0,15,True,False,success,saved,True,False,False,85,15,0,0,5,15
default,dqn,42,deterministic,88,50088,5.0,15,True,False,success,saved,True,False,False,85,15,0,0,5,15
default,dqn,42,deterministic,89,50089,5.0,15,True,False,success,saved,True,False,False,85,15,0,0,5,15
default,dqn,42,deterministic,90,50090,5.0,15,True,False,success,saved,True,False,False,85,15,0,0,5,15
default,dqn,42,deterministic,91,50091,5.0,15,True,False,success,saved,True,False,False,85,15,0,0,5,15
default,dqn,42,deterministic,92,50092,5.0,15,True,False,success,saved,True,False,False,85,15,0,0,5,15
default,dqn,42,deterministic,93,50093,5.0,15,True,False,success,saved,True,False,False,85,15,0,0,5,15
default,dqn,42,deterministic,94,50094,5.0,15,True,False,success,saved,True,False,False,85,15,0,0,5,15
default,dqn,42,deterministic,95,50095,5.0,15,True,False,success,saved,True,False,False,85,15,0,0,5,15
default,dqn,42,deterministic,96,50096,5.0,15,True,False,success,saved,True,False,False,85,15,0,0,5,15
default,dqn,42,deterministic,97,50097,5.0,15,True,False,success,saved,True,False,False,85,15,0,0,5,15
default,dqn,42,deterministic,98,50098,5.0,15,True,False,success,saved,True,False,False,85,15,0,0,5,15
default,dqn,42,deterministic,99,50099,5.0,15,True,False,success,saved,True,False,False,85,15,0,0,5,15
default,dqn,42,stochastic,0,50000,5.0,15,True,False,success,saved,True,False,False,85,15,0,0,5,15
default,dqn,42,stochastic,1,50001,4.0,16,True,False,success,saved,True,False,False,70,30,1,0,5,16
default,dqn,42,stochastic,2,50002,5.0,15,True,False,success,saved,True,False,False,85,15,0,0,5,15
default,dqn,42,stochastic,3,50003,5.0,15,True,False,success,saved,True,False,False,85,15,0,0,5,15
default,dqn,42,stochastic,4,50004,5.0,15,True,False,success,saved,True,False,False,85,15,0,0,5,15
default,dqn,42,stochastic,5,50005,5.0,15,True,False,success,saved,True,False,False,85,15,0,0,5,15
default,dqn,42,stochastic,6,50006,3.0,17,True,False,success,saved,True,False,False,83,17,0,0,5,17
default,dqn,42,stochastic,7,50007,5.0,15,True,False,success,saved,True,False,False,85,15,0,0,5,15
default,dqn,42,stochastic,8,50008,5.0,15,True,False,success,saved,True,False,False,85,15,0,0,5,15
default,dqn,42,stochastic,9,50009,3.0,17,True,False,success,saved,True,False,False,83,17,0,0,7,17
default,dqn,42,stochastic,10,50010,4.0,16,True,False,success,saved,True,False,False,70,30,1,0,6,16
default,dqn,42,stochastic,11,50011,3.0,17,True,False,success,saved,True,False,False,83,17,0,0,5,17
default,dqn,42,stochastic,12,50012,4.0,16,True,False,success,saved,True,False,False,85,15,0,0,6,16
default,dqn,42,stochastic,13,50013,4.0,16,True,False,success,saved,True,False,False,85,15,0,0,5,16
default,dqn,42,stochastic,14,50014,5.0,15,True,False,success,saved,True,False,False,85,15,0,0,5,15
default,dqn,42,stochastic,15,50015,4.0,16,True,False,success,saved,True,False,False,85,15,0,0,5,16
default,dqn,42,stochastic,16,50016,5.0,15,True,False,success,saved,True,False,False,85,15,0,0,5,15
default,dqn,42,stochastic,17,50017,5.0,15,True,False,success,saved,True,False,False,85,15,0,0,5,15
default,dqn,42,stochastic,18,50018,4.0,16,True,False,success,saved,True,False,False,70,30,1,0,5,16
default,dqn,42,stochastic,19,50019,5.0,15,True,False,success,saved,True,False,False,85,15,0,0,5,15
default,dqn,42,stochastic,20,50020,4.0,16,True,False,success,saved,True,False,False,70,30,1,0,5,16
default,dqn,42,stochastic,21,50021,5.0,15,True,False,success,saved,True,False,False,85,15,0,0,5,15
default,dqn,42,stochastic,22,50022,5.0,15,True,False,success,saved,True,False,False,85,15,0,0,5,15
default,dqn,42,stochastic,23,50023,5.0,15,True,False,success,saved,True,False,False,85,15,0,0,5,15
default,dqn,42,stochastic,24,50024,5.0,15,True,False,success,saved,True,False,False,85,15,0,0,5,15
default,dqn,42,stochastic,25,50025,5.0,15,True,False,success,saved,True,False,False,85,15,0,0,5,15
default,dqn,42,stochastic,26,50026,5.0,15,True,False,success,saved,True,False,False,85,15,0,0,5,15
default,dqn,42,stochastic,27,50027,5.0,15,True,False,success,saved,True,False,False,85,15,0,0,5,15
default,dqn,42,stochastic,28,50028,3.0,17,True,False,success,saved,True,False,False,83,17,0,0,5,17
default,dqn,42,stochastic,29,50029,3.0,17,True,False,success,saved,True,False,False,83,17,0,0,7,17
default,dqn,42,stochastic,30,50030,5.0,15,True,False,success,saved,True,False,False,85,15,0,0,5,15
default,dqn,42,stochastic,31,50031,4.0,16,True,False,success,saved,True,False,False,85,15,0,0,5,16
default,dqn,42,stochastic,32,50032,4.0,16,True,False,success,saved,True,False,False,85,15,0,0,6,16
default,dqn,42,stochastic,33,50033,5.0,15,True,False,success,saved,True,False,False,85,15,0,0,5,15
default,dqn,42,stochastic,34,50034,5.0,15,True,False,success,saved,True,False,False,85,15,0,0,5,15
default,dqn,42,stochastic,35,50035,5.0,15,True,False,success,saved,True,False,False,85,15,0,0,5,15
default,dqn,42,stochastic,36,50036,3.0,17,True,False,success,saved,True,False,False,83,17,0,0,5,17
default,dqn,42,stochastic,37,50037,5.0,15,True,False,success,saved,True,False,False,85,15,0,0,5,15
default,dqn,42,stochastic,38,50038,3.0,17,True,False,success,saved,True,False,False,83,17,0,0,5,17
default,dqn,42,stochastic,39,50039,5.0,15,True,False,success,saved,True,False,False,85,15,0,0,5,15
default,dqn,42,stochastic,40,50040,0.0,20,True,False,success,saved,True,False,False,81,19,0,0,6,20
default,dqn,42,stochastic,41,50041,5.0,15,True,False,success,saved,True,False,False,85,15,0,0,5,15
default,dqn,42,stochastic,42,50042,3.0,17,True,False,success,saved,True,False,False,83,17,0,0,5,17
default,dqn,42,stochastic,43,50043,3.0,17,True,False,success,saved,True,False,False,83,17,0,0,5,17
default,dqn,42,stochastic,44,50044,3.0,17,True,False,success,saved,True,False,False,85,15,0,0,7,17
default,dqn,42,stochastic,45,50045,5.0,15,True,False,success,saved,True,False,False,85,15,0,0,5,15
default,dqn,42,stochastic,46,50046,4.0,16,True,False,success,saved,True,False,False,85,15,0,0,5,16
default,dqn,42,stochastic,47,50047,3.0,17,True,False,success,saved,True,False,False,83,17,0,0,7,17
default,dqn,42,stochastic,48,50048,3.0,17,True,False,success,saved,True,False,False,83,17,0,0,5,17
default,dqn,42,stochastic,49,50049,5.0,15,True,False,success,saved,True,False,False,85,15,0,0,5,15
default,dqn,42,stochastic,50,50050,5.0,15,True,False,success,saved,True,False,False,85,15,0,0,5,15
default,dqn,42,stochastic,51,50051,4.0,16,True,False,success,saved,True,False,False,85,15,0,0,6,16
default,dqn,42,stochastic,52,50052,3.0,17,True,False,success,saved,True,False,False,83,17,0,0,5,17
default,dqn,42,stochastic,53,50053,5.0,15,True,False,success,saved,True,False,False,85,15,0,0,5,15
default,dqn,42,stochastic,54,50054,5.0,15,True,False,success,saved,True,False,False,85,15,0,0,5,15
default,dqn,42,stochastic,55,50055,5.0,15,True,False,success,saved,True,False,False,85,15,0,0,5,15
default,dqn,42,stochastic,56,50056,5.0,15,True,False,success,saved,True,False,False,85,15,0,0,5,15
default,dqn,42,stochastic,57,50057,5.0,15,True,False,success,saved,True,False,False,85,15,0,0,5,15
default,dqn,42,stochastic,58,50058,3.0,17,True,False,success,saved,True,False,False,83,17,0,0,5,17
default,dqn,42,stochastic,59,50059,5.0,15,True,False,success,saved,True,False,False,85,15,0,0,5,15
default,dqn,42,stochastic,60,50060,5.0,15,True,False,success,saved,True,False,False,85,15,0,0,5,15
default,dqn,42,stochastic,61,50061,5.0,15,True,False,success,saved,True,False,False,85,15,0,0,5,15
default,dqn,42,stochastic,62,50062,4.0,16,True,False,success,saved,True,False,False,70,30,1,0,5,16
default,dqn,42,stochastic,63,50063,4.0,16,True,False,success,saved,True,False,False,70,30,1,0,5,16
default,dqn,42,stochastic,64,50064,5.0,15,True,False,success,saved,True,False,False,85,15,0,0,5,15
default,dqn,42,stochastic,65,50065,4.0,16,True,False,success,saved,True,False,False,70,30,1,0,5,16
default,dqn,42,stochastic,66,50066,5.0,15,True,False,success,saved,True,False,False,85,15,0,0,5,15
default,dqn,42,stochastic,67,50067,5.0,15,True,False,success,saved,True,False,False,85,15,0,0,5,15
default,dqn,42,stochastic,68,50068,3.0,17,True,False,success,saved,True,False,False,70,30,1,0,5,17
default,dqn,42,stochastic,69,50069,5.0,15,True,False,success,saved,True,False,False,85,15,0,0,5,15
default,dqn,42,stochastic,70,50070,3.0,17,True,False,success,saved,True,False,False,83,17,0,0,5,17
default,dqn,42,stochastic,71,50071,5.0,15,True,False,success,saved,True,False,False,85,15,0,0,5,15
default,dqn,42,stochastic,72,50072,5.0,15,True,False,success,saved,True,False,False,85,15,0,0,5,15
default,dqn,42,stochastic,73,50073,3.0,17,True,False,success,saved,True,False,False,83,17,0,0,5,17
default,dqn,42,stochastic,74,50074,5.0,15,True,False,success,saved,True,False,False,85,15,0,0,5,15
default,dqn,42,stochastic,75,50075,3.0,17,True,False,success,saved,True,False,False,70,30,1,0,7,17
default,dqn,42,stochastic,76,50076,5.0,15,True,False,success,saved,True,False,False,85,15,0,0,5,15
default,dqn,42,stochastic,77,50077,5.0,15,True,False,success,saved,True,False,False,85,15,0,0,5,15
default,dqn,42,stochastic,78,50078,5.0,15,True,False,success,saved,True,False,False,85,15,0,0,5,15
default,dqn,42,stochastic,79,50079,3.0,17,True,False,success,saved,True,False,False,83,17,0,0,5,17
default,dqn,42,stochastic,80,50080,5.0,15,True,False,success,saved,True,False,False,85,15,0,0,5,15
default,dqn,42,stochastic,81,50081,5.0,15,True,False,success,saved,True,False,False,85,15,0,0,5,15
default,dqn,42,stochastic,82,50082,5.0,15,True,False,success,saved,True,False,False,85,15,0,0,5,15
default,dqn,42,stochastic,83,50083,5.0,15,True,False,success,saved,True,False,False,85,15,0,0,5,15
default,dqn,42,stochastic,84,50084,5.0,15,True,False,success,saved,True,False,False,85,15,0,0,5,15
default,dqn,42,stochastic,85,50085,5.0,15,True,False,success,saved,True,False,False,85,15,0,0,5,15
default,dqn,42,stochastic,86,50086,5.0,15,True,False,success,saved,True,False,False,85,15,0,0,5,15
default,dqn,42,stochastic,87,50087,5.0,15,True,False,success,saved,True,False,False,85,15,0,0,5,15
default,dqn,42,stochastic,88,50088,5.0,15,True,False,success,saved,True,False,False,85,15,0,0,5,15
default,dqn,42,stochastic,89,50089,4.0,16,True,False,success,saved,True,False,False,85,15,0,0,5,16
default,dqn,42,stochastic,90,50090,5.0,15,True,False,success,saved,True,False,False,85,15,0,0,5,15
default,dqn,42,stochastic,91,50091,3.0,17,True,False,success,saved,True,False,False,83,17,0,0,7,17
default,dqn,42,stochastic,92,50092,5.0,15,True,False,success,saved,True,False,False,85,15,0,0,5,15
default,dqn,42,stochastic,93,50093,4.0,16,True,False,success,saved,True,False,False,85,15,0,0,6,16
default,dqn,42,stochastic,94,50094,3.0,17,True,False,success,saved,True,False,False,83,17,0,0,5,17
default,dqn,42,stochastic,95,50095,4.0,16,True,False,success,saved,True,False,False,85,15,0,0,5,16
default,dqn,42,stochastic,96,50096,5.0,15,True,False,success,saved,True,False,False,85,15,0,0,5,15
default,dqn,42,stochastic,97,50097,5.0,15,True,False,success,saved,True,False,False,85,15,0,0,5,15
default,dqn,42,stochastic,98,50098,3.0,17,True,False,success,saved,True,False,False,83,17,0,0,5,17
default,dqn,42,stochastic,99,50099,5.0,15,True,False,success,saved,True,False,False,85,15,0,0,5,15
default,dqn,123,deterministic,0,50000,5.0,15,True,False,success,saved,True,False,False,85,15,0,0,5,15
default,dqn,123,deterministic,1,50001,5.0,15,True,False,success,saved,True,False,False,85,15,0,0,5,15
default,dqn,123,deterministic,2,50002,5.0,15,True,False,success,saved,True,False,False,85,15,0,0,5,15
default,dqn,123,deterministic,3,50003,5.0,15,True,False,success,saved,True,False,False,85,15,0,0,5,15
default,dqn,123,deterministic,4,50004,5.0,15,True,False,success,saved,True,False,False,85,15,0,0,5,15
default,dqn,123,deterministic,5,50005,5.0,15,True,False,success,saved,True,False,False,85,15,0,0,5,15
default,dqn,123,deterministic,6,50006,5.0,15,True,False,success,saved,True,False,False,85,15,0,0,5,15
default,dqn,123,deterministic,7,50007,5.0,15,True,False,success,saved,True,False,False,85,15,0,0,5,15
default,dqn,123,deterministic,8,50008,5.0,15,True,False,success,saved,True,False,False,85,15,0,0,5,15
default,dqn,123,deterministic,9,50009,5.0,15,True,False,success,saved,True,False,False,85,15,0,0,5,15
default,dqn,123,deterministic,10,50010,5.0,15,True,False,success,saved,True,False,False,85,15,0,0,5,15
default,dqn,123,deterministic,11,50011,5.0,15,True,False,success,saved,True,False,False,85,15,0,0,5,15
default,dqn,123,deterministic,12,50012,5.0,15,True,False,success,saved,True,False,False,85,15,0,0,5,15
default,dqn,123,deterministic,13,50013,5.0,15,True,False,success,saved,True,False,False,85,15,0,0,5,15
default,dqn,123,deterministic,14,50014,5.0,15,True,False,success,saved,True,False,False,85,15,0,0,5,15
default,dqn,123,deterministic,15,50015,5.0,15,True,False,success,saved,True,False,False,85,15,0,0,5,15
default,dqn,123,deterministic,16,50016,5.0,15,True,False,success,saved,True,False,False,85,15,0,0,5,15
default,dqn,123,deterministic,17,50017,5.0,15,True,False,success,saved,True,False,False,85,15,0,0,5,15
default,dqn,123,deterministic,18,50018,5.0,15,True,False,success,saved,True,False,False,85,15,0,0,5,15
default,dqn,123,deterministic,19,50019,5.0,15,True,False,success,saved,True,False,False,85,15,0,0,5,15
default,dqn,123,deterministic,20,50020,5.0,15,True,False,success,saved,True,False,False,85,15,0,0,5,15
default,dqn,123,deterministic,21,50021,5.0,15,True,False,success,saved,True,False,False,85,15,0,0,5,15
default,dqn,123,deterministic,22,50022,5.0,15,True,False,success,saved,True,False,False,85,15,0,0,5,15
default,dqn,123,deterministic,23,50023,5.0,15,True,False,success,saved,True,False,False,85,15,0,0,5,15
default,dqn,123,deterministic,24,50024,5.0,15,True,False,success,saved,True,False,False,85,15,0,0,5,15
default,dqn,123,deterministic,25,50025,5.0,15,True,False,success,saved,True,False,False,85,15,0,0,5,15
default,dqn,123,deterministic,26,50026,5.0,15,True,False,success,saved,True,False,False,85,15,0,0,5,15
default,dqn,123,deterministic,27,50027,5.0,15,True,False,success,saved,True,False,False,85,15,0,0,5,15
default,dqn,123,deterministic,28,50028,5.0,15,True,False,success,saved,True,False,False,85,15,0,0,5,15
default,dqn,123,deterministic,29,50029,5.0,15,True,False,success,saved,True,False,False,85,15,0,0,5,15
default,dqn,123,deterministic,30,50030,5.0,15,True,False,success,saved,True,False,False,85,15,0,0,5,15
default,dqn,123,deterministic,31,50031,5.0,15,True,False,success,saved,True,False,False,85,15,0,0,5,15
default,dqn,123,deterministic,32,50032,5.0,15,True,False,success,saved,True,False,False,85,15,0,0,5,15
default,dqn,123,deterministic,33,50033,5.0,15,True,False,success,saved,True,False,False,85,15,0,0,5,15
default,dqn,123,deterministic,34,50034,5.0,15,True,False,success,saved,True,False,False,85,15,0,0,5,15
default,dqn,123,deterministic,35,50035,5.0,15,True,False,success,saved,True,False,False,85,15,0,0,5,15
default,dqn,123,deterministic,36,50036,5.0,15,True,False,success,saved,True,False,False,85,15,0,0,5,15
default,dqn,123,deterministic,37,50037,5.0,15,True,False,success,saved,True,False,False,85,15,0,0,5,15
default,dqn,123,deterministic,38,50038,5.0,15,True,False,success,saved,True,False,False,85,15,0,0,5,15
default,dqn,123,deterministic,39,50039,5.0,15,True,False,success,saved,True,False,False,85,15,0,0,5,15
default,dqn,123,deterministic,40,50040,5.0,15,True,False,success,saved,True,False,False,85,15,0,0,5,15
default,dqn,123,deterministic,41,50041,5.0,15,True,False,success,saved,True,False,False,85,15,0,0,5,15
default,dqn,123,deterministic,42,50042,5.0,15,True,False,success,saved,True,False,False,85,15,0,0,5,15
default,dqn,123,deterministic,43,50043,5.0,15,True,False,success,saved,True,False,False,85,15,0,0,5,15
default,dqn,123,deterministic,44,50044,5.0,15,True,False,success,saved,True,False,False,85,15,0,0,5,15
default,dqn,123,deterministic,45,50045,5.0,15,True,False,success,saved,True,False,False,85,15,0,0,5,15
default,dqn,123,deterministic,46,50046,5.0,15,True,False,success,saved,True,False,False,85,15,0,0,5,15
default,dqn,123,deterministic,47,50047,5.0,15,True,False,success,saved,True,False,False,85,15,0,0,5,15
default,dqn,123,deterministic,48,50048,5.0,15,True,False,success,saved,True,False,False,85,15,0,0,5,15
default,dqn,123,deterministic,49,50049,5.0,15,True,False,success,saved,True,False,False,85,15,0,0,5,15
default,dqn,123,deterministic,50,50050,5.0,15,True,False,success,saved,True,False,False,85,15,0,0,5,15
default,dqn,123,deterministic,51,50051,5.0,15,True,False,success,saved,True,False,False,85,15,0,0,5,15
default,dqn,123,deterministic,52,50052,5.0,15,True,False,success,saved,True,False,False,85,15,0,0,5,15
default,dqn,123,deterministic,53,50053,5.0,15,True,False,success,saved,True,False,False,85,15,0,0,5,15
default,dqn,123,deterministic,54,50054,5.0,15,True,False,success,saved,True,False,False,85,15,0,0,5,15
default,dqn,123,deterministic,55,50055,5.0,15,True,False,success,saved,True,False,False,85,15,0,0,5,15
default,dqn,123,deterministic,56,50056,5.0,15,True,False,success,saved,True,False,False,85,15,0,0,5,15
default,dqn,123,deterministic,57,50057,5.0,15,True,False,success,saved,True,False,False,85,15,0,0,5,15
default,dqn,123,deterministic,58,50058,5.0,15,True,False,success,saved,True,False,False,85,15,0,0,5,15
default,dqn,123,deterministic,59,50059,5.0,15,True,False,success,saved,True,False,False,85,15,0,0,5,15
default,dqn,123,deterministic,60,50060,5.0,15,True,False,success,saved,True,False,False,85,15,0,0,5,15
default,dqn,123,deterministic,61,50061,5.0,15,True,False,success,saved,True,False,False,85,15,0,0,5,15
default,dqn,123,deterministic,62,50062,5.0,15,True,False,success,saved,True,False,False,85,15,0,0,5,15
default,dqn,123,deterministic,63,50063,5.0,15,True,False,success,saved,True,False,False,85,15,0,0,5,15
default,dqn,123,deterministic,64,50064,5.0,15,True,False,success,saved,True,False,False,85,15,0,0,5,15
default,dqn,123,deterministic,65,50065,5.0,15,True,False,success,saved,True,False,False,85,15,0,0,5,15
default,dqn,123,deterministic,66,50066,5.0,15,True,False,success,saved,True,False,False,85,15,0,0,5,15
default,dqn,123,deterministic,67,50067,5.0,15,True,False,success,saved,True,False,False,85,15,0,0,5,15
default,dqn,123,deterministic,68,50068,5.0,15,True,False,success,saved,True,False,False,85,15,0,0,5,15
default,dqn,123,deterministic,69,50069,5.0,15,True,False,success,saved,True,False,False,85,15,0,0,5,15
default,dqn,123,deterministic,70,50070,5.0,15,True,False,success,saved,True,False,False,85,15,0,0,5,15
default,dqn,123,deterministic,71,50071,5.0,15,True,False,success,saved,True,False,False,85,15,0,0,5,15
default,dqn,123,deterministic,72,50072,5.0,15,True,False,success,saved,True,False,False,85,15,0,0,5,15
default,dqn,123,deterministic,73,50073,5.0,15,True,False,success,saved,True,False,False,85,15,0,0,5,15
default,dqn,123,deterministic,74,50074,5.0,15,True,False,success,saved,True,False,False,85,15,0,0,5,15
default,dqn,123,deterministic,75,50075,5.0,15,True,False,success,saved,True,False,False,85,15,0,0,5,15
default,dqn,123,deterministic,76,50076,5.0,15,True,False,success,saved,True,False,False,85,15,0,0,5,15
default,dqn,123,deterministic,77,50077,5.0,15,True,False,success,saved,True,False,False,85,15,0,0,5,15
default,dqn,123,deterministic,78,50078,5.0,15,True,False,success,saved,True,False,False,85,15,0,0,5,15
default,dqn,123,deterministic,79,50079,5.0,15,True,False,success,saved,True,False,False,85,15,0,0,5,15
default,dqn,123,deterministic,80,50080,5.0,15,True,False,success,saved,True,False,False,85,15,0,0,5,15
default,dqn,123,deterministic,81,50081,5.0,15,True,False,success,saved,True,False,False,85,15,0,0,5,15
default,dqn,123,deterministic,82,50082,5.0,15,True,False,success,saved,True,False,False,85,15,0,0,5,15
default,dqn,123,deterministic,83,50083,5.0,15,True,False,success,saved,True,False,False,85,15,0,0,5,15
default,dqn,123,deterministic,84,50084,5.0,15,True,False,success,saved,True,False,False,85,15,0,0,5,15
default,dqn,123,deterministic,85,50085,5.0,15,True,False,success,saved,True,False,False,85,15,0,0,5,15
default,dqn,123,deterministic,86,50086,5.0,15,True,False,success,saved,True,False,False,85,15,0,0,5,15
default,dqn,123,deterministic,87,50087,5.0,15,True,False,success,saved,True,False,False,85,15,0,0,5,15
default,dqn,123,deterministic,88,50088,5.0,15,True,False,success,saved,True,False,False,85,15,0,0,5,15
default,dqn,123,deterministic,89,50089,5.0,15,True,False,success,saved,True,False,False,85,15,0,0,5,15
default,dqn,123,deterministic,90,50090,5.0,15,True,False,success,saved,True,False,False,85,15,0,0,5,15
default,dqn,123,deterministic,91,50091,5.0,15,True,False,success,saved,True,False,False,85,15,0,0,5,15
default,dqn,123,deterministic,92,50092,5.0,15,True,False,success,saved,True,False,False,85,15,0,0,5,15
default,dqn,123,deterministic,93,50093,5.0,15,True,False,success,saved,True,False,False,85,15,0,0,5,15
default,dqn,123,deterministic,94,50094,5.0,15,True,False,success,saved,True,False,False,85,15,0,0,5,15
default,dqn,123,deterministic,95,50095,5.0,15,True,False,success,saved,True,False,False,85,15,0,0,5,15
default,dqn,123,deterministic,96,50096,5.0,15,True,False,success,saved,True,False,False,85,15,0,0,5,15
default,dqn,123,deterministic,97,50097,5.0,15,True,False,success,saved,True,False,False,85,15,0,0,5,15
default,dqn,123,deterministic,98,50098,5.0,15,True,False,success,saved,True,False,False,85,15,0,0,5,15
default,dqn,123,deterministic,99,50099,5.0,15,True,False,success,saved,True,False,False,85,15,0,0,5,15
default,dqn,123,stochastic,0,50000,5.0,15,True,False,success,saved,True,False,False,85,15,0,0,5,15
default,dqn,123,stochastic,1,50001,5.0,15,True,False,success,saved,True,False,False,85,15,0,0,5,15
default,dqn,123,stochastic,2,50002,5.0,15,True,False,success,saved,True,False,False,85,15,0,0,5,15
default,dqn,123,stochastic,3,50003,5.0,15,True,False,success,saved,True,False,False,85,15,0,0,5,15
default,dqn,123,stochastic,4,50004,5.0,15,True,False,success,saved,True,False,False,85,15,0,0,5,15
default,dqn,123,stochastic,5,50005,5.0,15,True,False,success,saved,True,False,False,85,15,0,0,5,15
default,dqn,123,stochastic,6,50006,3.0,17,True,False,success,saved,True,False,False,83,17,0,0,5,17
default,dqn,123,stochastic,7,50007,5.0,15,True,False,success,saved,True,False,False,85,15,0,0,5,15
default,dqn,123,stochastic,8,50008,3.0,17,True,False,success,saved,True,False,False,83,17,0,0,5,17
default,dqn,123,stochastic,9,50009,4.0,16,True,False,success,saved,True,False,False,85,15,0,0,5,16
default,dqn,123,stochastic,10,50010,3.0,17,True,False,success,saved,True,False,False,83,17,0,0,5,17
default,dqn,123,stochastic,11,50011,4.0,16,True,False,success,saved,True,False,False,85,15,0,0,6,16
default,dqn,123,stochastic,12,50012,5.0,15,True,False,success,saved,True,False,False,85,15,0,0,5,15
default,dqn,123,stochastic,13,50013,5.0,15,True,False,success,saved,True,False,False,85,15,0,0,5,15
default,dqn,123,stochastic,14,50014,4.0,16,True,False,success,saved,True,False,False,85,15,0,0,5,16
default,dqn,123,stochastic,15,50015,5.0,15,True,False,success,saved,True,False,False,85,15,0,0,5,15
default,dqn,123,stochastic,16,50016,3.0,17,True,False,success,saved,True,False,False,83,17,0,0,5,17
default,dqn,123,stochastic,17,50017,3.0,17,True,False,success,saved,True,False,False,83,17,0,0,5,17
default,dqn,123,stochastic,18,50018,5.0,15,True,False,success,saved,True,False,False,85,15,0,0,5,15
default,dqn,123,stochastic,19,50019,3.0,17,True,False,success,saved,True,False,False,70,30,1,0,7,17
default,dqn,123,stochastic,20,50020,5.0,15,True,False,success,saved,True,False,False,85,15,0,0,5,15
default,dqn,123,stochastic,21,50021,5.0,15,True,False,success,saved,True,False,False,85,15,0,0,5,15
default,dqn,123,stochastic,22,50022,5.0,15,True,False,success,saved,True,False,False,85,15,0,0,5,15
default,dqn,123,stochastic,23,50023,3.0,17,True,False,success,saved,True,False,False,83,17,0,0,5,17
default,dqn,123,stochastic,24,50024,3.0,17,True,False,success,saved,True,False,False,70,30,1,0,5,17
default,dqn,123,stochastic,25,50025,4.0,16,True,False,success,saved,True,False,False,70,30,1,0,6,16
default,dqn,123,stochastic,26,50026,5.0,15,True,False,success,saved,True,False,False,85,15,0,0,5,15
default,dqn,123,stochastic,27,50027,5.0,15,True,False,success,saved,True,False,False,85,15,0,0,5,15
default,dqn,123,stochastic,28,50028,1.0,19,True,False,success,saved,True,False,False,81,19,0,0,5,19
default,dqn,123,stochastic,29,50029,2.0,18,True,False,success,saved,True,False,False,83,17,0,0,5,18
default,dqn,123,stochastic,30,50030,4.0,16,True,False,success,saved,True,False,False,70,30,1,0,5,16
default,dqn,123,stochastic,31,50031,5.0,15,True,False,success,saved,True,False,False,85,15,0,0,5,15
default,dqn,123,stochastic,32,50032,5.0,15,True,False,success,saved,True,False,False,85,15,0,0,5,15
default,dqn,123,stochastic,33,50033,3.0,17,True,False,success,saved,True,False,False,83,17,0,0,5,17
default,dqn,123,stochastic,34,50034,2.0,18,True,False,success,saved,True,False,False,83,17,0,0,5,18
default,dqn,123,stochastic,35,50035,5.0,15,True,False,success,saved,True,False,False,85,15,0,0,5,15
default,dqn,123,stochastic,36,50036,5.0,15,True,False,success,saved,True,False,False,85,15,0,0,5,15
default,dqn,123,stochastic,37,50037,5.0,15,True,False,success,saved,True,False,False,85,15,0,0,5,15
default,dqn,123,stochastic,38,50038,5.0,15,True,False,success,saved,True,False,False,85,15,0,0,5,15
default,dqn,123,stochastic,39,50039,5.0,15,True,False,success,saved,True,False,False,85,15,0,0,5,15
default,dqn,123,stochastic,40,50040,5.0,15,True,False,success,saved,True,False,False,85,15,0,0,5,15
default,dqn,123,stochastic,41,50041,3.0,17,True,False,success,saved,True,False,False,83,17,0,0,7,17
default,dqn,123,stochastic,42,50042,5.0,15,True,False,success,saved,True,False,False,85,15,0,0,5,15
default,dqn,123,stochastic,43,50043,5.0,15,True,False,success,saved,True,False,False,85,15,0,0,5,15
default,dqn,123,stochastic,44,50044,5.0,15,True,False,success,saved,True,False,False,85,15,0,0,5,15
default,dqn,123,stochastic,45,50045,4.0,16,True,False,success,saved,True,False,False,70,30,1,0,5,16
default,dqn,123,stochastic,46,50046,5.0,15,True,False,success,saved,True,False,False,85,15,0,0,5,15
default,dqn,123,stochastic,47,50047,3.0,17,True,False,success,saved,True,False,False,85,15,0,0,5,17
default,dqn,123,stochastic,48,50048,4.0,16,True,False,success,saved,True,False,False,70,30,1,0,5,16
default,dqn,123,stochastic,49,50049,4.0,16,True,False,success,saved,True,False,False,85,15,0,0,6,16
default,dqn,123,stochastic,50,50050,5.0,15,True,False,success,saved,True,False,False,85,15,0,0,5,15
default,dqn,123,stochastic,51,50051,3.0,17,True,False,success,saved,True,False,False,83,17,0,0,7,17
default,dqn,123,stochastic,52,50052,4.0,16,True,False,success,saved,True,False,False,70,30,1,0,5,16
default,dqn,123,stochastic,53,50053,3.0,17,True,False,success,saved,True,False,False,83,17,0,0,7,17
default,dqn,123,stochastic,54,50054,5.0,15,True,False,success,saved,True,False,False,85,15,0,0,5,15
default,dqn,123,stochastic,55,50055,4.0,16,True,False,success,saved,True,False,False,70,30,1,0,5,16
default,dqn,123,stochastic,56,50056,1.0,19,True,False,success,saved,True,False,False,81,19,0,0,7,19
default,dqn,123,stochastic,57,50057,4.0,16,True,False,success,saved,True,False,False,85,15,0,0,5,16
default,dqn,123,stochastic,58,50058,5.0,15,True,False,success,saved,True,False,False,85,15,0,0,5,15
default,dqn,123,stochastic,59,50059,5.0,15,True,False,success,saved,True,False,False,85,15,0,0,5,15
default,dqn,123,stochastic,60,50060,5.0,15,True,False,success,saved,True,False,False,85,15,0,0,5,15
default,dqn,123,stochastic,61,50061,2.0,18,True,False,success,saved,True,False,False,68,32,1,0,8,18
default,dqn,123,stochastic,62,50062,5.0,15,True,False,success,saved,True,False,False,85,15,0,0,5,15
default,dqn,123,stochastic,63,50063,5.0,15,True,False,success,saved,True,False,False,85,15,0,0,5,15
default,dqn,123,stochastic,64,50064,4.0,16,True,False,success,saved,True,False,False,85,15,0,0,5,16
default,dqn,123,stochastic,65,50065,5.0,15,True,False,success,saved,True,False,False,85,15,0,0,5,15
default,dqn,123,stochastic,66,50066,5.0,15,True,False,success,saved,True,False,False,85,15,0,0,5,15
default,dqn,123,stochastic,67,50067,5.0,15,True,False,success,saved,True,False,False,85,15,0,0,5,15
default,dqn,123,stochastic,68,50068,5.0,15,True,False,success,saved,True,False,False,85,15,0,0,5,15
default,dqn,123,stochastic,69,50069,4.0,16,True,False,success,saved,True,False,False,70,30,1,0,5,16
default,dqn,123,stochastic,70,50070,5.0,15,True,False,success,saved,True,False,False,85,15,0,0,5,15
default,dqn,123,stochastic,71,50071,4.0,16,True,False,success,saved,True,False,False,85,15,0,0,5,16
default,dqn,123,stochastic,72,50072,5.0,15,True,False,success,saved,True,False,False,85,15,0,0,5,15
default,dqn,123,stochastic,73,50073,5.0,15,True,False,success,saved,True,False,False,85,15,0,0,5,15
default,dqn,123,stochastic,74,50074,5.0,15,True,False,success,saved,True,False,False,85,15,0,0,5,15
default,dqn,123,stochastic,75,50075,4.0,16,True,False,success,saved,True,False,False,70,30,1,0,5,16
default,dqn,123,stochastic,76,50076,5.0,15,True,False,success,saved,True,False,False,85,15,0,0,5,15
default,dqn,123,stochastic,77,50077,5.0,15,True,False,success,saved,True,False,False,85,15,0,0,5,15
default,dqn,123,stochastic,78,50078,5.0,15,True,False,success,saved,True,False,False,85,15,0,0,5,15
default,dqn,123,stochastic,79,50079,5.0,15,True,False,success,saved,True,False,False,85,15,0,0,5,15
default,dqn,123,stochastic,80,50080,4.0,16,True,False,success,saved,True,False,False,85,15,0,0,5,16
default,dqn,123,stochastic,81,50081,4.0,16,True,False,success,saved,True,False,False,70,30,1,0,6,16
default,dqn,123,stochastic,82,50082,4.0,16,True,False,success,saved,True,False,False,85,15,0,0,5,16
default,dqn,123,stochastic,83,50083,5.0,15,True,False,success,saved,True,False,False,85,15,0,0,5,15
default,dqn,123,stochastic,84,50084,5.0,15,True,False,success,saved,True,False,False,85,15,0,0,5,15
default,dqn,123,stochastic,85,50085,4.0,16,True,False,success,saved,True,False,False,70,30,1,0,6,16
default,dqn,123,stochastic,86,50086,5.0,15,True,False,success,saved,True,False,False,85,15,0,0,5,15
default,dqn,123,stochastic,87,50087,3.0,17,True,False,success,saved,True,False,False,83,17,0,0,5,17
default,dqn,123,stochastic,88,50088,3.0,17,True,False,success,saved,True,False,False,83,17,0,0,5,17
default,dqn,123,stochastic,89,50089,5.0,15,True,False,success,saved,True,False,False,85,15,0,0,5,15
default,dqn,123,stochastic,90,50090,3.0,17,True,False,success,saved,True,False,False,83,17,0,0,5,17
default,dqn,123,stochastic,91,50091,5.0,15,True,False,success,saved,True,False,False,85,15,0,0,5,15
default,dqn,123,stochastic,92,50092,5.0,15,True,False,success,saved,True,False,False,85,15,0,0,5,15
default,dqn,123,stochastic,93,50093,4.0,16,True,False,success,saved,True,False,False,85,15,0,0,6,16
default,dqn,123,stochastic,94,50094,4.0,16,True,False,success,saved,True,False,False,85,15,0,0,5,16
default,dqn,123,stochastic,95,50095,3.0,17,True,False,success,saved,True,False,False,83,17,0,0,5,17
default,dqn,123,stochastic,96,50096,5.0,15,True,False,success,saved,True,False,False,85,15,0,0,5,15
default,dqn,123,stochastic,97,50097,5.0,15,True,False,success,saved,True,False,False,85,15,0,0,5,15
default,dqn,123,stochastic,98,50098,4.0,16,True,False,success,saved,True,False,False,85,15,0,0,6,16
default,dqn,123,stochastic,99,50099,5.0,15,True,False,success,saved,True,False,False,85,15,0,0,5,15
default,dqn,2024,deterministic,0,50000,5.0,15,True,False,success,saved,True,False,False,85,15,0,0,5,15
default,dqn,2024,deterministic,1,50001,5.0,15,True,False,success,saved,True,False,False,85,15,0,0,5,15
default,dqn,2024,deterministic,2,50002,5.0,15,True,False,success,saved,True,False,False,85,15,0,0,5,15
default,dqn,2024,deterministic,3,50003,5.0,15,True,False,success,saved,True,False,False,85,15,0,0,5,15
default,dqn,2024,deterministic,4,50004,5.0,15,True,False,success,saved,True,False,False,85,15,0,0,5,15
default,dqn,2024,deterministic,5,50005,5.0,15,True,False,success,saved,True,False,False,85,15,0,0,5,15
default,dqn,2024,deterministic,6,50006,5.0,15,True,False,success,saved,True,False,False,85,15,0,0,5,15
default,dqn,2024,deterministic,7,50007,5.0,15,True,False,success,saved,True,False,False,85,15,0,0,5,15
default,dqn,2024,deterministic,8,50008,5.0,15,True,False,success,saved,True,False,False,85,15,0,0,5,15
default,dqn,2024,deterministic,9,50009,5.0,15,True,False,success,saved,True,False,False,85,15,0,0,5,15
default,dqn,2024,deterministic,10,50010,5.0,15,True,False,success,saved,True,False,False,85,15,0,0,5,15
default,dqn,2024,deterministic,11,50011,5.0,15,True,False,success,saved,True,False,False,85,15,0,0,5,15
default,dqn,2024,deterministic,12,50012,5.0,15,True,False,success,saved,True,False,False,85,15,0,0,5,15
default,dqn,2024,deterministic,13,50013,5.0,15,True,False,success,saved,True,False,False,85,15,0,0,5,15
default,dqn,2024,deterministic,14,50014,5.0,15,True,False,success,saved,True,False,False,85,15,0,0,5,15
default,dqn,2024,deterministic,15,50015,5.0,15,True,False,success,saved,True,False,False,85,15,0,0,5,15
default,dqn,2024,deterministic,16,50016,5.0,15,True,False,success,saved,True,False,False,85,15,0,0,5,15
default,dqn,2024,deterministic,17,50017,5.0,15,True,False,success,saved,True,False,False,85,15,0,0,5,15
default,dqn,2024,deterministic,18,50018,5.0,15,True,False,success,saved,True,False,False,85,15,0,0,5,15
default,dqn,2024,deterministic,19,50019,5.0,15,True,False,success,saved,True,False,False,85,15,0,0,5,15
default,dqn,2024,deterministic,20,50020,5.0,15,True,False,success,saved,True,False,False,85,15,0,0,5,15
default,dqn,2024,deterministic,21,50021,5.0,15,True,False,success,saved,True,False,False,85,15,0,0,5,15
default,dqn,2024,deterministic,22,50022,5.0,15,True,False,success,saved,True,False,False,85,15,0,0,5,15
default,dqn,2024,deterministic,23,50023,5.0,15,True,False,success,saved,True,False,False,85,15,0,0,5,15
default,dqn,2024,deterministic,24,50024,5.0,15,True,False,success,saved,True,False,False,85,15,0,0,5,15
default,dqn,2024,deterministic,25,50025,5.0,15,True,False,success,saved,True,False,False,85,15,0,0,5,15
default,dqn,2024,deterministic,26,50026,5.0,15,True,False,success,saved,True,False,False,85,15,0,0,5,15
default,dqn,2024,deterministic,27,50027,5.0,15,True,False,success,saved,True,False,False,85,15,0,0,5,15
default,dqn,2024,deterministic,28,50028,5.0,15,True,False,success,saved,True,False,False,85,15,0,0,5,15
default,dqn,2024,deterministic,29,50029,5.0,15,True,False,success,saved,True,False,False,85,15,0,0,5,15
default,dqn,2024,deterministic,30,50030,5.0,15,True,False,success,saved,True,False,False,85,15,0,0,5,15
default,dqn,2024,deterministic,31,50031,5.0,15,True,False,success,saved,True,False,False,85,15,0,0,5,15
default,dqn,2024,deterministic,32,50032,5.0,15,True,False,success,saved,True,False,False,85,15,0,0,5,15
default,dqn,2024,deterministic,33,50033,5.0,15,True,False,success,saved,True,False,False,85,15,0,0,5,15
default,dqn,2024,deterministic,34,50034,5.0,15,True,False,success,saved,True,False,False,85,15,0,0,5,15
default,dqn,2024,deterministic,35,50035,5.0,15,True,False,success,saved,True,False,False,85,15,0,0,5,15
default,dqn,2024,deterministic,36,50036,5.0,15,True,False,success,saved,True,False,False,85,15,0,0,5,15
default,dqn,2024,deterministic,37,50037,5.0,15,True,False,success,saved,True,False,False,85,15,0,0,5,15
default,dqn,2024,deterministic,38,50038,5.0,15,True,False,success,saved,True,False,False,85,15,0,0,5,15
default,dqn,2024,deterministic,39,50039,5.0,15,True,False,success,saved,True,False,False,85,15,0,0,5,15
default,dqn,2024,deterministic,40,50040,5.0,15,True,False,success,saved,True,False,False,85,15,0,0,5,15
default,dqn,2024,deterministic,41,50041,5.0,15,True,False,success,saved,True,False,False,85,15,0,0,5,15
default,dqn,2024,deterministic,42,50042,5.0,15,True,False,success,saved,True,False,False,85,15,0,0,5,15
default,dqn,2024,deterministic,43,50043,5.0,15,True,False,success,saved,True,False,False,85,15,0,0,5,15
default,dqn,2024,deterministic,44,50044,5.0,15,True,False,success,saved,True,False,False,85,15,0,0,5,15
default,dqn,2024,deterministic,45,50045,5.0,15,True,False,success,saved,True,False,False,85,15,0,0,5,15
default,dqn,2024,deterministic,46,50046,5.0,15,True,False,success,saved,True,False,False,85,15,0,0,5,15
default,dqn,2024,deterministic,47,50047,5.0,15,True,False,success,saved,True,False,False,85,15,0,0,5,15
default,dqn,2024,deterministic,48,50048,5.0,15,True,False,success,saved,True,False,False,85,15,0,0,5,15
default,dqn,2024,deterministic,49,50049,5.0,15,True,False,success,saved,True,False,False,85,15,0,0,5,15
default,dqn,2024,deterministic,50,50050,5.0,15,True,False,success,saved,True,False,False,85,15,0,0,5,15
default,dqn,2024,deterministic,51,50051,5.0,15,True,False,success,saved,True,False,False,85,15,0,0,5,15
default,dqn,2024,deterministic,52,50052,5.0,15,True,False,success,saved,True,False,False,85,15,0,0,5,15
default,dqn,2024,deterministic,53,50053,5.0,15,True,False,success,saved,True,False,False,85,15,0,0,5,15
default,dqn,2024,deterministic,54,50054,5.0,15,True,False,success,saved,True,False,False,85,15,0,0,5,15
default,dqn,2024,deterministic,55,50055,5.0,15,True,False,success,saved,True,False,False,85,15,0,0,5,15
default,dqn,2024,deterministic,56,50056,5.0,15,True,False,success,saved,True,False,False,85,15,0,0,5,15
default,dqn,2024,deterministic,57,50057,5.0,15,True,False,success,saved,True,False,False,85,15,0,0,5,15
default,dqn,2024,deterministic,58,50058,5.0,15,True,False,success,saved,True,False,False,85,15,0,0,5,15
default,dqn,2024,deterministic,59,50059,5.0,15,True,False,success,saved,True,False,False,85,15,0,0,5,15
default,dqn,2024,deterministic,60,50060,5.0,15,True,False,success,saved,True,False,False,85,15,0,0,5,15
default,dqn,2024,deterministic,61,50061,5.0,15,True,False,success,saved,True,False,False,85,15,0,0,5,15
default,dqn,2024,deterministic,62,50062,5.0,15,True,False,success,saved,True,False,False,85,15,0,0,5,15
default,dqn,2024,deterministic,63,50063,5.0,15,True,False,success,saved,True,False,False,85,15,0,0,5,15
default,dqn,2024,deterministic,64,50064,5.0,15,True,False,success,saved,True,False,False,85,15,0,0,5,15
default,dqn,2024,deterministic,65,50065,5.0,15,True,False,success,saved,True,False,False,85,15,0,0,5,15
default,dqn,2024,deterministic,66,50066,5.0,15,True,False,success,saved,True,False,False,85,15,0,0,5,15
default,dqn,2024,deterministic,67,50067,5.0,15,True,False,success,saved,True,False,False,85,15,0,0,5,15
default,dqn,2024,deterministic,68,50068,5.0,15,True,False,success,saved,True,False,False,85,15,0,0,5,15
default,dqn,2024,deterministic,69,50069,5.0,15,True,False,success,saved,True,False,False,85,15,0,0,5,15
default,dqn,2024,deterministic,70,50070,5.0,15,True,False,success,saved,True,False,False,85,15,0,0,5,15
default,dqn,2024,deterministic,71,50071,5.0,15,True,False,success,saved,True,False,False,85,15,0,0,5,15
default,dqn,2024,deterministic,72,50072,5.0,15,True,False,success,saved,True,False,False,85,15,0,0,5,15
default,dqn,2024,deterministic,73,50073,5.0,15,True,False,success,saved,True,False,False,85,15,0,0,5,15
default,dqn,2024,deterministic,74,50074,5.0,15,True,False,success,saved,True,False,False,85,15,0,0,5,15
default,dqn,2024,deterministic,75,50075,5.0,15,True,False,success,saved,True,False,False,85,15,0,0,5,15
default,dqn,2024,deterministic,76,50076,5.0,15,True,False,success,saved,True,False,False,85,15,0,0,5,15
default,dqn,2024,deterministic,77,50077,5.0,15,True,False,success,saved,True,False,False,85,15,0,0,5,15
default,dqn,2024,deterministic,78,50078,5.0,15,True,False,success,saved,True,False,False,85,15,0,0,5,15
default,dqn,2024,deterministic,79,50079,5.0,15,True,False,success,saved,True,False,False,85,15,0,0,5,15
default,dqn,2024,deterministic,80,50080,5.0,15,True,False,success,saved,True,False,False,85,15,0,0,5,15
default,dqn,2024,deterministic,81,50081,5.0,15,True,False,success,saved,True,False,False,85,15,0,0,5,15
default,dqn,2024,deterministic,82,50082,5.0,15,True,False,success,saved,True,False,False,85,15,0,0,5,15
default,dqn,2024,deterministic,83,50083,5.0,15,True,False,success,saved,True,False,False,85,15,0,0,5,15
default,dqn,2024,deterministic,84,50084,5.0,15,True,False,success,saved,True,False,False,85,15,0,0,5,15
default,dqn,2024,deterministic,85,50085,5.0,15,True,False,success,saved,True,False,False,85,15,0,0,5,15
default,dqn,2024,deterministic,86,50086,5.0,15,True,False,success,saved,True,False,False,85,15,0,0,5,15
default,dqn,2024,deterministic,87,50087,5.0,15,True,False,success,saved,True,False,False,85,15,0,0,5,15
default,dqn,2024,deterministic,88,50088,5.0,15,True,False,success,saved,True,False,False,85,15,0,0,5,15
default,dqn,2024,deterministic,89,50089,5.0,15,True,False,success,saved,True,False,False,85,15,0,0,5,15
default,dqn,2024,deterministic,90,50090,5.0,15,True,False,success,saved,True,False,False,85,15,0,0,5,15
default,dqn,2024,deterministic,91,50091,5.0,15,True,False,success,saved,True,False,False,85,15,0,0,5,15
default,dqn,2024,deterministic,92,50092,5.0,15,True,False,success,saved,True,False,False,85,15,0,0,5,15
default,dqn,2024,deterministic,93,50093,5.0,15,True,False,success,saved,True,False,False,85,15,0,0,5,15
default,dqn,2024,deterministic,94,50094,5.0,15,True,False,success,saved,True,False,False,85,15,0,0,5,15
default,dqn,2024,deterministic,95,50095,5.0,15,True,False,success,saved,True,False,False,85,15,0,0,5,15
default,dqn,2024,deterministic,96,50096,5.0,15,True,False,success,saved,True,False,False,85,15,0,0,5,15
default,dqn,2024,deterministic,97,50097,5.0,15,True,False,success,saved,True,False,False,85,15,0,0,5,15
default,dqn,2024,deterministic,98,50098,5.0,15,True,False,success,saved,True,False,False,85,15,0,0,5,15
default,dqn,2024,deterministic,99,50099,5.0,15,True,False,success,saved,True,False,False,85,15,0,0,5,15
default,dqn,2024,stochastic,0,50000,2.0,18,True,False,success,saved,True,False,False,68,32,1,0,6,18
default,dqn,2024,stochastic,1,50001,5.0,15,True,False,success,saved,True,False,False,85,15,0,0,5,15
default,dqn,2024,stochastic,2,50002,3.0,17,True,False,success,saved,True,False,False,70,30,1,0,7,17
default,dqn,2024,stochastic,3,50003,5.0,15,True,False,success,saved,True,False,False,85,15,0,0,5,15
default,dqn,2024,stochastic,4,50004,5.0,15,True,False,success,saved,True,False,False,85,15,0,0,5,15
default,dqn,2024,stochastic,5,50005,4.0,16,True,False,success,saved,True,False,False,85,15,0,0,5,16
default,dqn,2024,stochastic,6,50006,5.0,15,True,False,success,saved,True,False,False,85,15,0,0,5,15
default,dqn,2024,stochastic,7,50007,5.0,15,True,False,success,saved,True,False,False,85,15,0,0,5,15
default,dqn,2024,stochastic,8,50008,3.0,17,True,False,success,saved,True,False,False,55,45,2,0,5,17
default,dqn,2024,stochastic,9,50009,5.0,15,True,False,success,saved,True,False,False,85,15,0,0,5,15
default,dqn,2024,stochastic,10,50010,5.0,15,True,False,success,saved,True,False,False,85,15,0,0,5,15
default,dqn,2024,stochastic,11,50011,5.0,15,True,False,success,saved,True,False,False,85,15,0,0,5,15
default,dqn,2024,stochastic,12,50012,5.0,15,True,False,success,saved,True,False,False,85,15,0,0,5,15
default,dqn,2024,stochastic,13,50013,5.0,15,True,False,success,saved,True,False,False,85,15,0,0,5,15
default,dqn,2024,stochastic,14,50014,4.0,16,True,False,success,saved,True,False,False,70,30,1,0,5,16
default,dqn,2024,stochastic,15,50015,3.0,17,True,False,success,saved,True,False,False,83,17,0,0,7,17
default,dqn,2024,stochastic,16,50016,4.0,16,True,False,success,saved,True,False,False,85,15,0,0,5,16
default,dqn,2024,stochastic,17,50017,5.0,15,True,False,success,saved,True,False,False,85,15,0,0,5,15
default,dqn,2024,stochastic,18,50018,5.0,15,True,False,success,saved,True,False,False,85,15,0,0,5,15
default,dqn,2024,stochastic,19,50019,5.0,15,True,False,success,saved,True,False,False,85,15,0,0,5,15
default,dqn,2024,stochastic,20,50020,5.0,15,True,False,success,saved,True,False,False,85,15,0,0,5,15
default,dqn,2024,stochastic,21,50021,5.0,15,True,False,success,saved,True,False,False,85,15,0,0,5,15
default,dqn,2024,stochastic,22,50022,4.0,16,True,False,success,saved,True,False,False,70,30,1,0,6,16
default,dqn,2024,stochastic,23,50023,5.0,15,True,False,success,saved,True,False,False,85,15,0,0,5,15
default,dqn,2024,stochastic,24,50024,4.0,16,True,False,success,saved,True,False,False,70,30,1,0,5,16
default,dqn,2024,stochastic,25,50025,5.0,15,True,False,success,saved,True,False,False,85,15,0,0,5,15
default,dqn,2024,stochastic,26,50026,4.0,16,True,False,success,saved,True,False,False,85,15,0,0,5,16
default,dqn,2024,stochastic,27,50027,3.0,17,True,False,success,saved,True,False,False,83,17,0,0,5,17
default,dqn,2024,stochastic,28,50028,5.0,15,True,False,success,saved,True,False,False,85,15,0,0,5,15
default,dqn,2024,stochastic,29,50029,3.0,17,True,False,success,saved,True,False,False,85,15,0,0,5,17
default,dqn,2024,stochastic,30,50030,5.0,15,True,False,success,saved,True,False,False,85,15,0,0,5,15
default,dqn,2024,stochastic,31,50031,3.0,17,True,False,success,saved,True,False,False,85,15,0,0,7,17
default,dqn,2024,stochastic,32,50032,5.0,15,True,False,success,saved,True,False,False,85,15,0,0,5,15
default,dqn,2024,stochastic,33,50033,4.0,16,True,False,success,saved,True,False,False,85,15,0,0,5,16
default,dqn,2024,stochastic,34,50034,5.0,15,True,False,success,saved,True,False,False,85,15,0,0,5,15
default,dqn,2024,stochastic,35,50035,4.0,16,True,False,success,saved,True,False,False,85,15,0,0,5,16
default,dqn,2024,stochastic,36,50036,5.0,15,True,False,success,saved,True,False,False,85,15,0,0,5,15
default,dqn,2024,stochastic,37,50037,3.0,17,True,False,success,saved,True,False,False,83,17,0,0,7,17
default,dqn,2024,stochastic,38,50038,3.0,17,True,False,success,saved,True,False,False,83,17,0,0,5,17
default,dqn,2024,stochastic,39,50039,5.0,15,True,False,success,saved,True,False,False,85,15,0,0,5,15
default,dqn,2024,stochastic,40,50040,5.0,15,True,False,success,saved,True,False,False,85,15,0,0,5,15
default,dqn,2024,stochastic,41,50041,5.0,15,True,False,success,saved,True,False,False,85,15,0,0,5,15
default,dqn,2024,stochastic,42,50042,3.0,17,True,False,success,saved,True,False,False,85,15,0,0,5,17
default,dqn,2024,stochastic,43,50043,5.0,15,True,False,success,saved,True,False,False,85,15,0,0,5,15
default,dqn,2024,stochastic,44,50044,5.0,15,True,False,success,saved,True,False,False,85,15,0,0,5,15
default,dqn,2024,stochastic,45,50045,5.0,15,True,False,success,saved,True,False,False,85,15,0,0,5,15
default,dqn,2024,stochastic,46,50046,5.0,15,True,False,success,saved,True,False,False,85,15,0,0,5,15
default,dqn,2024,stochastic,47,50047,5.0,15,True,False,success,saved,True,False,False,85,15,0,0,5,15
default,dqn,2024,stochastic,48,50048,5.0,15,True,False,success,saved,True,False,False,85,15,0,0,5,15
default,dqn,2024,stochastic,49,50049,5.0,15,True,False,success,saved,True,False,False,85,15,0,0,5,15
default,dqn,2024,stochastic,50,50050,4.0,16,True,False,success,saved,True,False,False,85,15,0,0,5,16
default,dqn,2024,stochastic,51,50051,5.0,15,True,False,success,saved,True,False,False,85,15,0,0,5,15
default,dqn,2024,stochastic,52,50052,3.0,17,True,False,success,saved,True,False,False,83,17,0,0,5,17
default,dqn,2024,stochastic,53,50053,3.0,17,True,False,success,saved,True,False,False,83,17,0,0,5,17
default,dqn,2024,stochastic,54,50054,5.0,15,True,False,success,saved,True,False,False,85,15,0,0,5,15
default,dqn,2024,stochastic,55,50055,2.0,18,True,False,success,saved,True,False,False,68,32,1,0,7,18
default,dqn,2024,stochastic,56,50056,3.0,17,True,False,success,saved,True,False,False,70,30,1,0,5,17
default,dqn,2024,stochastic,57,50057,5.0,15,True,False,success,saved,True,False,False,85,15,0,0,5,15
default,dqn,2024,stochastic,58,50058,5.0,15,True,False,success,saved,True,False,False,85,15,0,0,5,15
default,dqn,2024,stochastic,59,50059,2.0,18,True,False,success,saved,True,False,False,83,17,0,0,5,18
default,dqn,2024,stochastic,60,50060,4.0,16,True,False,success,saved,True,False,False,70,30,1,0,5,16
default,dqn,2024,stochastic,61,50061,4.0,16,True,False,success,saved,True,False,False,85,15,0,0,5,16
default,dqn,2024,stochastic,62,50062,5.0,15,True,False,success,saved,True,False,False,85,15,0,0,5,15
default,dqn,2024,stochastic,63,50063,5.0,15,True,False,success,saved,True,False,False,85,15,0,0,5,15
default,dqn,2024,stochastic,64,50064,5.0,15,True,False,success,saved,True,False,False,85,15,0,0,5,15
default,dqn,2024,stochastic,65,50065,4.0,16,True,False,success,saved,True,False,False,85,15,0,0,6,16
default,dqn,2024,stochastic,66,50066,5.0,15,True,False,success,saved,True,False,False,85,15,0,0,5,15
default,dqn,2024,stochastic,67,50067,3.0,17,True,False,success,saved,True,False,False,55,45,2,0,5,17
default,dqn,2024,stochastic,68,50068,5.0,15,True,False,success,saved,True,False,False,85,15,0,0,5,15
default,dqn,2024,stochastic,69,50069,5.0,15,True,False,success,saved,True,False,False,85,15,0,0,5,15
default,dqn,2024,stochastic,70,50070,5.0,15,True,False,success,saved,True,False,False,85,15,0,0,5,15
default,dqn,2024,stochastic,71,50071,4.0,16,True,False,success,saved,True,False,False,85,15,0,0,5,16
default,dqn,2024,stochastic,72,50072,4.0,16,True,False,success,saved,True,False,False,85,15,0,0,5,16
default,dqn,2024,stochastic,73,50073,3.0,17,True,False,success,saved,True,False,False,83,17,0,0,7,17
default,dqn,2024,stochastic,74,50074,5.0,15,True,False,success,saved,True,False,False,85,15,0,0,5,15
default,dqn,2024,stochastic,75,50075,5.0,15,True,False,success,saved,True,False,False,85,15,0,0,5,15
default,dqn,2024,stochastic,76,50076,5.0,15,True,False,success,saved,True,False,False,85,15,0,0,5,15
default,dqn,2024,stochastic,77,50077,5.0,15,True,False,success,saved,True,False,False,85,15,0,0,5,15
default,dqn,2024,stochastic,78,50078,5.0,15,True,False,success,saved,True,False,False,85,15,0,0,5,15
default,dqn,2024,stochastic,79,50079,5.0,15,True,False,success,saved,True,False,False,85,15,0,0,5,15
default,dqn,2024,stochastic,80,50080,4.0,16,True,False,success,saved,True,False,False,70,30,1,0,5,16
default,dqn,2024,stochastic,81,50081,3.0,17,True,False,success,saved,True,False,False,83,17,0,0,7,17
default,dqn,2024,stochastic,82,50082,4.0,16,True,False,success,saved,True,False,False,85,15,0,0,5,16
default,dqn,2024,stochastic,83,50083,5.0,15,True,False,success,saved,True,False,False,85,15,0,0,5,15
default,dqn,2024,stochastic,84,50084,5.0,15,True,False,success,saved,True,False,False,85,15,0,0,5,15
default,dqn,2024,stochastic,85,50085,4.0,16,True,False,success,saved,True,False,False,70,30,1,0,6,16
default,dqn,2024,stochastic,86,50086,1.0,19,True,False,success,saved,True,False,False,83,17,0,0,6,19
default,dqn,2024,stochastic,87,50087,5.0,15,True,False,success,saved,True,False,False,85,15,0,0,5,15
default,dqn,2024,stochastic,88,50088,5.0,15,True,False,success,saved,True,False,False,85,15,0,0,5,15
default,dqn,2024,stochastic,89,50089,5.0,15,True,False,success,saved,True,False,False,85,15,0,0,5,15
default,dqn,2024,stochastic,90,50090,1.0,19,True,False,success,saved,True,False,False,83,17,0,0,5,19
default,dqn,2024,stochastic,91,50091,1.0,19,True,False,success,saved,True,False,False,68,32,1,0,7,19
default,dqn,2024,stochastic,92,50092,5.0,15,True,False,success,saved,True,False,False,85,15,0,0,5,15
default,dqn,2024,stochastic,93,50093,5.0,15,True,False,success,saved,True,False,False,85,15,0,0,5,15
default,dqn,2024,stochastic,94,50094,5.0,15,True,False,success,saved,True,False,False,85,15,0,0,5,15
default,dqn,2024,stochastic,95,50095,5.0,15,True,False,success,saved,True,False,False,85,15,0,0,5,15
default,dqn,2024,stochastic,96,50096,3.0,17,True,False,success,saved,True,False,False,83,17,0,0,5,17
default,dqn,2024,stochastic,97,50097,5.0,15,True,False,success,saved,True,False,False,85,15,0,0,5,15
default,dqn,2024,stochastic,98,50098,3.0,17,True,False,success,saved,True,False,False,83,17,0,0,5,17
default,dqn,2024,stochastic,99,50099,2.0,18,True,False,success,saved,True,False,False,83,17,0,0,6,18
default,dqn,7,deterministic,0,50000,5.0,15,True,False,success,saved,True,False,False,85,15,0,0,5,15
default,dqn,7,deterministic,1,50001,5.0,15,True,False,success,saved,True,False,False,85,15,0,0,5,15
default,dqn,7,deterministic,2,50002,5.0,15,True,False,success,saved,True,False,False,85,15,0,0,5,15
default,dqn,7,deterministic,3,50003,5.0,15,True,False,success,saved,True,False,False,85,15,0,0,5,15
default,dqn,7,deterministic,4,50004,5.0,15,True,False,success,saved,True,False,False,85,15,0,0,5,15
default,dqn,7,deterministic,5,50005,5.0,15,True,False,success,saved,True,False,False,85,15,0,0,5,15
default,dqn,7,deterministic,6,50006,5.0,15,True,False,success,saved,True,False,False,85,15,0,0,5,15
default,dqn,7,deterministic,7,50007,5.0,15,True,False,success,saved,True,False,False,85,15,0,0,5,15
default,dqn,7,deterministic,8,50008,5.0,15,True,False,success,saved,True,False,False,85,15,0,0,5,15
default,dqn,7,deterministic,9,50009,5.0,15,True,False,success,saved,True,False,False,85,15,0,0,5,15
default,dqn,7,deterministic,10,50010,5.0,15,True,False,success,saved,True,False,False,85,15,0,0,5,15
default,dqn,7,deterministic,11,50011,5.0,15,True,False,success,saved,True,False,False,85,15,0,0,5,15
default,dqn,7,deterministic,12,50012,5.0,15,True,False,success,saved,True,False,False,85,15,0,0,5,15
default,dqn,7,deterministic,13,50013,5.0,15,True,False,success,saved,True,False,False,85,15,0,0,5,15
default,dqn,7,deterministic,14,50014,5.0,15,True,False,success,saved,True,False,False,85,15,0,0,5,15
default,dqn,7,deterministic,15,50015,5.0,15,True,False,success,saved,True,False,False,85,15,0,0,5,15
default,dqn,7,deterministic,16,50016,5.0,15,True,False,success,saved,True,False,False,85,15,0,0,5,15
default,dqn,7,deterministic,17,50017,5.0,15,True,False,success,saved,True,False,False,85,15,0,0,5,15
default,dqn,7,deterministic,18,50018,5.0,15,True,False,success,saved,True,False,False,85,15,0,0,5,15
default,dqn,7,deterministic,19,50019,5.0,15,True,False,success,saved,True,False,False,85,15,0,0,5,15
default,dqn,7,deterministic,20,50020,5.0,15,True,False,success,saved,True,False,False,85,15,0,0,5,15
default,dqn,7,deterministic,21,50021,5.0,15,True,False,success,saved,True,False,False,85,15,0,0,5,15
default,dqn,7,deterministic,22,50022,5.0,15,True,False,success,saved,True,False,False,85,15,0,0,5,15
default,dqn,7,deterministic,23,50023,5.0,15,True,False,success,saved,True,False,False,85,15,0,0,5,15
default,dqn,7,deterministic,24,50024,5.0,15,True,False,success,saved,True,False,False,85,15,0,0,5,15
default,dqn,7,deterministic,25,50025,5.0,15,True,False,success,saved,True,False,False,85,15,0,0,5,15
default,dqn,7,deterministic,26,50026,5.0,15,True,False,success,saved,True,False,False,85,15,0,0,5,15
default,dqn,7,deterministic,27,50027,5.0,15,True,False,success,saved,True,False,False,85,15,0,0,5,15
default,dqn,7,deterministic,28,50028,5.0,15,True,False,success,saved,True,False,False,85,15,0,0,5,15
default,dqn,7,deterministic,29,50029,5.0,15,True,False,success,saved,True,False,False,85,15,0,0,5,15
default,dqn,7,deterministic,30,50030,5.0,15,True,False,success,saved,True,False,False,85,15,0,0,5,15
default,dqn,7,deterministic,31,50031,5.0,15,True,False,success,saved,True,False,False,85,15,0,0,5,15
default,dqn,7,deterministic,32,50032,5.0,15,True,False,success,saved,True,False,False,85,15,0,0,5,15
default,dqn,7,deterministic,33,50033,5.0,15,True,False,success,saved,True,False,False,85,15,0,0,5,15
default,dqn,7,deterministic,34,50034,5.0,15,True,False,success,saved,True,False,False,85,15,0,0,5,15
default,dqn,7,deterministic,35,50035,5.0,15,True,False,success,saved,True,False,False,85,15,0,0,5,15
default,dqn,7,deterministic,36,50036,5.0,15,True,False,success,saved,True,False,False,85,15,0,0,5,15
default,dqn,7,deterministic,37,50037,5.0,15,True,False,success,saved,True,False,False,85,15,0,0,5,15
default,dqn,7,deterministic,38,50038,5.0,15,True,False,success,saved,True,False,False,85,15,0,0,5,15
default,dqn,7,deterministic,39,50039,5.0,15,True,False,success,saved,True,False,False,85,15,0,0,5,15
default,dqn,7,deterministic,40,50040,5.0,15,True,False,success,saved,True,False,False,85,15,0,0,5,15
default,dqn,7,deterministic,41,50041,5.0,15,True,False,success,saved,True,False,False,85,15,0,0,5,15
default,dqn,7,deterministic,42,50042,5.0,15,True,False,success,saved,True,False,False,85,15,0,0,5,15
default,dqn,7,deterministic,43,50043,5.0,15,True,False,success,saved,True,False,False,85,15,0,0,5,15
default,dqn,7,deterministic,44,50044,5.0,15,True,False,success,saved,True,False,False,85,15,0,0,5,15
default,dqn,7,deterministic,45,50045,5.0,15,True,False,success,saved,True,False,False,85,15,0,0,5,15
default,dqn,7,deterministic,46,50046,5.0,15,True,False,success,saved,True,False,False,85,15,0,0,5,15
default,dqn,7,deterministic,47,50047,5.0,15,True,False,success,saved,True,False,False,85,15,0,0,5,15
default,dqn,7,deterministic,48,50048,5.0,15,True,False,success,saved,True,False,False,85,15,0,0,5,15
default,dqn,7,deterministic,49,50049,5.0,15,True,False,success,saved,True,False,False,85,15,0,0,5,15
default,dqn,7,deterministic,50,50050,5.0,15,True,False,success,saved,True,False,False,85,15,0,0,5,15
default,dqn,7,deterministic,51,50051,5.0,15,True,False,success,saved,True,False,False,85,15,0,0,5,15
default,dqn,7,deterministic,52,50052,5.0,15,True,False,success,saved,True,False,False,85,15,0,0,5,15
default,dqn,7,deterministic,53,50053,5.0,15,True,False,success,saved,True,False,False,85,15,0,0,5,15
default,dqn,7,deterministic,54,50054,5.0,15,True,False,success,saved,True,False,False,85,15,0,0,5,15
default,dqn,7,deterministic,55,50055,5.0,15,True,False,success,saved,True,False,False,85,15,0,0,5,15
default,dqn,7,deterministic,56,50056,5.0,15,True,False,success,saved,True,False,False,85,15,0,0,5,15
default,dqn,7,deterministic,57,50057,5.0,15,True,False,success,saved,True,False,False,85,15,0,0,5,15
default,dqn,7,deterministic,58,50058,5.0,15,True,False,success,saved,True,False,False,85,15,0,0,5,15
default,dqn,7,deterministic,59,50059,5.0,15,True,False,success,saved,True,False,False,85,15,0,0,5,15
default,dqn,7,deterministic,60,50060,5.0,15,True,False,success,saved,True,False,False,85,15,0,0,5,15
default,dqn,7,deterministic,61,50061,5.0,15,True,False,success,saved,True,False,False,85,15,0,0,5,15
default,dqn,7,deterministic,62,50062,5.0,15,True,False,success,saved,True,False,False,85,15,0,0,5,15
default,dqn,7,deterministic,63,50063,5.0,15,True,False,success,saved,True,False,False,85,15,0,0,5,15
default,dqn,7,deterministic,64,50064,5.0,15,True,False,success,saved,True,False,False,85,15,0,0,5,15
default,dqn,7,deterministic,65,50065,5.0,15,True,False,success,saved,True,False,False,85,15,0,0,5,15
default,dqn,7,deterministic,66,50066,5.0,15,True,False,success,saved,True,False,False,85,15,0,0,5,15
default,dqn,7,deterministic,67,50067,5.0,15,True,False,success,saved,True,False,False,85,15,0,0,5,15
default,dqn,7,deterministic,68,50068,5.0,15,True,False,success,saved,True,False,False,85,15,0,0,5,15
default,dqn,7,deterministic,69,50069,5.0,15,True,False,success,saved,True,False,False,85,15,0,0,5,15
default,dqn,7,deterministic,70,50070,5.0,15,True,False,success,saved,True,False,False,85,15,0,0,5,15
default,dqn,7,deterministic,71,50071,5.0,15,True,False,success,saved,True,False,False,85,15,0,0,5,15
default,dqn,7,deterministic,72,50072,5.0,15,True,False,success,saved,True,False,False,85,15,0,0,5,15
default,dqn,7,deterministic,73,50073,5.0,15,True,False,success,saved,True,False,False,85,15,0,0,5,15
default,dqn,7,deterministic,74,50074,5.0,15,True,False,success,saved,True,False,False,85,15,0,0,5,15
default,dqn,7,deterministic,75,50075,5.0,15,True,False,success,saved,True,False,False,85,15,0,0,5,15
default,dqn,7,deterministic,76,50076,5.0,15,True,False,success,saved,True,False,False,85,15,0,0,5,15
default,dqn,7,deterministic,77,50077,5.0,15,True,False,success,saved,True,False,False,85,15,0,0,5,15
default,dqn,7,deterministic,78,50078,5.0,15,True,False,success,saved,True,False,False,85,15,0,0,5,15
default,dqn,7,deterministic,79,50079,5.0,15,True,False,success,saved,True,False,False,85,15,0,0,5,15
default,dqn,7,deterministic,80,50080,5.0,15,True,False,success,saved,True,False,False,85,15,0,0,5,15
default,dqn,7,deterministic,81,50081,5.0,15,True,False,success,saved,True,False,False,85,15,0,0,5,15
default,dqn,7,deterministic,82,50082,5.0,15,True,False,success,saved,True,False,False,85,15,0,0,5,15
default,dqn,7,deterministic,83,50083,5.0,15,True,False,success,saved,True,False,False,85,15,0,0,5,15
default,dqn,7,deterministic,84,50084,5.0,15,True,False,success,saved,True,False,False,85,15,0,0,5,15
default,dqn,7,deterministic,85,50085,5.0,15,True,False,success,saved,True,False,False,85,15,0,0,5,15
default,dqn,7,deterministic,86,50086,5.0,15,True,False,success,saved,True,False,False,85,15,0,0,5,15
default,dqn,7,deterministic,87,50087,5.0,15,True,False,success,saved,True,False,False,85,15,0,0,5,15
default,dqn,7,deterministic,88,50088,5.0,15,True,False,success,saved,True,False,False,85,15,0,0,5,15
default,dqn,7,deterministic,89,50089,5.0,15,True,False,success,saved,True,False,False,85,15,0,0,5,15
default,dqn,7,deterministic,90,50090,5.0,15,True,False,success,saved,True,False,False,85,15,0,0,5,15
default,dqn,7,deterministic,91,50091,5.0,15,True,False,success,saved,True,False,False,85,15,0,0,5,15
default,dqn,7,deterministic,92,50092,5.0,15,True,False,success,saved,True,False,False,85,15,0,0,5,15
default,dqn,7,deterministic,93,50093,5.0,15,True,False,success,saved,True,False,False,85,15,0,0,5,15
default,dqn,7,deterministic,94,50094,5.0,15,True,False,success,saved,True,False,False,85,15,0,0,5,15
default,dqn,7,deterministic,95,50095,5.0,15,True,False,success,saved,True,False,False,85,15,0,0,5,15
default,dqn,7,deterministic,96,50096,5.0,15,True,False,success,saved,True,False,False,85,15,0,0,5,15
default,dqn,7,deterministic,97,50097,5.0,15,True,False,success,saved,True,False,False,85,15,0,0,5,15
default,dqn,7,deterministic,98,50098,5.0,15,True,False,success,saved,True,False,False,85,15,0,0,5,15
default,dqn,7,deterministic,99,50099,5.0,15,True,False,success,saved,True,False,False,85,15,0,0,5,15
default,dqn,7,stochastic,0,50000,4.0,16,True,False,success,saved,True,False,False,70,30,1,0,5,16
default,dqn,7,stochastic,1,50001,5.0,15,True,False,success,saved,True,False,False,85,15,0,0,5,15
default,dqn,7,stochastic,2,50002,4.0,16,True,False,success,saved,True,False,False,85,15,0,0,5,16
default,dqn,7,stochastic,3,50003,5.0,15,True,False,success,saved,True,False,False,85,15,0,0,5,15
default,dqn,7,stochastic,4,50004,5.0,15,True,False,success,saved,True,False,False,85,15,0,0,5,15
default,dqn,7,stochastic,5,50005,4.0,16,True,False,success,saved,True,False,False,85,15,0,0,5,16
default,dqn,7,stochastic,6,50006,5.0,15,True,False,success,saved,True,False,False,85,15,0,0,5,15
default,dqn,7,stochastic,7,50007,5.0,15,True,False,success,saved,True,False,False,85,15,0,0,5,15
default,dqn,7,stochastic,8,50008,3.0,17,True,False,success,saved,True,False,False,83,17,0,0,5,17
default,dqn,7,stochastic,9,50009,3.0,17,True,False,success,saved,True,False,False,70,30,1,0,6,17
default,dqn,7,stochastic,10,50010,5.0,15,True,False,success,saved,True,False,False,85,15,0,0,5,15
default,dqn,7,stochastic,11,50011,5.0,15,True,False,success,saved,True,False,False,85,15,0,0,5,15
default,dqn,7,stochastic,12,50012,5.0,15,True,False,success,saved,True,False,False,85,15,0,0,5,15
default,dqn,7,stochastic,13,50013,5.0,15,True,False,success,saved,True,False,False,85,15,0,0,5,15
default,dqn,7,stochastic,14,50014,5.0,15,True,False,success,saved,True,False,False,85,15,0,0,5,15
default,dqn,7,stochastic,15,50015,5.0,15,True,False,success,saved,True,False,False,85,15,0,0,5,15
default,dqn,7,stochastic,16,50016,4.0,16,True,False,success,saved,True,False,False,70,30,1,0,5,16
default,dqn,7,stochastic,17,50017,5.0,15,True,False,success,saved,True,False,False,85,15,0,0,5,15
default,dqn,7,stochastic,18,50018,3.0,17,True,False,success,saved,True,False,False,70,30,1,0,5,17
default,dqn,7,stochastic,19,50019,5.0,15,True,False,success,saved,True,False,False,85,15,0,0,5,15
default,dqn,7,stochastic,20,50020,3.0,17,True,False,success,saved,True,False,False,83,17,0,0,7,17
default,dqn,7,stochastic,21,50021,5.0,15,True,False,success,saved,True,False,False,85,15,0,0,5,15
default,dqn,7,stochastic,22,50022,4.0,16,True,False,success,saved,True,False,False,70,30,1,0,5,16
default,dqn,7,stochastic,23,50023,5.0,15,True,False,success,saved,True,False,False,85,15,0,0,5,15
default,dqn,7,stochastic,24,50024,4.0,16,True,False,success,saved,True,False,False,85,15,0,0,5,16
default,dqn,7,stochastic,25,50025,5.0,15,True,False,success,saved,True,False,False,85,15,0,0,5,15
default,dqn,7,stochastic,26,50026,5.0,15,True,False,success,saved,True,False,False,85,15,0,0,5,15
default,dqn,7,stochastic,27,50027,5.0,15,True,False,success,saved,True,False,False,85,15,0,0,5,15
default,dqn,7,stochastic,28,50028,5.0,15,True,False,success,saved,True,False,False,85,15,0,0,5,15
default,dqn,7,stochastic,29,50029,5.0,15,True,False,success,saved,True,False,False,85,15,0,0,5,15
default,dqn,7,stochastic,30,50030,5.0,15,True,False,success,saved,True,False,False,85,15,0,0,5,15
default,dqn,7,stochastic,31,50031,5.0,15,True,False,success,saved,True,False,False,85,15,0,0,5,15
default,dqn,7,stochastic,32,50032,4.0,16,True,False,success,saved,True,False,False,70,30,1,0,6,16
default,dqn,7,stochastic,33,50033,4.0,16,True,False,success,saved,True,False,False,70,30,1,0,5,16
default,dqn,7,stochastic,34,50034,5.0,15,True,False,success,saved,True,False,False,85,15,0,0,5,15
default,dqn,7,stochastic,35,50035,4.0,16,True,False,success,saved,True,False,False,85,15,0,0,6,16
default,dqn,7,stochastic,36,50036,5.0,15,True,False,success,saved,True,False,False,85,15,0,0,5,15
default,dqn,7,stochastic,37,50037,3.0,17,True,False,success,saved,True,False,False,83,17,0,0,7,17
default,dqn,7,stochastic,38,50038,5.0,15,True,False,success,saved,True,False,False,85,15,0,0,5,15
default,dqn,7,stochastic,39,50039,5.0,15,True,False,success,saved,True,False,False,85,15,0,0,5,15
default,dqn,7,stochastic,40,50040,5.0,15,True,False,success,saved,True,False,False,85,15,0,0,5,15
default,dqn,7,stochastic,41,50041,2.0,18,True,False,success,saved,True,False,False,68,32,1,0,5,18
default,dqn,7,stochastic,42,50042,5.0,15,True,False,success,saved,True,False,False,85,15,0,0,5,15
default,dqn,7,stochastic,43,50043,5.0,15,True,False,success,saved,True,False,False,85,15,0,0,5,15
default,dqn,7,stochastic,44,50044,3.0,17,True,False,success,saved,True,False,False,83,17,0,0,5,17
default,dqn,7,stochastic,45,50045,4.0,16,True,False,success,saved,True,False,False,70,30,1,0,6,16
default,dqn,7,stochastic,46,50046,4.0,16,True,False,success,saved,True,False,False,85,15,0,0,6,16
default,dqn,7,stochastic,47,50047,4.0,16,True,False,success,saved,True,False,False,85,15,0,0,6,16
default,dqn,7,stochastic,48,50048,5.0,15,True,False,success,saved,True,False,False,85,15,0,0,5,15
default,dqn,7,stochastic,49,50049,3.0,17,True,False,success,saved,True,False,False,83,17,0,0,5,17
default,dqn,7,stochastic,50,50050,5.0,15,True,False,success,saved,True,False,False,85,15,0,0,5,15
default,dqn,7,stochastic,51,50051,2.0,18,True,False,success,saved,True,False,False,83,17,0,0,6,18
default,dqn,7,stochastic,52,50052,3.0,17,True,False,success,saved,True,False,False,85,15,0,0,6,17
default,dqn,7,stochastic,53,50053,3.0,17,True,False,success,saved,True,False,False,83,17,0,0,7,17
default,dqn,7,stochastic,54,50054,5.0,15,True,False,success,saved,True,False,False,85,15,0,0,5,15
default,dqn,7,stochastic,55,50055,4.0,16,True,False,success,saved,True,False,False,70,30,1,0,6,16
default,dqn,7,stochastic,56,50056,-2.0,22,True,False,success,saved,True,False,False,79,21,0,0,7,22
default,dqn,7,stochastic,57,50057,4.0,16,True,False,success,saved,True,False,False,85,15,0,0,6,16
default,dqn,7,stochastic,58,50058,3.0,17,True,False,success,saved,True,False,False,83,17,0,0,7,17
default,dqn,7,stochastic,59,50059,2.0,18,True,False,success,saved,True,False,False,83,17,0,0,6,18
default,dqn,7,stochastic,60,50060,5.0,15,True,False,success,saved,True,False,False,85,15,0,0,5,15
default,dqn,7,stochastic,61,50061,5.0,15,True,False,success,saved,True,False,False,85,15,0,0,5,15
default,dqn,7,stochastic,62,50062,2.0,18,True,False,success,saved,True,False,False,68,32,1,0,7,18
default,dqn,7,stochastic,63,50063,5.0,15,True,False,success,saved,True,False,False,85,15,0,0,5,15
default,dqn,7,stochastic,64,50064,3.0,17,True,False,success,saved,True,False,False,83,17,0,0,5,17
default,dqn,7,stochastic,65,50065,5.0,15,True,False,success,saved,True,False,False,85,15,0,0,5,15
default,dqn,7,stochastic,66,50066,4.0,16,True,False,success,saved,True,False,False,85,15,0,0,6,16
default,dqn,7,stochastic,67,50067,5.0,15,True,False,success,saved,True,False,False,85,15,0,0,5,15
default,dqn,7,stochastic,68,50068,5.0,15,True,False,success,saved,True,False,False,85,15,0,0,5,15
default,dqn,7,stochastic,69,50069,3.0,17,True,False,success,saved,True,False,False,83,17,0,0,5,17
default,dqn,7,stochastic,70,50070,5.0,15,True,False,success,saved,True,False,False,85,15,0,0,5,15
default,dqn,7,stochastic,71,50071,2.0,18,True,False,success,saved,True,False,False,55,45,2,0,5,18
default,dqn,7,stochastic,72,50072,4.0,16,True,False,success,saved,True,False,False,85,15,0,0,6,16
default,dqn,7,stochastic,73,50073,5.0,15,True,False,success,saved,True,False,False,85,15,0,0,5,15
default,dqn,7,stochastic,74,50074,5.0,15,True,False,success,saved,True,False,False,85,15,0,0,5,15
default,dqn,7,stochastic,75,50075,5.0,15,True,False,success,saved,True,False,False,85,15,0,0,5,15
default,dqn,7,stochastic,76,50076,5.0,15,True,False,success,saved,True,False,False,85,15,0,0,5,15
default,dqn,7,stochastic,77,50077,-2.0,22,True,False,success,saved,True,False,False,79,21,0,0,9,22
default,dqn,7,stochastic,78,50078,5.0,15,True,False,success,saved,True,False,False,85,15,0,0,5,15
default,dqn,7,stochastic,79,50079,5.0,15,True,False,success,saved,True,False,False,85,15,0,0,5,15
default,dqn,7,stochastic,80,50080,5.0,15,True,False,success,saved,True,False,False,85,15,0,0,5,15
default,dqn,7,stochastic,81,50081,5.0,15,True,False,success,saved,True,False,False,85,15,0,0,5,15
default,dqn,7,stochastic,82,50082,5.0,15,True,False,success,saved,True,False,False,85,15,0,0,5,15
default,dqn,7,stochastic,83,50083,5.0,15,True,False,success,saved,True,False,False,85,15,0,0,5,15
default,dqn,7,stochastic,84,50084,4.0,16,True,False,success,saved,True,False,False,70,30,1,0,5,16
default,dqn,7,stochastic,85,50085,4.0,16,True,False,success,saved,True,False,False,70,30,1,0,6,16
default,dqn,7,stochastic,86,50086,5.0,15,True,False,success,saved,True,False,False,85,15,0,0,5,15
default,dqn,7,stochastic,87,50087,5.0,15,True,False,success,saved,True,False,False,85,15,0,0,5,15
default,dqn,7,stochastic,88,50088,3.0,17,True,False,success,saved,True,False,False,81,19,0,0,5,17
default,dqn,7,stochastic,89,50089,5.0,15,True,False,success,saved,True,False,False,85,15,0,0,5,15
default,dqn,7,stochastic,90,50090,5.0,15,True,False,success,saved,True,False,False,85,15,0,0,5,15
default,dqn,7,stochastic,91,50091,5.0,15,True,False,success,saved,True,False,False,85,15,0,0,5,15
default,dqn,7,stochastic,92,50092,3.0,17,True,False,success,saved,True,False,False,83,17,0,0,5,17
default,dqn,7,stochastic,93,50093,1.0,19,True,False,success,saved,True,False,False,81,19,0,0,7,19
default,dqn,7,stochastic,94,50094,5.0,15,True,False,success,saved,True,False,False,85,15,0,0,5,15
default,dqn,7,stochastic,95,50095,5.0,15,True,False,success,saved,True,False,False,85,15,0,0,5,15
default,dqn,7,stochastic,96,50096,4.0,16,True,False,success,saved,True,False,False,85,15,0,0,5,16
default,dqn,7,stochastic,97,50097,3.0,17,True,False,success,saved,True,False,False,83,17,0,0,7,17
default,dqn,7,stochastic,98,50098,5.0,15,True,False,success,saved,True,False,False,85,15,0,0,5,15
default,dqn,7,stochastic,99,50099,4.0,16,True,False,success,saved,True,False,False,85,15,0,0,5,16
default,dqn,314,deterministic,0,50000,5.0,15,True,False,success,saved,True,False,False,85,15,0,0,5,15
default,dqn,314,deterministic,1,50001,5.0,15,True,False,success,saved,True,False,False,85,15,0,0,5,15
default,dqn,314,deterministic,2,50002,5.0,15,True,False,success,saved,True,False,False,85,15,0,0,5,15
default,dqn,314,deterministic,3,50003,5.0,15,True,False,success,saved,True,False,False,85,15,0,0,5,15
default,dqn,314,deterministic,4,50004,5.0,15,True,False,success,saved,True,False,False,85,15,0,0,5,15
default,dqn,314,deterministic,5,50005,5.0,15,True,False,success,saved,True,False,False,85,15,0,0,5,15
default,dqn,314,deterministic,6,50006,5.0,15,True,False,success,saved,True,False,False,85,15,0,0,5,15
default,dqn,314,deterministic,7,50007,5.0,15,True,False,success,saved,True,False,False,85,15,0,0,5,15
default,dqn,314,deterministic,8,50008,5.0,15,True,False,success,saved,True,False,False,85,15,0,0,5,15
default,dqn,314,deterministic,9,50009,5.0,15,True,False,success,saved,True,False,False,85,15,0,0,5,15
default,dqn,314,deterministic,10,50010,5.0,15,True,False,success,saved,True,False,False,85,15,0,0,5,15
default,dqn,314,deterministic,11,50011,5.0,15,True,False,success,saved,True,False,False,85,15,0,0,5,15
default,dqn,314,deterministic,12,50012,5.0,15,True,False,success,saved,True,False,False,85,15,0,0,5,15
default,dqn,314,deterministic,13,50013,5.0,15,True,False,success,saved,True,False,False,85,15,0,0,5,15
default,dqn,314,deterministic,14,50014,5.0,15,True,False,success,saved,True,False,False,85,15,0,0,5,15
default,dqn,314,deterministic,15,50015,5.0,15,True,False,success,saved,True,False,False,85,15,0,0,5,15
default,dqn,314,deterministic,16,50016,5.0,15,True,False,success,saved,True,False,False,85,15,0,0,5,15
default,dqn,314,deterministic,17,50017,5.0,15,True,False,success,saved,True,False,False,85,15,0,0,5,15
default,dqn,314,deterministic,18,50018,5.0,15,True,False,success,saved,True,False,False,85,15,0,0,5,15
default,dqn,314,deterministic,19,50019,5.0,15,True,False,success,saved,True,False,False,85,15,0,0,5,15
default,dqn,314,deterministic,20,50020,5.0,15,True,False,success,saved,True,False,False,85,15,0,0,5,15
default,dqn,314,deterministic,21,50021,5.0,15,True,False,success,saved,True,False,False,85,15,0,0,5,15
default,dqn,314,deterministic,22,50022,5.0,15,True,False,success,saved,True,False,False,85,15,0,0,5,15
default,dqn,314,deterministic,23,50023,5.0,15,True,False,success,saved,True,False,False,85,15,0,0,5,15
default,dqn,314,deterministic,24,50024,5.0,15,True,False,success,saved,True,False,False,85,15,0,0,5,15
default,dqn,314,deterministic,25,50025,5.0,15,True,False,success,saved,True,False,False,85,15,0,0,5,15
default,dqn,314,deterministic,26,50026,5.0,15,True,False,success,saved,True,False,False,85,15,0,0,5,15
default,dqn,314,deterministic,27,50027,5.0,15,True,False,success,saved,True,False,False,85,15,0,0,5,15
default,dqn,314,deterministic,28,50028,5.0,15,True,False,success,saved,True,False,False,85,15,0,0,5,15
default,dqn,314,deterministic,29,50029,5.0,15,True,False,success,saved,True,False,False,85,15,0,0,5,15
default,dqn,314,deterministic,30,50030,5.0,15,True,False,success,saved,True,False,False,85,15,0,0,5,15
default,dqn,314,deterministic,31,50031,5.0,15,True,False,success,saved,True,False,False,85,15,0,0,5,15
default,dqn,314,deterministic,32,50032,5.0,15,True,False,success,saved,True,False,False,85,15,0,0,5,15
default,dqn,314,deterministic,33,50033,5.0,15,True,False,success,saved,True,False,False,85,15,0,0,5,15
default,dqn,314,deterministic,34,50034,5.0,15,True,False,success,saved,True,False,False,85,15,0,0,5,15
default,dqn,314,deterministic,35,50035,5.0,15,True,False,success,saved,True,False,False,85,15,0,0,5,15
default,dqn,314,deterministic,36,50036,5.0,15,True,False,success,saved,True,False,False,85,15,0,0,5,15
default,dqn,314,deterministic,37,50037,5.0,15,True,False,success,saved,True,False,False,85,15,0,0,5,15
default,dqn,314,deterministic,38,50038,5.0,15,True,False,success,saved,True,False,False,85,15,0,0,5,15
default,dqn,314,deterministic,39,50039,5.0,15,True,False,success,saved,True,False,False,85,15,0,0,5,15
default,dqn,314,deterministic,40,50040,5.0,15,True,False,success,saved,True,False,False,85,15,0,0,5,15
default,dqn,314,deterministic,41,50041,5.0,15,True,False,success,saved,True,False,False,85,15,0,0,5,15
default,dqn,314,deterministic,42,50042,5.0,15,True,False,success,saved,True,False,False,85,15,0,0,5,15
default,dqn,314,deterministic,43,50043,5.0,15,True,False,success,saved,True,False,False,85,15,0,0,5,15
default,dqn,314,deterministic,44,50044,5.0,15,True,False,success,saved,True,False,False,85,15,0,0,5,15
default,dqn,314,deterministic,45,50045,5.0,15,True,False,success,saved,True,False,False,85,15,0,0,5,15
default,dqn,314,deterministic,46,50046,5.0,15,True,False,success,saved,True,False,False,85,15,0,0,5,15
default,dqn,314,deterministic,47,50047,5.0,15,True,False,success,saved,True,False,False,85,15,0,0,5,15
default,dqn,314,deterministic,48,50048,5.0,15,True,False,success,saved,True,False,False,85,15,0,0,5,15
default,dqn,314,deterministic,49,50049,5.0,15,True,False,success,saved,True,False,False,85,15,0,0,5,15
default,dqn,314,deterministic,50,50050,5.0,15,True,False,success,saved,True,False,False,85,15,0,0,5,15
default,dqn,314,deterministic,51,50051,5.0,15,True,False,success,saved,True,False,False,85,15,0,0,5,15
default,dqn,314,deterministic,52,50052,5.0,15,True,False,success,saved,True,False,False,85,15,0,0,5,15
default,dqn,314,deterministic,53,50053,5.0,15,True,False,success,saved,True,False,False,85,15,0,0,5,15
default,dqn,314,deterministic,54,50054,5.0,15,True,False,success,saved,True,False,False,85,15,0,0,5,15
default,dqn,314,deterministic,55,50055,5.0,15,True,False,success,saved,True,False,False,85,15,0,0,5,15
default,dqn,314,deterministic,56,50056,5.0,15,True,False,success,saved,True,False,False,85,15,0,0,5,15
default,dqn,314,deterministic,57,50057,5.0,15,True,False,success,saved,True,False,False,85,15,0,0,5,15
default,dqn,314,deterministic,58,50058,5.0,15,True,False,success,saved,True,False,False,85,15,0,0,5,15
default,dqn,314,deterministic,59,50059,5.0,15,True,False,success,saved,True,False,False,85,15,0,0,5,15
default,dqn,314,deterministic,60,50060,5.0,15,True,False,success,saved,True,False,False,85,15,0,0,5,15
default,dqn,314,deterministic,61,50061,5.0,15,True,False,success,saved,True,False,False,85,15,0,0,5,15
default,dqn,314,deterministic,62,50062,5.0,15,True,False,success,saved,True,False,False,85,15,0,0,5,15
default,dqn,314,deterministic,63,50063,5.0,15,True,False,success,saved,True,False,False,85,15,0,0,5,15
default,dqn,314,deterministic,64,50064,5.0,15,True,False,success,saved,True,False,False,85,15,0,0,5,15
default,dqn,314,deterministic,65,50065,5.0,15,True,False,success,saved,True,False,False,85,15,0,0,5,15
default,dqn,314,deterministic,66,50066,5.0,15,True,False,success,saved,True,False,False,85,15,0,0,5,15
default,dqn,314,deterministic,67,50067,5.0,15,True,False,success,saved,True,False,False,85,15,0,0,5,15
default,dqn,314,deterministic,68,50068,5.0,15,True,False,success,saved,True,False,False,85,15,0,0,5,15
default,dqn,314,deterministic,69,50069,5.0,15,True,False,success,saved,True,False,False,85,15,0,0,5,15
default,dqn,314,deterministic,70,50070,5.0,15,True,False,success,saved,True,False,False,85,15,0,0,5,15
default,dqn,314,deterministic,71,50071,5.0,15,True,False,success,saved,True,False,False,85,15,0,0,5,15
default,dqn,314,deterministic,72,50072,5.0,15,True,False,success,saved,True,False,False,85,15,0,0,5,15
default,dqn,314,deterministic,73,50073,5.0,15,True,False,success,saved,True,False,False,85,15,0,0,5,15
default,dqn,314,deterministic,74,50074,5.0,15,True,False,success,saved,True,False,False,85,15,0,0,5,15
default,dqn,314,deterministic,75,50075,5.0,15,True,False,success,saved,True,False,False,85,15,0,0,5,15
default,dqn,314,deterministic,76,50076,5.0,15,True,False,success,saved,True,False,False,85,15,0,0,5,15
default,dqn,314,deterministic,77,50077,5.0,15,True,False,success,saved,True,False,False,85,15,0,0,5,15
default,dqn,314,deterministic,78,50078,5.0,15,True,False,success,saved,True,False,False,85,15,0,0,5,15
default,dqn,314,deterministic,79,50079,5.0,15,True,False,success,saved,True,False,False,85,15,0,0,5,15
default,dqn,314,deterministic,80,50080,5.0,15,True,False,success,saved,True,False,False,85,15,0,0,5,15
default,dqn,314,deterministic,81,50081,5.0,15,True,False,success,saved,True,False,False,85,15,0,0,5,15
default,dqn,314,deterministic,82,50082,5.0,15,True,False,success,saved,True,False,False,85,15,0,0,5,15
default,dqn,314,deterministic,83,50083,5.0,15,True,False,success,saved,True,False,False,85,15,0,0,5,15
default,dqn,314,deterministic,84,50084,5.0,15,True,False,success,saved,True,False,False,85,15,0,0,5,15
default,dqn,314,deterministic,85,50085,5.0,15,True,False,success,saved,True,False,False,85,15,0,0,5,15
default,dqn,314,deterministic,86,50086,5.0,15,True,False,success,saved,True,False,False,85,15,0,0,5,15
default,dqn,314,deterministic,87,50087,5.0,15,True,False,success,saved,True,False,False,85,15,0,0,5,15
default,dqn,314,deterministic,88,50088,5.0,15,True,False,success,saved,True,False,False,85,15,0,0,5,15
default,dqn,314,deterministic,89,50089,5.0,15,True,False,success,saved,True,False,False,85,15,0,0,5,15
default,dqn,314,deterministic,90,50090,5.0,15,True,False,success,saved,True,False,False,85,15,0,0,5,15
default,dqn,314,deterministic,91,50091,5.0,15,True,False,success,saved,True,False,False,85,15,0,0,5,15
default,dqn,314,deterministic,92,50092,5.0,15,True,False,success,saved,True,False,False,85,15,0,0,5,15
default,dqn,314,deterministic,93,50093,5.0,15,True,False,success,saved,True,False,False,85,15,0,0,5,15
default,dqn,314,deterministic,94,50094,5.0,15,True,False,success,saved,True,False,False,85,15,0,0,5,15
default,dqn,314,deterministic,95,50095,5.0,15,True,False,success,saved,True,False,False,85,15,0,0,5,15
default,dqn,314,deterministic,96,50096,5.0,15,True,False,success,saved,True,False,False,85,15,0,0,5,15
default,dqn,314,deterministic,97,50097,5.0,15,True,False,success,saved,True,False,False,85,15,0,0,5,15
default,dqn,314,deterministic,98,50098,5.0,15,True,False,success,saved,True,False,False,85,15,0,0,5,15
default,dqn,314,deterministic,99,50099,5.0,15,True,False,success,saved,True,False,False,85,15,0,0,5,15
default,dqn,314,stochastic,0,50000,3.0,17,True,False,success,saved,True,False,False,83,17,0,0,7,17
default,dqn,314,stochastic,1,50001,5.0,15,True,False,success,saved,True,False,False,85,15,0,0,5,15
default,dqn,314,stochastic,2,50002,1.0,19,True,False,success,saved,True,False,False,68,32,1,0,8,19
default,dqn,314,stochastic,3,50003,4.0,16,True,False,success,saved,True,False,False,70,30,1,0,5,16
default,dqn,314,stochastic,4,50004,5.0,15,True,False,success,saved,True,False,False,85,15,0,0,5,15
default,dqn,314,stochastic,5,50005,2.0,18,True,False,success,saved,True,False,False,83,17,0,0,5,18
default,dqn,314,stochastic,6,50006,5.0,15,True,False,success,saved,True,False,False,85,15,0,0,5,15
default,dqn,314,stochastic,7,50007,4.0,16,True,False,success,saved,True,False,False,70,30,1,0,5,16
default,dqn,314,stochastic,8,50008,5.0,15,True,False,success,saved,True,False,False,85,15,0,0,5,15
default,dqn,314,stochastic,9,50009,4.0,16,True,False,success,saved,True,False,False,85,15,0,0,6,16
default,dqn,314,stochastic,10,50010,5.0,15,True,False,success,saved,True,False,False,85,15,0,0,5,15
default,dqn,314,stochastic,11,50011,5.0,15,True,False,success,saved,True,False,False,85,15,0,0,5,15
default,dqn,314,stochastic,12,50012,5.0,15,True,False,success,saved,True,False,False,85,15,0,0,5,15
default,dqn,314,stochastic,13,50013,2.0,18,True,False,success,saved,True,False,False,68,32,1,0,6,18
default,dqn,314,stochastic,14,50014,5.0,15,True,False,success,saved,True,False,False,85,15,0,0,5,15
default,dqn,314,stochastic,15,50015,3.0,17,True,False,success,saved,True,False,False,81,19,0,0,5,17
default,dqn,314,stochastic,16,50016,3.0,17,True,False,success,saved,True,False,False,70,30,1,0,6,17
default,dqn,314,stochastic,17,50017,2.0,18,True,False,success,saved,True,False,False,83,17,0,0,6,18
default,dqn,314,stochastic,18,50018,3.0,17,True,False,success,saved,True,False,False,83,17,0,0,7,17
default,dqn,314,stochastic,19,50019,5.0,15,True,False,success,saved,True,False,False,85,15,0,0,5,15
default,dqn,314,stochastic,20,50020,4.0,16,True,False,success,saved,True,False,False,85,15,0,0,6,16
default,dqn,314,stochastic,21,50021,5.0,15,True,False,success,saved,True,False,False,85,15,0,0,5,15
default,dqn,314,stochastic,22,50022,3.0,17,True,False,success,saved,True,False,False,83,17,0,0,7,17
default,dqn,314,stochastic,23,50023,4.0,16,True,False,success,saved,True,False,False,70,30,1,0,6,16
default,dqn,314,stochastic,24,50024,4.0,16,True,False,success,saved,True,False,False,85,15,0,0,6,16
default,dqn,314,stochastic,25,50025,5.0,15,True,False,success,saved,True,False,False,85,15,0,0,5,15
default,dqn,314,stochastic,26,50026,4.0,16,True,False,success,saved,True,False,False,70,30,1,0,5,16
default,dqn,314,stochastic,27,50027,5.0,15,True,False,success,saved,True,False,False,85,15,0,0,5,15
default,dqn,314,stochastic,28,50028,5.0,15,True,False,success,saved,True,False,False,85,15,0,0,5,15
default,dqn,314,stochastic,29,50029,3.0,17,True,False,success,saved,True,False,False,83,17,0,0,5,17
default,dqn,314,stochastic,30,50030,3.0,17,True,False,success,saved,True,False,False,83,17,0,0,7,17
default,dqn,314,stochastic,31,50031,5.0,15,True,False,success,saved,True,False,False,85,15,0,0,5,15
default,dqn,314,stochastic,32,50032,4.0,16,True,False,success,saved,True,False,False,85,15,0,0,6,16
default,dqn,314,stochastic,33,50033,1.0,19,True,False,success,saved,True,False,False,83,17,0,0,5,19
default,dqn,314,stochastic,34,50034,5.0,15,True,False,success,saved,True,False,False,85,15,0,0,5,15
default,dqn,314,stochastic,35,50035,5.0,15,True,False,success,saved,True,False,False,85,15,0,0,5,15
default,dqn,314,stochastic,36,50036,4.0,16,True,False,success,saved,True,False,False,85,15,0,0,6,16
default,dqn,314,stochastic,37,50037,3.0,17,True,False,success,saved,True,False,False,83,17,0,0,7,17
default,dqn,314,stochastic,38,50038,2.0,18,True,False,success,saved,True,False,False,68,32,1,0,7,18
default,dqn,314,stochastic,39,50039,3.0,17,True,False,success,saved,True,False,False,83,17,0,0,5,17
default,dqn,314,stochastic,40,50040,3.0,17,True,False,success,saved,True,False,False,83,17,0,0,5,17
default,dqn,314,stochastic,41,50041,5.0,15,True,False,success,saved,True,False,False,85,15,0,0,5,15
default,dqn,314,stochastic,42,50042,5.0,15,True,False,success,saved,True,False,False,85,15,0,0,5,15
default,dqn,314,stochastic,43,50043,5.0,15,True,False,success,saved,True,False,False,85,15,0,0,5,15
default,dqn,314,stochastic,44,50044,5.0,15,True,False,success,saved,True,False,False,85,15,0,0,5,15
default,dqn,314,stochastic,45,50045,3.0,17,True,False,success,saved,True,False,False,83,17,0,0,7,17
default,dqn,314,stochastic,46,50046,5.0,15,True,False,success,saved,True,False,False,85,15,0,0,5,15
default,dqn,314,stochastic,47,50047,5.0,15,True,False,success,saved,True,False,False,85,15,0,0,5,15
default,dqn,314,stochastic,48,50048,5.0,15,True,False,success,saved,True,False,False,85,15,0,0,5,15
default,dqn,314,stochastic,49,50049,5.0,15,True,False,success,saved,True,False,False,85,15,0,0,5,15
default,dqn,314,stochastic,50,50050,4.0,16,True,False,success,saved,True,False,False,70,30,1,0,5,16
default,dqn,314,stochastic,51,50051,5.0,15,True,False,success,saved,True,False,False,85,15,0,0,5,15
default,dqn,314,stochastic,52,50052,5.0,15,True,False,success,saved,True,False,False,85,15,0,0,5,15
default,dqn,314,stochastic,53,50053,2.0,18,True,False,success,saved,True,False,False,83,17,0,0,8,18
default,dqn,314,stochastic,54,50054,5.0,15,True,False,success,saved,True,False,False,85,15,0,0,5,15
default,dqn,314,stochastic,55,50055,5.0,15,True,False,success,saved,True,False,False,85,15,0,0,5,15
default,dqn,314,stochastic,56,50056,3.0,17,True,False,success,saved,True,False,False,83,17,0,0,5,17
default,dqn,314,stochastic,57,50057,5.0,15,True,False,success,saved,True,False,False,85,15,0,0,5,15
default,dqn,314,stochastic,58,50058,4.0,16,True,False,success,saved,True,False,False,85,15,0,0,5,16
default,dqn,314,stochastic,59,50059,4.0,16,True,False,success,saved,True,False,False,70,30,1,0,5,16
default,dqn,314,stochastic,60,50060,5.0,15,True,False,success,saved,True,False,False,85,15,0,0,5,15
default,dqn,314,stochastic,61,50061,5.0,15,True,False,success,saved,True,False,False,85,15,0,0,5,15
default,dqn,314,stochastic,62,50062,5.0,15,True,False,success,saved,True,False,False,85,15,0,0,5,15
default,dqn,314,stochastic,63,50063,4.0,16,True,False,success,saved,True,False,False,85,15,0,0,6,16
default,dqn,314,stochastic,64,50064,5.0,15,True,False,success,saved,True,False,False,85,15,0,0,5,15
default,dqn,314,stochastic,65,50065,5.0,15,True,False,success,saved,True,False,False,85,15,0,0,5,15
default,dqn,314,stochastic,66,50066,5.0,15,True,False,success,saved,True,False,False,85,15,0,0,5,15
default,dqn,314,stochastic,67,50067,3.0,17,True,False,success,saved,True,False,False,83,17,0,0,5,17
default,dqn,314,stochastic,68,50068,4.0,16,True,False,success,saved,True,False,False,85,15,0,0,6,16
default,dqn,314,stochastic,69,50069,3.0,17,True,False,success,saved,True,False,False,83,17,0,0,7,17
default,dqn,314,stochastic,70,50070,3.0,17,True,False,success,saved,True,False,False,83,17,0,0,5,17
default,dqn,314,stochastic,71,50071,4.0,16,True,False,success,saved,True,False,False,85,15,0,0,6,16
default,dqn,314,stochastic,72,50072,1.0,19,True,False,success,saved,True,False,False,83,17,0,0,7,19
default,dqn,314,stochastic,73,50073,5.0,15,True,False,success,saved,True,False,False,85,15,0,0,5,15
default,dqn,314,stochastic,74,50074,5.0,15,True,False,success,saved,True,False,False,85,15,0,0,5,15
default,dqn,314,stochastic,75,50075,3.0,17,True,False,success,saved,True,False,False,83,17,0,0,7,17
default,dqn,314,stochastic,76,50076,5.0,15,True,False,success,saved,True,False,False,85,15,0,0,5,15
default,dqn,314,stochastic,77,50077,2.0,18,True,False,success,saved,True,False,False,83,17,0,0,8,18
default,dqn,314,stochastic,78,50078,5.0,15,True,False,success,saved,True,False,False,85,15,0,0,5,15
default,dqn,314,stochastic,79,50079,5.0,15,True,False,success,saved,True,False,False,85,15,0,0,5,15
default,dqn,314,stochastic,80,50080,1.0,19,True,False,success,saved,True,False,False,81,19,0,0,7,19
default,dqn,314,stochastic,81,50081,3.0,17,True,False,success,saved,True,False,False,85,15,0,0,5,17
default,dqn,314,stochastic,82,50082,3.0,17,True,False,success,saved,True,False,False,83,17,0,0,5,17
default,dqn,314,stochastic,83,50083,3.0,17,True,False,success,saved,True,False,False,85,15,0,0,5,17
default,dqn,314,stochastic,84,50084,4.0,16,True,False,success,saved,True,False,False,85,15,0,0,6,16
default,dqn,314,stochastic,85,50085,5.0,15,True,False,success,saved,True,False,False,85,15,0,0,5,15
default,dqn,314,stochastic,86,50086,5.0,15,True,False,success,saved,True,False,False,85,15,0,0,5,15
default,dqn,314,stochastic,87,50087,3.0,17,True,False,success,saved,True,False,False,83,17,0,0,7,17
default,dqn,314,stochastic,88,50088,5.0,15,True,False,success,saved,True,False,False,85,15,0,0,5,15
default,dqn,314,stochastic,89,50089,4.0,16,True,False,success,saved,True,False,False,85,15,0,0,5,16
default,dqn,314,stochastic,90,50090,5.0,15,True,False,success,saved,True,False,False,85,15,0,0,5,15
default,dqn,314,stochastic,91,50091,4.0,16,True,False,success,saved,True,False,False,85,15,0,0,6,16
default,dqn,314,stochastic,92,50092,4.0,16,True,False,success,saved,True,False,False,85,15,0,0,6,16
default,dqn,314,stochastic,93,50093,4.0,16,True,False,success,saved,True,False,False,70,30,1,0,5,16
default,dqn,314,stochastic,94,50094,5.0,15,True,False,success,saved,True,False,False,85,15,0,0,5,15
default,dqn,314,stochastic,95,50095,5.0,15,True,False,success,saved,True,False,False,85,15,0,0,5,15
default,dqn,314,stochastic,96,50096,5.0,15,True,False,success,saved,True,False,False,85,15,0,0,5,15
default,dqn,314,stochastic,97,50097,4.0,16,True,False,success,saved,True,False,False,85,15,0,0,5,16
default,dqn,314,stochastic,98,50098,3.0,17,True,False,success,saved,True,False,False,83,17,0,0,7,17
default,dqn,314,stochastic,99,50099,3.0,17,True,False,success,saved,True,False,False,70,30,1,0,7,17
tuned,ppo,42,deterministic,0,50000,5.0,15,True,False,success,saved,True,False,False,85,15,0,0,5,15
tuned,ppo,42,deterministic,1,50001,5.0,15,True,False,success,saved,True,False,False,85,15,0,0,5,15
tuned,ppo,42,deterministic,2,50002,5.0,15,True,False,success,saved,True,False,False,85,15,0,0,5,15
tuned,ppo,42,deterministic,3,50003,5.0,15,True,False,success,saved,True,False,False,85,15,0,0,5,15
tuned,ppo,42,deterministic,4,50004,5.0,15,True,False,success,saved,True,False,False,85,15,0,0,5,15
tuned,ppo,42,deterministic,5,50005,5.0,15,True,False,success,saved,True,False,False,85,15,0,0,5,15
tuned,ppo,42,deterministic,6,50006,5.0,15,True,False,success,saved,True,False,False,85,15,0,0,5,15
tuned,ppo,42,deterministic,7,50007,5.0,15,True,False,success,saved,True,False,False,81,19,0,0,5,15
tuned,ppo,42,deterministic,8,50008,5.0,15,True,False,success,saved,True,False,False,85,15,0,0,5,15
tuned,ppo,42,deterministic,9,50009,5.0,15,True,False,success,saved,True,False,False,83,17,0,0,5,15
tuned,ppo,42,deterministic,10,50010,5.0,15,True,False,success,saved,True,False,False,85,15,0,0,5,15
tuned,ppo,42,deterministic,11,50011,5.0,15,True,False,success,saved,True,False,False,85,15,0,0,5,15
tuned,ppo,42,deterministic,12,50012,5.0,15,True,False,success,saved,True,False,False,85,15,0,0,5,15
tuned,ppo,42,deterministic,13,50013,5.0,15,True,False,success,saved,True,False,False,85,15,0,0,5,15
tuned,ppo,42,deterministic,14,50014,5.0,15,True,False,success,saved,True,False,False,85,15,0,0,5,15
tuned,ppo,42,deterministic,15,50015,5.0,15,True,False,success,saved,True,False,False,85,15,0,0,5,15
tuned,ppo,42,deterministic,16,50016,5.0,15,True,False,success,saved,True,False,False,85,15,0,0,5,15
tuned,ppo,42,deterministic,17,50017,5.0,15,True,False,success,saved,True,False,False,85,15,0,0,5,15
tuned,ppo,42,deterministic,18,50018,5.0,15,True,False,success,saved,True,False,False,85,15,0,0,5,15
tuned,ppo,42,deterministic,19,50019,5.0,15,True,False,success,saved,True,False,False,85,15,0,0,5,15
tuned,ppo,42,deterministic,20,50020,5.0,15,True,False,success,saved,True,False,False,85,15,0,0,5,15
tuned,ppo,42,deterministic,21,50021,5.0,15,True,False,success,saved,True,False,False,85,15,0,0,5,15
tuned,ppo,42,deterministic,22,50022,5.0,15,True,False,success,saved,True,False,False,85,15,0,0,5,15
tuned,ppo,42,deterministic,23,50023,5.0,15,True,False,success,saved,True,False,False,85,15,0,0,5,15
tuned,ppo,42,deterministic,24,50024,5.0,15,True,False,success,saved,True,False,False,85,15,0,0,5,15
tuned,ppo,42,deterministic,25,50025,5.0,15,True,False,success,saved,True,False,False,85,15,0,0,5,15
tuned,ppo,42,deterministic,26,50026,5.0,15,True,False,success,saved,True,False,False,85,15,0,0,5,15
tuned,ppo,42,deterministic,27,50027,5.0,15,True,False,success,saved,True,False,False,85,15,0,0,5,15
tuned,ppo,42,deterministic,28,50028,5.0,15,True,False,success,saved,True,False,False,85,15,0,0,5,15
tuned,ppo,42,deterministic,29,50029,5.0,15,True,False,success,saved,True,False,False,85,15,0,0,5,15
tuned,ppo,42,deterministic,30,50030,5.0,15,True,False,success,saved,True,False,False,85,15,0,0,5,15
tuned,ppo,42,deterministic,31,50031,5.0,15,True,False,success,saved,True,False,False,85,15,0,0,5,15
tuned,ppo,42,deterministic,32,50032,5.0,15,True,False,success,saved,True,False,False,85,15,0,0,5,15
tuned,ppo,42,deterministic,33,50033,5.0,15,True,False,success,saved,True,False,False,85,15,0,0,5,15
tuned,ppo,42,deterministic,34,50034,5.0,15,True,False,success,saved,True,False,False,85,15,0,0,5,15
tuned,ppo,42,deterministic,35,50035,5.0,15,True,False,success,saved,True,False,False,85,15,0,0,5,15
tuned,ppo,42,deterministic,36,50036,5.0,15,True,False,success,saved,True,False,False,85,15,0,0,5,15
tuned,ppo,42,deterministic,37,50037,5.0,15,True,False,success,saved,True,False,False,85,15,0,0,5,15
tuned,ppo,42,deterministic,38,50038,5.0,15,True,False,success,saved,True,False,False,85,15,0,0,5,15
tuned,ppo,42,deterministic,39,50039,5.0,15,True,False,success,saved,True,False,False,85,15,0,0,5,15
tuned,ppo,42,deterministic,40,50040,5.0,15,True,False,success,saved,True,False,False,85,15,0,0,5,15
tuned,ppo,42,deterministic,41,50041,5.0,15,True,False,success,saved,True,False,False,85,15,0,0,5,15
tuned,ppo,42,deterministic,42,50042,5.0,15,True,False,success,saved,True,False,False,85,15,0,0,5,15
tuned,ppo,42,deterministic,43,50043,5.0,15,True,False,success,saved,True,False,False,85,15,0,0,5,15
tuned,ppo,42,deterministic,44,50044,5.0,15,True,False,success,saved,True,False,False,85,15,0,0,5,15
tuned,ppo,42,deterministic,45,50045,5.0,15,True,False,success,saved,True,False,False,85,15,0,0,5,15
tuned,ppo,42,deterministic,46,50046,5.0,15,True,False,success,saved,True,False,False,85,15,0,0,5,15
tuned,ppo,42,deterministic,47,50047,5.0,15,True,False,success,saved,True,False,False,85,15,0,0,5,15
tuned,ppo,42,deterministic,48,50048,5.0,15,True,False,success,saved,True,False,False,85,15,0,0,5,15
tuned,ppo,42,deterministic,49,50049,5.0,15,True,False,success,saved,True,False,False,85,15,0,0,5,15
tuned,ppo,42,deterministic,50,50050,5.0,15,True,False,success,saved,True,False,False,85,15,0,0,5,15
tuned,ppo,42,deterministic,51,50051,5.0,15,True,False,success,saved,True,False,False,85,15,0,0,5,15
tuned,ppo,42,deterministic,52,50052,5.0,15,True,False,success,saved,True,False,False,85,15,0,0,5,15
tuned,ppo,42,deterministic,53,50053,5.0,15,True,False,success,saved,True,False,False,85,15,0,0,5,15
tuned,ppo,42,deterministic,54,50054,5.0,15,True,False,success,saved,True,False,False,85,15,0,0,5,15
tuned,ppo,42,deterministic,55,50055,5.0,15,True,False,success,saved,True,False,False,85,15,0,0,5,15
tuned,ppo,42,deterministic,56,50056,5.0,15,True,False,success,saved,True,False,False,85,15,0,0,5,15
tuned,ppo,42,deterministic,57,50057,5.0,15,True,False,success,saved,True,False,False,85,15,0,0,5,15
tuned,ppo,42,deterministic,58,50058,5.0,15,True,False,success,saved,True,False,False,85,15,0,0,5,15
tuned,ppo,42,deterministic,59,50059,5.0,15,True,False,success,saved,True,False,False,85,15,0,0,5,15
tuned,ppo,42,deterministic,60,50060,5.0,15,True,False,success,saved,True,False,False,85,15,0,0,5,15
tuned,ppo,42,deterministic,61,50061,5.0,15,True,False,success,saved,True,False,False,85,15,0,0,5,15
tuned,ppo,42,deterministic,62,50062,5.0,15,True,False,success,saved,True,False,False,85,15,0,0,5,15
tuned,ppo,42,deterministic,63,50063,5.0,15,True,False,success,saved,True,False,False,85,15,0,0,5,15
tuned,ppo,42,deterministic,64,50064,5.0,15,True,False,success,saved,True,False,False,85,15,0,0,5,15
tuned,ppo,42,deterministic,65,50065,5.0,15,True,False,success,saved,True,False,False,85,15,0,0,5,15
tuned,ppo,42,deterministic,66,50066,5.0,15,True,False,success,saved,True,False,False,85,15,0,0,5,15
tuned,ppo,42,deterministic,67,50067,5.0,15,True,False,success,saved,True,False,False,85,15,0,0,5,15
tuned,ppo,42,deterministic,68,50068,5.0,15,True,False,success,saved,True,False,False,85,15,0,0,5,15
tuned,ppo,42,deterministic,69,50069,5.0,15,True,False,success,saved,True,False,False,85,15,0,0,5,15
tuned,ppo,42,deterministic,70,50070,5.0,15,True,False,success,saved,True,False,False,85,15,0,0,5,15
tuned,ppo,42,deterministic,71,50071,5.0,15,True,False,success,saved,True,False,False,85,15,0,0,5,15
tuned,ppo,42,deterministic,72,50072,5.0,15,True,False,success,saved,True,False,False,85,15,0,0,5,15
tuned,ppo,42,deterministic,73,50073,5.0,15,True,False,success,saved,True,False,False,85,15,0,0,5,15
tuned,ppo,42,deterministic,74,50074,5.0,15,True,False,success,saved,True,False,False,85,15,0,0,5,15
tuned,ppo,42,deterministic,75,50075,5.0,15,True,False,success,saved,True,False,False,85,15,0,0,5,15
tuned,ppo,42,deterministic,76,50076,5.0,15,True,False,success,saved,True,False,False,85,15,0,0,5,15
tuned,ppo,42,deterministic,77,50077,5.0,15,True,False,success,saved,True,False,False,85,15,0,0,5,15
tuned,ppo,42,deterministic,78,50078,5.0,15,True,False,success,saved,True,False,False,85,15,0,0,5,15
tuned,ppo,42,deterministic,79,50079,5.0,15,True,False,success,saved,True,False,False,85,15,0,0,5,15
tuned,ppo,42,deterministic,80,50080,5.0,15,True,False,success,saved,True,False,False,85,15,0,0,5,15
tuned,ppo,42,deterministic,81,50081,5.0,15,True,False,success,saved,True,False,False,85,15,0,0,5,15
tuned,ppo,42,deterministic,82,50082,5.0,15,True,False,success,saved,True,False,False,85,15,0,0,5,15
tuned,ppo,42,deterministic,83,50083,5.0,15,True,False,success,saved,True,False,False,85,15,0,0,5,15
tuned,ppo,42,deterministic,84,50084,5.0,15,True,False,success,saved,True,False,False,85,15,0,0,5,15
tuned,ppo,42,deterministic,85,50085,5.0,15,True,False,success,saved,True,False,False,85,15,0,0,5,15
tuned,ppo,42,deterministic,86,50086,5.0,15,True,False,success,saved,True,False,False,85,15,0,0,5,15
tuned,ppo,42,deterministic,87,50087,5.0,15,True,False,success,saved,True,False,False,85,15,0,0,5,15
tuned,ppo,42,deterministic,88,50088,5.0,15,True,False,success,saved,True,False,False,85,15,0,0,5,15
tuned,ppo,42,deterministic,89,50089,5.0,15,True,False,success,saved,True,False,False,85,15,0,0,5,15
tuned,ppo,42,deterministic,90,50090,5.0,15,True,False,success,saved,True,False,False,85,15,0,0,5,15
tuned,ppo,42,deterministic,91,50091,5.0,15,True,False,success,saved,True,False,False,85,15,0,0,5,15
tuned,ppo,42,deterministic,92,50092,5.0,15,True,False,success,saved,True,False,False,85,15,0,0,5,15
tuned,ppo,42,deterministic,93,50093,5.0,15,True,False,success,saved,True,False,False,85,15,0,0,5,15
tuned,ppo,42,deterministic,94,50094,5.0,15,True,False,success,saved,True,False,False,85,15,0,0,5,15
tuned,ppo,42,deterministic,95,50095,5.0,15,True,False,success,saved,True,False,False,85,15,0,0,5,15
tuned,ppo,42,deterministic,96,50096,5.0,15,True,False,success,saved,True,False,False,85,15,0,0,5,15
tuned,ppo,42,deterministic,97,50097,5.0,15,True,False,success,saved,True,False,False,85,15,0,0,5,15
tuned,ppo,42,deterministic,98,50098,5.0,15,True,False,success,saved,True,False,False,85,15,0,0,5,15
tuned,ppo,42,deterministic,99,50099,5.0,15,True,False,success,saved,True,False,False,85,15,0,0,5,15
tuned,ppo,42,stochastic,0,50000,5.0,15,True,False,success,saved,True,False,False,85,15,0,0,5,15
tuned,ppo,42,stochastic,1,50001,5.0,15,True,False,success,saved,True,False,False,85,15,0,0,5,15
tuned,ppo,42,stochastic,2,50002,5.0,15,True,False,success,saved,True,False,False,85,15,0,0,5,15
tuned,ppo,42,stochastic,3,50003,5.0,15,True,False,success,saved,True,False,False,85,15,0,0,5,15
tuned,ppo,42,stochastic,4,50004,4.0,16,True,False,success,saved,True,False,False,85,15,0,0,5,16
tuned,ppo,42,stochastic,5,50005,5.0,15,True,False,success,saved,True,False,False,85,15,0,0,5,15
tuned,ppo,42,stochastic,6,50006,5.0,15,True,False,success,saved,True,False,False,85,15,0,0,5,15
tuned,ppo,42,stochastic,7,50007,5.0,15,True,False,success,saved,True,False,False,81,19,0,0,5,15
tuned,ppo,42,stochastic,8,50008,5.0,15,True,False,success,saved,True,False,False,85,15,0,0,5,15
tuned,ppo,42,stochastic,9,50009,5.0,15,True,False,success,saved,True,False,False,83,17,0,0,5,15
tuned,ppo,42,stochastic,10,50010,5.0,15,True,False,success,saved,True,False,False,85,15,0,0,5,15
tuned,ppo,42,stochastic,11,50011,5.0,15,True,False,success,saved,True,False,False,85,15,0,0,5,15
tuned,ppo,42,stochastic,12,50012,5.0,15,True,False,success,saved,True,False,False,85,15,0,0,5,15
tuned,ppo,42,stochastic,13,50013,5.0,15,True,False,success,saved,True,False,False,85,15,0,0,5,15
tuned,ppo,42,stochastic,14,50014,5.0,15,True,False,success,saved,True,False,False,85,15,0,0,5,15
tuned,ppo,42,stochastic,15,50015,5.0,15,True,False,success,saved,True,False,False,85,15,0,0,5,15
tuned,ppo,42,stochastic,16,50016,5.0,15,True,False,success,saved,True,False,False,85,15,0,0,5,15
tuned,ppo,42,stochastic,17,50017,5.0,15,True,False,success,saved,True,False,False,85,15,0,0,5,15
tuned,ppo,42,stochastic,18,50018,5.0,15,True,False,success,saved,True,False,False,85,15,0,0,5,15
tuned,ppo,42,stochastic,19,50019,5.0,15,True,False,success,saved,True,False,False,85,15,0,0,5,15
tuned,ppo,42,stochastic,20,50020,5.0,15,True,False,success,saved,True,False,False,85,15,0,0,5,15
tuned,ppo,42,stochastic,21,50021,5.0,15,True,False,success,saved,True,False,False,85,15,0,0,5,15
tuned,ppo,42,stochastic,22,50022,5.0,15,True,False,success,saved,True,False,False,85,15,0,0,5,15
tuned,ppo,42,stochastic,23,50023,5.0,15,True,False,success,saved,True,False,False,85,15,0,0,5,15
tuned,ppo,42,stochastic,24,50024,5.0,15,True,False,success,saved,True,False,False,85,15,0,0,5,15
tuned,ppo,42,stochastic,25,50025,5.0,15,True,False,success,saved,True,False,False,85,15,0,0,5,15
tuned,ppo,42,stochastic,26,50026,5.0,15,True,False,success,saved,True,False,False,85,15,0,0,5,15
tuned,ppo,42,stochastic,27,50027,5.0,15,True,False,success,saved,True,False,False,85,15,0,0,5,15
tuned,ppo,42,stochastic,28,50028,5.0,15,True,False,success,saved,True,False,False,85,15,0,0,5,15
tuned,ppo,42,stochastic,29,50029,5.0,15,True,False,success,saved,True,False,False,85,15,0,0,5,15
tuned,ppo,42,stochastic,30,50030,5.0,15,True,False,success,saved,True,False,False,85,15,0,0,5,15
tuned,ppo,42,stochastic,31,50031,5.0,15,True,False,success,saved,True,False,False,85,15,0,0,5,15
tuned,ppo,42,stochastic,32,50032,5.0,15,True,False,success,saved,True,False,False,85,15,0,0,5,15
tuned,ppo,42,stochastic,33,50033,5.0,15,True,False,success,saved,True,False,False,85,15,0,0,5,15
tuned,ppo,42,stochastic,34,50034,5.0,15,True,False,success,saved,True,False,False,85,15,0,0,5,15
tuned,ppo,42,stochastic,35,50035,5.0,15,True,False,success,saved,True,False,False,85,15,0,0,5,15
tuned,ppo,42,stochastic,36,50036,5.0,15,True,False,success,saved,True,False,False,85,15,0,0,5,15
tuned,ppo,42,stochastic,37,50037,5.0,15,True,False,success,saved,True,False,False,85,15,0,0,5,15
tuned,ppo,42,stochastic,38,50038,5.0,15,True,False,success,saved,True,False,False,85,15,0,0,5,15
tuned,ppo,42,stochastic,39,50039,5.0,15,True,False,success,saved,True,False,False,85,15,0,0,5,15
tuned,ppo,42,stochastic,40,50040,5.0,15,True,False,success,saved,True,False,False,85,15,0,0,5,15
tuned,ppo,42,stochastic,41,50041,5.0,15,True,False,success,saved,True,False,False,85,15,0,0,5,15
tuned,ppo,42,stochastic,42,50042,5.0,15,True,False,success,saved,True,False,False,85,15,0,0,5,15
tuned,ppo,42,stochastic,43,50043,5.0,15,True,False,success,saved,True,False,False,85,15,0,0,5,15
tuned,ppo,42,stochastic,44,50044,5.0,15,True,False,success,saved,True,False,False,85,15,0,0,5,15
tuned,ppo,42,stochastic,45,50045,5.0,15,True,False,success,saved,True,False,False,85,15,0,0,5,15
tuned,ppo,42,stochastic,46,50046,5.0,15,True,False,success,saved,True,False,False,85,15,0,0,5,15
tuned,ppo,42,stochastic,47,50047,5.0,15,True,False,success,saved,True,False,False,85,15,0,0,5,15
tuned,ppo,42,stochastic,48,50048,5.0,15,True,False,success,saved,True,False,False,85,15,0,0,5,15
tuned,ppo,42,stochastic,49,50049,5.0,15,True,False,success,saved,True,False,False,85,15,0,0,5,15
tuned,ppo,42,stochastic,50,50050,5.0,15,True,False,success,saved,True,False,False,85,15,0,0,5,15
tuned,ppo,42,stochastic,51,50051,5.0,15,True,False,success,saved,True,False,False,85,15,0,0,5,15
tuned,ppo,42,stochastic,52,50052,5.0,15,True,False,success,saved,True,False,False,85,15,0,0,5,15
tuned,ppo,42,stochastic,53,50053,5.0,15,True,False,success,saved,True,False,False,85,15,0,0,5,15
tuned,ppo,42,stochastic,54,50054,5.0,15,True,False,success,saved,True,False,False,85,15,0,0,5,15
tuned,ppo,42,stochastic,55,50055,5.0,15,True,False,success,saved,True,False,False,85,15,0,0,5,15
tuned,ppo,42,stochastic,56,50056,5.0,15,True,False,success,saved,True,False,False,85,15,0,0,5,15
tuned,ppo,42,stochastic,57,50057,5.0,15,True,False,success,saved,True,False,False,85,15,0,0,5,15
tuned,ppo,42,stochastic,58,50058,5.0,15,True,False,success,saved,True,False,False,85,15,0,0,5,15
tuned,ppo,42,stochastic,59,50059,5.0,15,True,False,success,saved,True,False,False,85,15,0,0,5,15
tuned,ppo,42,stochastic,60,50060,5.0,15,True,False,success,saved,True,False,False,85,15,0,0,5,15
tuned,ppo,42,stochastic,61,50061,5.0,15,True,False,success,saved,True,False,False,85,15,0,0,5,15
tuned,ppo,42,stochastic,62,50062,5.0,15,True,False,success,saved,True,False,False,85,15,0,0,5,15
tuned,ppo,42,stochastic,63,50063,5.0,15,True,False,success,saved,True,False,False,85,15,0,0,5,15
tuned,ppo,42,stochastic,64,50064,5.0,15,True,False,success,saved,True,False,False,85,15,0,0,5,15
tuned,ppo,42,stochastic,65,50065,5.0,15,True,False,success,saved,True,False,False,85,15,0,0,5,15
tuned,ppo,42,stochastic,66,50066,5.0,15,True,False,success,saved,True,False,False,85,15,0,0,5,15
tuned,ppo,42,stochastic,67,50067,5.0,15,True,False,success,saved,True,False,False,85,15,0,0,5,15
tuned,ppo,42,stochastic,68,50068,5.0,15,True,False,success,saved,True,False,False,85,15,0,0,5,15
tuned,ppo,42,stochastic,69,50069,5.0,15,True,False,success,saved,True,False,False,85,15,0,0,5,15
tuned,ppo,42,stochastic,70,50070,5.0,15,True,False,success,saved,True,False,False,85,15,0,0,5,15
tuned,ppo,42,stochastic,71,50071,5.0,15,True,False,success,saved,True,False,False,85,15,0,0,5,15
tuned,ppo,42,stochastic,72,50072,5.0,15,True,False,success,saved,True,False,False,85,15,0,0,5,15
tuned,ppo,42,stochastic,73,50073,5.0,15,True,False,success,saved,True,False,False,85,15,0,0,5,15
tuned,ppo,42,stochastic,74,50074,5.0,15,True,False,success,saved,True,False,False,85,15,0,0,5,15
tuned,ppo,42,stochastic,75,50075,5.0,15,True,False,success,saved,True,False,False,85,15,0,0,5,15
tuned,ppo,42,stochastic,76,50076,5.0,15,True,False,success,saved,True,False,False,85,15,0,0,5,15
tuned,ppo,42,stochastic,77,50077,5.0,15,True,False,success,saved,True,False,False,85,15,0,0,5,15
tuned,ppo,42,stochastic,78,50078,5.0,15,True,False,success,saved,True,False,False,85,15,0,0,5,15
tuned,ppo,42,stochastic,79,50079,5.0,15,True,False,success,saved,True,False,False,85,15,0,0,5,15
tuned,ppo,42,stochastic,80,50080,5.0,15,True,False,success,saved,True,False,False,85,15,0,0,5,15
tuned,ppo,42,stochastic,81,50081,5.0,15,True,False,success,saved,True,False,False,85,15,0,0,5,15
tuned,ppo,42,stochastic,82,50082,5.0,15,True,False,success,saved,True,False,False,85,15,0,0,5,15
tuned,ppo,42,stochastic,83,50083,5.0,15,True,False,success,saved,True,False,False,85,15,0,0,5,15
tuned,ppo,42,stochastic,84,50084,5.0,15,True,False,success,saved,True,False,False,85,15,0,0,5,15
tuned,ppo,42,stochastic,85,50085,5.0,15,True,False,success,saved,True,False,False,85,15,0,0,5,15
tuned,ppo,42,stochastic,86,50086,4.0,16,True,False,success,saved,True,False,False,85,15,0,0,5,16
tuned,ppo,42,stochastic,87,50087,5.0,15,True,False,success,saved,True,False,False,85,15,0,0,5,15
tuned,ppo,42,stochastic,88,50088,5.0,15,True,False,success,saved,True,False,False,85,15,0,0,5,15
tuned,ppo,42,stochastic,89,50089,5.0,15,True,False,success,saved,True,False,False,85,15,0,0,5,15
tuned,ppo,42,stochastic,90,50090,5.0,15,True,False,success,saved,True,False,False,85,15,0,0,5,15
tuned,ppo,42,stochastic,91,50091,5.0,15,True,False,success,saved,True,False,False,85,15,0,0,5,15
tuned,ppo,42,stochastic,92,50092,5.0,15,True,False,success,saved,True,False,False,85,15,0,0,5,15
tuned,ppo,42,stochastic,93,50093,5.0,15,True,False,success,saved,True,False,False,85,15,0,0,5,15
tuned,ppo,42,stochastic,94,50094,5.0,15,True,False,success,saved,True,False,False,85,15,0,0,5,15
tuned,ppo,42,stochastic,95,50095,5.0,15,True,False,success,saved,True,False,False,85,15,0,0,5,15
tuned,ppo,42,stochastic,96,50096,4.0,16,True,False,success,saved,True,False,False,85,15,0,0,5,16
tuned,ppo,42,stochastic,97,50097,4.0,16,True,False,success,saved,True,False,False,85,15,0,0,5,16
tuned,ppo,42,stochastic,98,50098,5.0,15,True,False,success,saved,True,False,False,85,15,0,0,5,15
tuned,ppo,42,stochastic,99,50099,5.0,15,True,False,success,saved,True,False,False,85,15,0,0,5,15
tuned,ppo,123,deterministic,0,50000,5.0,15,True,False,success,saved,True,False,False,85,15,0,0,5,15
tuned,ppo,123,deterministic,1,50001,5.0,15,True,False,success,saved,True,False,False,85,15,0,0,5,15
tuned,ppo,123,deterministic,2,50002,5.0,15,True,False,success,saved,True,False,False,85,15,0,0,5,15
tuned,ppo,123,deterministic,3,50003,5.0,15,True,False,success,saved,True,False,False,85,15,0,0,5,15
tuned,ppo,123,deterministic,4,50004,5.0,15,True,False,success,saved,True,False,False,85,15,0,0,5,15
tuned,ppo,123,deterministic,5,50005,5.0,15,True,False,success,saved,True,False,False,85,15,0,0,5,15
tuned,ppo,123,deterministic,6,50006,5.0,15,True,False,success,saved,True,False,False,85,15,0,0,5,15
tuned,ppo,123,deterministic,7,50007,5.0,15,True,False,success,saved,True,False,False,85,15,0,0,5,15
tuned,ppo,123,deterministic,8,50008,5.0,15,True,False,success,saved,True,False,False,85,15,0,0,5,15
tuned,ppo,123,deterministic,9,50009,5.0,15,True,False,success,saved,True,False,False,85,15,0,0,5,15
tuned,ppo,123,deterministic,10,50010,5.0,15,True,False,success,saved,True,False,False,85,15,0,0,5,15
tuned,ppo,123,deterministic,11,50011,5.0,15,True,False,success,saved,True,False,False,85,15,0,0,5,15
tuned,ppo,123,deterministic,12,50012,5.0,15,True,False,success,saved,True,False,False,85,15,0,0,5,15
tuned,ppo,123,deterministic,13,50013,5.0,15,True,False,success,saved,True,False,False,85,15,0,0,5,15
tuned,ppo,123,deterministic,14,50014,5.0,15,True,False,success,saved,True,False,False,85,15,0,0,5,15
tuned,ppo,123,deterministic,15,50015,-100.0,100,False,True,max_steps,with_robot,False,False,False,86,14,0,0,5,
tuned,ppo,123,deterministic,16,50016,5.0,15,True,False,success,saved,True,False,False,85,15,0,0,5,15
tuned,ppo,123,deterministic,17,50017,5.0,15,True,False,success,saved,True,False,False,85,15,0,0,5,15
tuned,ppo,123,deterministic,18,50018,5.0,15,True,False,success,saved,True,False,False,85,15,0,0,5,15
tuned,ppo,123,deterministic,19,50019,5.0,15,True,False,success,saved,True,False,False,85,15,0,0,5,15
tuned,ppo,123,deterministic,20,50020,5.0,15,True,False,success,saved,True,False,False,85,15,0,0,5,15
tuned,ppo,123,deterministic,21,50021,5.0,15,True,False,success,saved,True,False,False,85,15,0,0,5,15
tuned,ppo,123,deterministic,22,50022,5.0,15,True,False,success,saved,True,False,False,85,15,0,0,5,15
tuned,ppo,123,deterministic,23,50023,-4.0,24,True,False,success,saved,True,False,False,85,15,0,0,5,24
tuned,ppo,123,deterministic,24,50024,5.0,15,True,False,success,saved,True,False,False,85,15,0,0,5,15
tuned,ppo,123,deterministic,25,50025,5.0,15,True,False,success,saved,True,False,False,85,15,0,0,5,15
tuned,ppo,123,deterministic,26,50026,5.0,15,True,False,success,saved,True,False,False,85,15,0,0,5,15
tuned,ppo,123,deterministic,27,50027,5.0,15,True,False,success,saved,True,False,False,85,15,0,0,5,15
tuned,ppo,123,deterministic,28,50028,5.0,15,True,False,success,saved,True,False,False,85,15,0,0,5,15
tuned,ppo,123,deterministic,29,50029,5.0,15,True,False,success,saved,True,False,False,85,15,0,0,5,15
tuned,ppo,123,deterministic,30,50030,5.0,15,True,False,success,saved,True,False,False,85,15,0,0,5,15
tuned,ppo,123,deterministic,31,50031,5.0,15,True,False,success,saved,True,False,False,85,15,0,0,5,15
tuned,ppo,123,deterministic,32,50032,5.0,15,True,False,success,saved,True,False,False,85,15,0,0,5,15
tuned,ppo,123,deterministic,33,50033,5.0,15,True,False,success,saved,True,False,False,85,15,0,0,5,15
tuned,ppo,123,deterministic,34,50034,5.0,15,True,False,success,saved,True,False,False,85,15,0,0,5,15
tuned,ppo,123,deterministic,35,50035,5.0,15,True,False,success,saved,True,False,False,85,15,0,0,5,15
tuned,ppo,123,deterministic,36,50036,5.0,15,True,False,success,saved,True,False,False,85,15,0,0,5,15
tuned,ppo,123,deterministic,37,50037,5.0,15,True,False,success,saved,True,False,False,85,15,0,0,5,15
tuned,ppo,123,deterministic,38,50038,5.0,15,True,False,success,saved,True,False,False,85,15,0,0,5,15
tuned,ppo,123,deterministic,39,50039,5.0,15,True,False,success,saved,True,False,False,85,15,0,0,5,15
tuned,ppo,123,deterministic,40,50040,5.0,15,True,False,success,saved,True,False,False,85,15,0,0,5,15
tuned,ppo,123,deterministic,41,50041,5.0,15,True,False,success,saved,True,False,False,85,15,0,0,5,15
tuned,ppo,123,deterministic,42,50042,5.0,15,True,False,success,saved,True,False,False,85,15,0,0,5,15
tuned,ppo,123,deterministic,43,50043,5.0,15,True,False,success,saved,True,False,False,85,15,0,0,5,15
tuned,ppo,123,deterministic,44,50044,5.0,15,True,False,success,saved,True,False,False,85,15,0,0,5,15
tuned,ppo,123,deterministic,45,50045,5.0,15,True,False,success,saved,True,False,False,85,15,0,0,5,15
tuned,ppo,123,deterministic,46,50046,5.0,15,True,False,success,saved,True,False,False,85,15,0,0,5,15
tuned,ppo,123,deterministic,47,50047,5.0,15,True,False,success,saved,True,False,False,85,15,0,0,5,15
tuned,ppo,123,deterministic,48,50048,5.0,15,True,False,success,saved,True,False,False,85,15,0,0,5,15
tuned,ppo,123,deterministic,49,50049,5.0,15,True,False,success,saved,True,False,False,85,15,0,0,5,15
tuned,ppo,123,deterministic,50,50050,5.0,15,True,False,success,saved,True,False,False,85,15,0,0,5,15
tuned,ppo,123,deterministic,51,50051,5.0,15,True,False,success,saved,True,False,False,85,15,0,0,5,15
tuned,ppo,123,deterministic,52,50052,5.0,15,True,False,success,saved,True,False,False,85,15,0,0,5,15
tuned,ppo,123,deterministic,53,50053,5.0,15,True,False,success,saved,True,False,False,85,15,0,0,5,15
tuned,ppo,123,deterministic,54,50054,5.0,15,True,False,success,saved,True,False,False,85,15,0,0,5,15
tuned,ppo,123,deterministic,55,50055,5.0,15,True,False,success,saved,True,False,False,85,15,0,0,5,15
tuned,ppo,123,deterministic,56,50056,5.0,15,True,False,success,saved,True,False,False,85,15,0,0,5,15
tuned,ppo,123,deterministic,57,50057,5.0,15,True,False,success,saved,True,False,False,85,15,0,0,5,15
tuned,ppo,123,deterministic,58,50058,5.0,15,True,False,success,saved,True,False,False,85,15,0,0,5,15
tuned,ppo,123,deterministic,59,50059,5.0,15,True,False,success,saved,True,False,False,85,15,0,0,5,15
tuned,ppo,123,deterministic,60,50060,5.0,15,True,False,success,saved,True,False,False,85,15,0,0,5,15
tuned,ppo,123,deterministic,61,50061,5.0,15,True,False,success,saved,True,False,False,85,15,0,0,5,15
tuned,ppo,123,deterministic,62,50062,5.0,15,True,False,success,saved,True,False,False,85,15,0,0,5,15
tuned,ppo,123,deterministic,63,50063,5.0,15,True,False,success,saved,True,False,False,85,15,0,0,5,15
tuned,ppo,123,deterministic,64,50064,5.0,15,True,False,success,saved,True,False,False,85,15,0,0,5,15
tuned,ppo,123,deterministic,65,50065,5.0,15,True,False,success,saved,True,False,False,85,15,0,0,5,15
tuned,ppo,123,deterministic,66,50066,5.0,15,True,False,success,saved,True,False,False,85,15,0,0,5,15
tuned,ppo,123,deterministic,67,50067,5.0,15,True,False,success,saved,True,False,False,85,15,0,0,5,15
tuned,ppo,123,deterministic,68,50068,5.0,15,True,False,success,saved,True,False,False,85,15,0,0,5,15
tuned,ppo,123,deterministic,69,50069,5.0,15,True,False,success,saved,True,False,False,85,15,0,0,5,15
tuned,ppo,123,deterministic,70,50070,5.0,15,True,False,success,saved,True,False,False,85,15,0,0,5,15
tuned,ppo,123,deterministic,71,50071,5.0,15,True,False,success,saved,True,False,False,85,15,0,0,5,15
tuned,ppo,123,deterministic,72,50072,5.0,15,True,False,success,saved,True,False,False,85,15,0,0,5,15
tuned,ppo,123,deterministic,73,50073,5.0,15,True,False,success,saved,True,False,False,85,15,0,0,5,15
tuned,ppo,123,deterministic,74,50074,5.0,15,True,False,success,saved,True,False,False,85,15,0,0,5,15
tuned,ppo,123,deterministic,75,50075,5.0,15,True,False,success,saved,True,False,False,85,15,0,0,5,15
tuned,ppo,123,deterministic,76,50076,5.0,15,True,False,success,saved,True,False,False,85,15,0,0,5,15
tuned,ppo,123,deterministic,77,50077,5.0,15,True,False,success,saved,True,False,False,85,15,0,0,5,15
tuned,ppo,123,deterministic,78,50078,5.0,15,True,False,success,saved,True,False,False,85,15,0,0,5,15
tuned,ppo,123,deterministic,79,50079,5.0,15,True,False,success,saved,True,False,False,85,15,0,0,5,15
tuned,ppo,123,deterministic,80,50080,5.0,15,True,False,success,saved,True,False,False,85,15,0,0,5,15
tuned,ppo,123,deterministic,81,50081,5.0,15,True,False,success,saved,True,False,False,85,15,0,0,5,15
tuned,ppo,123,deterministic,82,50082,5.0,15,True,False,success,saved,True,False,False,85,15,0,0,5,15
tuned,ppo,123,deterministic,83,50083,5.0,15,True,False,success,saved,True,False,False,85,15,0,0,5,15
tuned,ppo,123,deterministic,84,50084,5.0,15,True,False,success,saved,True,False,False,85,15,0,0,5,15
tuned,ppo,123,deterministic,85,50085,5.0,15,True,False,success,saved,True,False,False,85,15,0,0,5,15
tuned,ppo,123,deterministic,86,50086,5.0,15,True,False,success,saved,True,False,False,85,15,0,0,5,15
tuned,ppo,123,deterministic,87,50087,5.0,15,True,False,success,saved,True,False,False,85,15,0,0,5,15
tuned,ppo,123,deterministic,88,50088,5.0,15,True,False,success,saved,True,False,False,85,15,0,0,5,15
tuned,ppo,123,deterministic,89,50089,5.0,15,True,False,success,saved,True,False,False,85,15,0,0,5,15
tuned,ppo,123,deterministic,90,50090,5.0,15,True,False,success,saved,True,False,False,85,15,0,0,5,15
tuned,ppo,123,deterministic,91,50091,5.0,15,True,False,success,saved,True,False,False,85,15,0,0,5,15
tuned,ppo,123,deterministic,92,50092,5.0,15,True,False,success,saved,True,False,False,85,15,0,0,5,15
tuned,ppo,123,deterministic,93,50093,5.0,15,True,False,success,saved,True,False,False,85,15,0,0,5,15
tuned,ppo,123,deterministic,94,50094,5.0,15,True,False,success,saved,True,False,False,85,15,0,0,5,15
tuned,ppo,123,deterministic,95,50095,5.0,15,True,False,success,saved,True,False,False,85,15,0,0,5,15
tuned,ppo,123,deterministic,96,50096,5.0,15,True,False,success,saved,True,False,False,85,15,0,0,5,15
tuned,ppo,123,deterministic,97,50097,5.0,15,True,False,success,saved,True,False,False,85,15,0,0,5,15
tuned,ppo,123,deterministic,98,50098,5.0,15,True,False,success,saved,True,False,False,85,15,0,0,5,15
tuned,ppo,123,deterministic,99,50099,5.0,15,True,False,success,saved,True,False,False,85,15,0,0,5,15
tuned,ppo,123,stochastic,0,50000,5.0,15,True,False,success,saved,True,False,False,85,15,0,0,5,15
tuned,ppo,123,stochastic,1,50001,5.0,15,True,False,success,saved,True,False,False,85,15,0,0,5,15
tuned,ppo,123,stochastic,2,50002,5.0,15,True,False,success,saved,True,False,False,85,15,0,0,5,15
tuned,ppo,123,stochastic,3,50003,5.0,15,True,False,success,saved,True,False,False,85,15,0,0,5,15
tuned,ppo,123,stochastic,4,50004,5.0,15,True,False,success,saved,True,False,False,85,15,0,0,5,15
tuned,ppo,123,stochastic,5,50005,5.0,15,True,False,success,saved,True,False,False,85,15,0,0,5,15
tuned,ppo,123,stochastic,6,50006,5.0,15,True,False,success,saved,True,False,False,85,15,0,0,5,15
tuned,ppo,123,stochastic,7,50007,5.0,15,True,False,success,saved,True,False,False,85,15,0,0,5,15
tuned,ppo,123,stochastic,8,50008,5.0,15,True,False,success,saved,True,False,False,85,15,0,0,5,15
tuned,ppo,123,stochastic,9,50009,5.0,15,True,False,success,saved,True,False,False,85,15,0,0,5,15
tuned,ppo,123,stochastic,10,50010,5.0,15,True,False,success,saved,True,False,False,85,15,0,0,5,15
tuned,ppo,123,stochastic,11,50011,5.0,15,True,False,success,saved,True,False,False,85,15,0,0,5,15
tuned,ppo,123,stochastic,12,50012,5.0,15,True,False,success,saved,True,False,False,85,15,0,0,5,15
tuned,ppo,123,stochastic,13,50013,5.0,15,True,False,success,saved,True,False,False,85,15,0,0,5,15
tuned,ppo,123,stochastic,14,50014,5.0,15,True,False,success,saved,True,False,False,85,15,0,0,5,15
tuned,ppo,123,stochastic,15,50015,5.0,15,True,False,success,saved,True,False,False,85,15,0,0,5,15
tuned,ppo,123,stochastic,16,50016,5.0,15,True,False,success,saved,True,False,False,85,15,0,0,5,15
tuned,ppo,123,stochastic,17,50017,5.0,15,True,False,success,saved,True,False,False,85,15,0,0,5,15
tuned,ppo,123,stochastic,18,50018,5.0,15,True,False,success,saved,True,False,False,85,15,0,0,5,15
tuned,ppo,123,stochastic,19,50019,5.0,15,True,False,success,saved,True,False,False,85,15,0,0,5,15
tuned,ppo,123,stochastic,20,50020,5.0,15,True,False,success,saved,True,False,False,85,15,0,0,5,15
tuned,ppo,123,stochastic,21,50021,5.0,15,True,False,success,saved,True,False,False,85,15,0,0,5,15
tuned,ppo,123,stochastic,22,50022,5.0,15,True,False,success,saved,True,False,False,85,15,0,0,5,15
tuned,ppo,123,stochastic,23,50023,-4.0,24,True,False,success,saved,True,False,False,85,15,0,0,5,24
tuned,ppo,123,stochastic,24,50024,5.0,15,True,False,success,saved,True,False,False,85,15,0,0,5,15
tuned,ppo,123,stochastic,25,50025,5.0,15,True,False,success,saved,True,False,False,85,15,0,0,5,15
tuned,ppo,123,stochastic,26,50026,5.0,15,True,False,success,saved,True,False,False,85,15,0,0,5,15
tuned,ppo,123,stochastic,27,50027,5.0,15,True,False,success,saved,True,False,False,85,15,0,0,5,15
tuned,ppo,123,stochastic,28,50028,5.0,15,True,False,success,saved,True,False,False,85,15,0,0,5,15
tuned,ppo,123,stochastic,29,50029,5.0,15,True,False,success,saved,True,False,False,85,15,0,0,5,15
tuned,ppo,123,stochastic,30,50030,5.0,15,True,False,success,saved,True,False,False,85,15,0,0,5,15
tuned,ppo,123,stochastic,31,50031,5.0,15,True,False,success,saved,True,False,False,85,15,0,0,5,15
tuned,ppo,123,stochastic,32,50032,5.0,15,True,False,success,saved,True,False,False,85,15,0,0,5,15
tuned,ppo,123,stochastic,33,50033,5.0,15,True,False,success,saved,True,False,False,85,15,0,0,5,15
tuned,ppo,123,stochastic,34,50034,5.0,15,True,False,success,saved,True,False,False,85,15,0,0,5,15
tuned,ppo,123,stochastic,35,50035,5.0,15,True,False,success,saved,True,False,False,85,15,0,0,5,15
tuned,ppo,123,stochastic,36,50036,5.0,15,True,False,success,saved,True,False,False,85,15,0,0,5,15
tuned,ppo,123,stochastic,37,50037,5.0,15,True,False,success,saved,True,False,False,85,15,0,0,5,15
tuned,ppo,123,stochastic,38,50038,5.0,15,True,False,success,saved,True,False,False,85,15,0,0,5,15
tuned,ppo,123,stochastic,39,50039,5.0,15,True,False,success,saved,True,False,False,85,15,0,0,5,15
tuned,ppo,123,stochastic,40,50040,5.0,15,True,False,success,saved,True,False,False,85,15,0,0,5,15
tuned,ppo,123,stochastic,41,50041,5.0,15,True,False,success,saved,True,False,False,85,15,0,0,5,15
tuned,ppo,123,stochastic,42,50042,5.0,15,True,False,success,saved,True,False,False,85,15,0,0,5,15
tuned,ppo,123,stochastic,43,50043,5.0,15,True,False,success,saved,True,False,False,85,15,0,0,5,15
tuned,ppo,123,stochastic,44,50044,5.0,15,True,False,success,saved,True,False,False,85,15,0,0,5,15
tuned,ppo,123,stochastic,45,50045,5.0,15,True,False,success,saved,True,False,False,85,15,0,0,5,15
tuned,ppo,123,stochastic,46,50046,5.0,15,True,False,success,saved,True,False,False,85,15,0,0,5,15
tuned,ppo,123,stochastic,47,50047,5.0,15,True,False,success,saved,True,False,False,85,15,0,0,5,15
tuned,ppo,123,stochastic,48,50048,5.0,15,True,False,success,saved,True,False,False,85,15,0,0,5,15
tuned,ppo,123,stochastic,49,50049,5.0,15,True,False,success,saved,True,False,False,85,15,0,0,5,15
tuned,ppo,123,stochastic,50,50050,5.0,15,True,False,success,saved,True,False,False,85,15,0,0,5,15
tuned,ppo,123,stochastic,51,50051,5.0,15,True,False,success,saved,True,False,False,85,15,0,0,5,15
tuned,ppo,123,stochastic,52,50052,5.0,15,True,False,success,saved,True,False,False,85,15,0,0,5,15
tuned,ppo,123,stochastic,53,50053,5.0,15,True,False,success,saved,True,False,False,85,15,0,0,5,15
tuned,ppo,123,stochastic,54,50054,5.0,15,True,False,success,saved,True,False,False,85,15,0,0,5,15
tuned,ppo,123,stochastic,55,50055,5.0,15,True,False,success,saved,True,False,False,85,15,0,0,5,15
tuned,ppo,123,stochastic,56,50056,5.0,15,True,False,success,saved,True,False,False,85,15,0,0,5,15
tuned,ppo,123,stochastic,57,50057,5.0,15,True,False,success,saved,True,False,False,85,15,0,0,5,15
tuned,ppo,123,stochastic,58,50058,5.0,15,True,False,success,saved,True,False,False,85,15,0,0,5,15
tuned,ppo,123,stochastic,59,50059,5.0,15,True,False,success,saved,True,False,False,85,15,0,0,5,15
tuned,ppo,123,stochastic,60,50060,5.0,15,True,False,success,saved,True,False,False,85,15,0,0,5,15
tuned,ppo,123,stochastic,61,50061,5.0,15,True,False,success,saved,True,False,False,85,15,0,0,5,15
tuned,ppo,123,stochastic,62,50062,5.0,15,True,False,success,saved,True,False,False,85,15,0,0,5,15
tuned,ppo,123,stochastic,63,50063,5.0,15,True,False,success,saved,True,False,False,85,15,0,0,5,15
tuned,ppo,123,stochastic,64,50064,5.0,15,True,False,success,saved,True,False,False,85,15,0,0,5,15
tuned,ppo,123,stochastic,65,50065,5.0,15,True,False,success,saved,True,False,False,85,15,0,0,5,15
tuned,ppo,123,stochastic,66,50066,5.0,15,True,False,success,saved,True,False,False,85,15,0,0,5,15
tuned,ppo,123,stochastic,67,50067,5.0,15,True,False,success,saved,True,False,False,85,15,0,0,5,15
tuned,ppo,123,stochastic,68,50068,5.0,15,True,False,success,saved,True,False,False,85,15,0,0,5,15
tuned,ppo,123,stochastic,69,50069,5.0,15,True,False,success,saved,True,False,False,85,15,0,0,5,15
tuned,ppo,123,stochastic,70,50070,5.0,15,True,False,success,saved,True,False,False,85,15,0,0,5,15
tuned,ppo,123,stochastic,71,50071,5.0,15,True,False,success,saved,True,False,False,85,15,0,0,5,15
tuned,ppo,123,stochastic,72,50072,5.0,15,True,False,success,saved,True,False,False,85,15,0,0,5,15
tuned,ppo,123,stochastic,73,50073,5.0,15,True,False,success,saved,True,False,False,85,15,0,0,5,15
tuned,ppo,123,stochastic,74,50074,5.0,15,True,False,success,saved,True,False,False,85,15,0,0,5,15
tuned,ppo,123,stochastic,75,50075,5.0,15,True,False,success,saved,True,False,False,85,15,0,0,5,15
tuned,ppo,123,stochastic,76,50076,5.0,15,True,False,success,saved,True,False,False,85,15,0,0,5,15
tuned,ppo,123,stochastic,77,50077,5.0,15,True,False,success,saved,True,False,False,85,15,0,0,5,15
tuned,ppo,123,stochastic,78,50078,5.0,15,True,False,success,saved,True,False,False,85,15,0,0,5,15
tuned,ppo,123,stochastic,79,50079,5.0,15,True,False,success,saved,True,False,False,85,15,0,0,5,15
tuned,ppo,123,stochastic,80,50080,5.0,15,True,False,success,saved,True,False,False,85,15,0,0,5,15
tuned,ppo,123,stochastic,81,50081,5.0,15,True,False,success,saved,True,False,False,85,15,0,0,5,15
tuned,ppo,123,stochastic,82,50082,5.0,15,True,False,success,saved,True,False,False,85,15,0,0,5,15
tuned,ppo,123,stochastic,83,50083,5.0,15,True,False,success,saved,True,False,False,85,15,0,0,5,15
tuned,ppo,123,stochastic,84,50084,5.0,15,True,False,success,saved,True,False,False,85,15,0,0,5,15
tuned,ppo,123,stochastic,85,50085,5.0,15,True,False,success,saved,True,False,False,85,15,0,0,5,15
tuned,ppo,123,stochastic,86,50086,5.0,15,True,False,success,saved,True,False,False,83,17,0,0,5,15
tuned,ppo,123,stochastic,87,50087,5.0,15,True,False,success,saved,True,False,False,85,15,0,0,5,15
tuned,ppo,123,stochastic,88,50088,5.0,15,True,False,success,saved,True,False,False,85,15,0,0,5,15
tuned,ppo,123,stochastic,89,50089,5.0,15,True,False,success,saved,True,False,False,85,15,0,0,5,15
tuned,ppo,123,stochastic,90,50090,5.0,15,True,False,success,saved,True,False,False,85,15,0,0,5,15
tuned,ppo,123,stochastic,91,50091,5.0,15,True,False,success,saved,True,False,False,85,15,0,0,5,15
tuned,ppo,123,stochastic,92,50092,5.0,15,True,False,success,saved,True,False,False,85,15,0,0,5,15
tuned,ppo,123,stochastic,93,50093,5.0,15,True,False,success,saved,True,False,False,85,15,0,0,5,15
tuned,ppo,123,stochastic,94,50094,5.0,15,True,False,success,saved,True,False,False,85,15,0,0,5,15
tuned,ppo,123,stochastic,95,50095,5.0,15,True,False,success,saved,True,False,False,85,15,0,0,5,15
tuned,ppo,123,stochastic,96,50096,5.0,15,True,False,success,saved,True,False,False,85,15,0,0,5,15
tuned,ppo,123,stochastic,97,50097,5.0,15,True,False,success,saved,True,False,False,85,15,0,0,5,15
tuned,ppo,123,stochastic,98,50098,5.0,15,True,False,success,saved,True,False,False,85,15,0,0,5,15
tuned,ppo,123,stochastic,99,50099,5.0,15,True,False,success,saved,True,False,False,85,15,0,0,5,15
tuned,ppo,2024,deterministic,0,50000,5.0,15,True,False,success,saved,True,False,False,85,15,0,0,5,15
tuned,ppo,2024,deterministic,1,50001,5.0,15,True,False,success,saved,True,False,False,85,15,0,0,5,15
tuned,ppo,2024,deterministic,2,50002,5.0,15,True,False,success,saved,True,False,False,85,15,0,0,5,15
tuned,ppo,2024,deterministic,3,50003,5.0,15,True,False,success,saved,True,False,False,85,15,0,0,5,15
tuned,ppo,2024,deterministic,4,50004,5.0,15,True,False,success,saved,True,False,False,85,15,0,0,5,15
tuned,ppo,2024,deterministic,5,50005,5.0,15,True,False,success,saved,True,False,False,85,15,0,0,5,15
tuned,ppo,2024,deterministic,6,50006,5.0,15,True,False,success,saved,True,False,False,85,15,0,0,5,15
tuned,ppo,2024,deterministic,7,50007,4.0,16,True,False,success,saved,True,False,False,79,21,0,0,5,16
tuned,ppo,2024,deterministic,8,50008,5.0,15,True,False,success,saved,True,False,False,85,15,0,0,5,15
tuned,ppo,2024,deterministic,9,50009,5.0,15,True,False,success,saved,True,False,False,85,15,0,0,5,15
tuned,ppo,2024,deterministic,10,50010,5.0,15,True,False,success,saved,True,False,False,85,15,0,0,5,15
tuned,ppo,2024,deterministic,11,50011,5.0,15,True,False,success,saved,True,False,False,85,15,0,0,5,15
tuned,ppo,2024,deterministic,12,50012,5.0,15,True,False,success,saved,True,False,False,85,15,0,0,5,15
tuned,ppo,2024,deterministic,13,50013,5.0,15,True,False,success,saved,True,False,False,85,15,0,0,5,15
tuned,ppo,2024,deterministic,14,50014,5.0,15,True,False,success,saved,True,False,False,85,15,0,0,5,15
tuned,ppo,2024,deterministic,15,50015,5.0,15,True,False,success,saved,True,False,False,83,17,0,0,5,15
tuned,ppo,2024,deterministic,16,50016,5.0,15,True,False,success,saved,True,False,False,85,15,0,0,5,15
tuned,ppo,2024,deterministic,17,50017,5.0,15,True,False,success,saved,True,False,False,85,15,0,0,5,15
tuned,ppo,2024,deterministic,18,50018,5.0,15,True,False,success,saved,True,False,False,85,15,0,0,5,15
tuned,ppo,2024,deterministic,19,50019,5.0,15,True,False,success,saved,True,False,False,85,15,0,0,5,15
tuned,ppo,2024,deterministic,20,50020,5.0,15,True,False,success,saved,True,False,False,85,15,0,0,5,15
tuned,ppo,2024,deterministic,21,50021,5.0,15,True,False,success,saved,True,False,False,85,15,0,0,5,15
tuned,ppo,2024,deterministic,22,50022,5.0,15,True,False,success,saved,True,False,False,85,15,0,0,5,15
tuned,ppo,2024,deterministic,23,50023,5.0,15,True,False,success,saved,True,False,False,83,17,0,0,5,15
tuned,ppo,2024,deterministic,24,50024,5.0,15,True,False,success,saved,True,False,False,85,15,0,0,5,15
tuned,ppo,2024,deterministic,25,50025,5.0,15,True,False,success,saved,True,False,False,85,15,0,0,5,15
tuned,ppo,2024,deterministic,26,50026,5.0,15,True,False,success,saved,True,False,False,85,15,0,0,5,15
tuned,ppo,2024,deterministic,27,50027,5.0,15,True,False,success,saved,True,False,False,85,15,0,0,5,15
tuned,ppo,2024,deterministic,28,50028,5.0,15,True,False,success,saved,True,False,False,85,15,0,0,5,15
tuned,ppo,2024,deterministic,29,50029,5.0,15,True,False,success,saved,True,False,False,85,15,0,0,5,15
tuned,ppo,2024,deterministic,30,50030,5.0,15,True,False,success,saved,True,False,False,85,15,0,0,5,15
tuned,ppo,2024,deterministic,31,50031,5.0,15,True,False,success,saved,True,False,False,85,15,0,0,5,15
tuned,ppo,2024,deterministic,32,50032,5.0,15,True,False,success,saved,True,False,False,85,15,0,0,5,15
tuned,ppo,2024,deterministic,33,50033,5.0,15,True,False,success,saved,True,False,False,85,15,0,0,5,15
tuned,ppo,2024,deterministic,34,50034,5.0,15,True,False,success,saved,True,False,False,85,15,0,0,5,15
tuned,ppo,2024,deterministic,35,50035,5.0,15,True,False,success,saved,True,False,False,85,15,0,0,5,15
tuned,ppo,2024,deterministic,36,50036,5.0,15,True,False,success,saved,True,False,False,85,15,0,0,5,15
tuned,ppo,2024,deterministic,37,50037,5.0,15,True,False,success,saved,True,False,False,85,15,0,0,5,15
tuned,ppo,2024,deterministic,38,50038,5.0,15,True,False,success,saved,True,False,False,85,15,0,0,5,15
tuned,ppo,2024,deterministic,39,50039,5.0,15,True,False,success,saved,True,False,False,85,15,0,0,5,15
tuned,ppo,2024,deterministic,40,50040,5.0,15,True,False,success,saved,True,False,False,85,15,0,0,5,15
tuned,ppo,2024,deterministic,41,50041,5.0,15,True,False,success,saved,True,False,False,85,15,0,0,5,15
tuned,ppo,2024,deterministic,42,50042,5.0,15,True,False,success,saved,True,False,False,85,15,0,0,5,15
tuned,ppo,2024,deterministic,43,50043,5.0,15,True,False,success,saved,True,False,False,85,15,0,0,5,15
tuned,ppo,2024,deterministic,44,50044,5.0,15,True,False,success,saved,True,False,False,85,15,0,0,5,15
tuned,ppo,2024,deterministic,45,50045,5.0,15,True,False,success,saved,True,False,False,85,15,0,0,5,15
tuned,ppo,2024,deterministic,46,50046,5.0,15,True,False,success,saved,True,False,False,85,15,0,0,5,15
tuned,ppo,2024,deterministic,47,50047,5.0,15,True,False,success,saved,True,False,False,83,17,0,0,5,15
tuned,ppo,2024,deterministic,48,50048,5.0,15,True,False,success,saved,True,False,False,85,15,0,0,5,15
tuned,ppo,2024,deterministic,49,50049,5.0,15,True,False,success,saved,True,False,False,85,15,0,0,5,15
tuned,ppo,2024,deterministic,50,50050,5.0,15,True,False,success,saved,True,False,False,85,15,0,0,5,15
tuned,ppo,2024,deterministic,51,50051,5.0,15,True,False,success,saved,True,False,False,85,15,0,0,5,15
tuned,ppo,2024,deterministic,52,50052,5.0,15,True,False,success,saved,True,False,False,85,15,0,0,5,15
tuned,ppo,2024,deterministic,53,50053,5.0,15,True,False,success,saved,True,False,False,85,15,0,0,5,15
tuned,ppo,2024,deterministic,54,50054,5.0,15,True,False,success,saved,True,False,False,85,15,0,0,5,15
tuned,ppo,2024,deterministic,55,50055,5.0,15,True,False,success,saved,True,False,False,85,15,0,0,5,15
tuned,ppo,2024,deterministic,56,50056,5.0,15,True,False,success,saved,True,False,False,85,15,0,0,5,15
tuned,ppo,2024,deterministic,57,50057,5.0,15,True,False,success,saved,True,False,False,85,15,0,0,5,15
tuned,ppo,2024,deterministic,58,50058,5.0,15,True,False,success,saved,True,False,False,85,15,0,0,5,15
tuned,ppo,2024,deterministic,59,50059,5.0,15,True,False,success,saved,True,False,False,85,15,0,0,5,15
tuned,ppo,2024,deterministic,60,50060,5.0,15,True,False,success,saved,True,False,False,85,15,0,0,5,15
tuned,ppo,2024,deterministic,61,50061,5.0,15,True,False,success,saved,True,False,False,85,15,0,0,5,15
tuned,ppo,2024,deterministic,62,50062,5.0,15,True,False,success,saved,True,False,False,85,15,0,0,5,15
tuned,ppo,2024,deterministic,63,50063,5.0,15,True,False,success,saved,True,False,False,85,15,0,0,5,15
tuned,ppo,2024,deterministic,64,50064,5.0,15,True,False,success,saved,True,False,False,85,15,0,0,5,15
tuned,ppo,2024,deterministic,65,50065,5.0,15,True,False,success,saved,True,False,False,85,15,0,0,5,15
tuned,ppo,2024,deterministic,66,50066,5.0,15,True,False,success,saved,True,False,False,85,15,0,0,5,15
tuned,ppo,2024,deterministic,67,50067,5.0,15,True,False,success,saved,True,False,False,85,15,0,0,5,15
tuned,ppo,2024,deterministic,68,50068,5.0,15,True,False,success,saved,True,False,False,85,15,0,0,5,15
tuned,ppo,2024,deterministic,69,50069,5.0,15,True,False,success,saved,True,False,False,85,15,0,0,5,15
tuned,ppo,2024,deterministic,70,50070,5.0,15,True,False,success,saved,True,False,False,83,17,0,0,5,15
tuned,ppo,2024,deterministic,71,50071,5.0,15,True,False,success,saved,True,False,False,85,15,0,0,5,15
tuned,ppo,2024,deterministic,72,50072,5.0,15,True,False,success,saved,True,False,False,85,15,0,0,5,15
tuned,ppo,2024,deterministic,73,50073,5.0,15,True,False,success,saved,True,False,False,85,15,0,0,5,15
tuned,ppo,2024,deterministic,74,50074,5.0,15,True,False,success,saved,True,False,False,85,15,0,0,5,15
tuned,ppo,2024,deterministic,75,50075,5.0,15,True,False,success,saved,True,False,False,85,15,0,0,5,15
tuned,ppo,2024,deterministic,76,50076,5.0,15,True,False,success,saved,True,False,False,85,15,0,0,5,15
tuned,ppo,2024,deterministic,77,50077,5.0,15,True,False,success,saved,True,False,False,85,15,0,0,5,15
tuned,ppo,2024,deterministic,78,50078,5.0,15,True,False,success,saved,True,False,False,85,15,0,0,5,15
tuned,ppo,2024,deterministic,79,50079,5.0,15,True,False,success,saved,True,False,False,85,15,0,0,5,15
tuned,ppo,2024,deterministic,80,50080,5.0,15,True,False,success,saved,True,False,False,85,15,0,0,5,15
tuned,ppo,2024,deterministic,81,50081,5.0,15,True,False,success,saved,True,False,False,85,15,0,0,5,15
tuned,ppo,2024,deterministic,82,50082,5.0,15,True,False,success,saved,True,False,False,85,15,0,0,5,15
tuned,ppo,2024,deterministic,83,50083,5.0,15,True,False,success,saved,True,False,False,85,15,0,0,5,15
tuned,ppo,2024,deterministic,84,50084,5.0,15,True,False,success,saved,True,False,False,85,15,0,0,5,15
tuned,ppo,2024,deterministic,85,50085,5.0,15,True,False,success,saved,True,False,False,85,15,0,0,5,15
tuned,ppo,2024,deterministic,86,50086,5.0,15,True,False,success,saved,True,False,False,83,17,0,0,5,15
tuned,ppo,2024,deterministic,87,50087,5.0,15,True,False,success,saved,True,False,False,85,15,0,0,5,15
tuned,ppo,2024,deterministic,88,50088,5.0,15,True,False,success,saved,True,False,False,85,15,0,0,5,15
tuned,ppo,2024,deterministic,89,50089,5.0,15,True,False,success,saved,True,False,False,85,15,0,0,5,15
tuned,ppo,2024,deterministic,90,50090,5.0,15,True,False,success,saved,True,False,False,85,15,0,0,5,15
tuned,ppo,2024,deterministic,91,50091,5.0,15,True,False,success,saved,True,False,False,85,15,0,0,5,15
tuned,ppo,2024,deterministic,92,50092,5.0,15,True,False,success,saved,True,False,False,85,15,0,0,5,15
tuned,ppo,2024,deterministic,93,50093,5.0,15,True,False,success,saved,True,False,False,85,15,0,0,5,15
tuned,ppo,2024,deterministic,94,50094,5.0,15,True,False,success,saved,True,False,False,85,15,0,0,5,15
tuned,ppo,2024,deterministic,95,50095,5.0,15,True,False,success,saved,True,False,False,85,15,0,0,5,15
tuned,ppo,2024,deterministic,96,50096,5.0,15,True,False,success,saved,True,False,False,85,15,0,0,5,15
tuned,ppo,2024,deterministic,97,50097,5.0,15,True,False,success,saved,True,False,False,85,15,0,0,5,15
tuned,ppo,2024,deterministic,98,50098,5.0,15,True,False,success,saved,True,False,False,85,15,0,0,5,15
tuned,ppo,2024,deterministic,99,50099,5.0,15,True,False,success,saved,True,False,False,85,15,0,0,5,15
tuned,ppo,2024,stochastic,0,50000,5.0,15,True,False,success,saved,True,False,False,85,15,0,0,5,15
tuned,ppo,2024,stochastic,1,50001,5.0,15,True,False,success,saved,True,False,False,85,15,0,0,5,15
tuned,ppo,2024,stochastic,2,50002,5.0,15,True,False,success,saved,True,False,False,85,15,0,0,5,15
tuned,ppo,2024,stochastic,3,50003,5.0,15,True,False,success,saved,True,False,False,85,15,0,0,5,15
tuned,ppo,2024,stochastic,4,50004,5.0,15,True,False,success,saved,True,False,False,85,15,0,0,5,15
tuned,ppo,2024,stochastic,5,50005,5.0,15,True,False,success,saved,True,False,False,85,15,0,0,5,15
tuned,ppo,2024,stochastic,6,50006,5.0,15,True,False,success,saved,True,False,False,85,15,0,0,5,15
tuned,ppo,2024,stochastic,7,50007,5.0,15,True,False,success,saved,True,False,False,79,21,0,0,5,15
tuned,ppo,2024,stochastic,8,50008,5.0,15,True,False,success,saved,True,False,False,85,15,0,0,5,15
tuned,ppo,2024,stochastic,9,50009,5.0,15,True,False,success,saved,True,False,False,85,15,0,0,5,15
tuned,ppo,2024,stochastic,10,50010,5.0,15,True,False,success,saved,True,False,False,85,15,0,0,5,15
tuned,ppo,2024,stochastic,11,50011,5.0,15,True,False,success,saved,True,False,False,85,15,0,0,5,15
tuned,ppo,2024,stochastic,12,50012,5.0,15,True,False,success,saved,True,False,False,85,15,0,0,5,15
tuned,ppo,2024,stochastic,13,50013,5.0,15,True,False,success,saved,True,False,False,85,15,0,0,5,15
tuned,ppo,2024,stochastic,14,50014,5.0,15,True,False,success,saved,True,False,False,85,15,0,0,5,15
tuned,ppo,2024,stochastic,15,50015,5.0,15,True,False,success,saved,True,False,False,83,17,0,0,5,15
tuned,ppo,2024,stochastic,16,50016,5.0,15,True,False,success,saved,True,False,False,85,15,0,0,5,15
tuned,ppo,2024,stochastic,17,50017,5.0,15,True,False,success,saved,True,False,False,85,15,0,0,5,15
tuned,ppo,2024,stochastic,18,50018,5.0,15,True,False,success,saved,True,False,False,85,15,0,0,5,15
tuned,ppo,2024,stochastic,19,50019,5.0,15,True,False,success,saved,True,False,False,85,15,0,0,5,15
tuned,ppo,2024,stochastic,20,50020,5.0,15,True,False,success,saved,True,False,False,85,15,0,0,5,15
tuned,ppo,2024,stochastic,21,50021,5.0,15,True,False,success,saved,True,False,False,85,15,0,0,5,15
tuned,ppo,2024,stochastic,22,50022,5.0,15,True,False,success,saved,True,False,False,85,15,0,0,5,15
tuned,ppo,2024,stochastic,23,50023,5.0,15,True,False,success,saved,True,False,False,83,17,0,0,5,15
tuned,ppo,2024,stochastic,24,50024,5.0,15,True,False,success,saved,True,False,False,85,15,0,0,5,15
tuned,ppo,2024,stochastic,25,50025,5.0,15,True,False,success,saved,True,False,False,85,15,0,0,5,15
tuned,ppo,2024,stochastic,26,50026,5.0,15,True,False,success,saved,True,False,False,85,15,0,0,5,15
tuned,ppo,2024,stochastic,27,50027,5.0,15,True,False,success,saved,True,False,False,85,15,0,0,5,15
tuned,ppo,2024,stochastic,28,50028,5.0,15,True,False,success,saved,True,False,False,85,15,0,0,5,15
tuned,ppo,2024,stochastic,29,50029,5.0,15,True,False,success,saved,True,False,False,85,15,0,0,5,15
tuned,ppo,2024,stochastic,30,50030,5.0,15,True,False,success,saved,True,False,False,85,15,0,0,5,15
tuned,ppo,2024,stochastic,31,50031,5.0,15,True,False,success,saved,True,False,False,85,15,0,0,5,15
tuned,ppo,2024,stochastic,32,50032,5.0,15,True,False,success,saved,True,False,False,85,15,0,0,5,15
tuned,ppo,2024,stochastic,33,50033,5.0,15,True,False,success,saved,True,False,False,85,15,0,0,5,15
tuned,ppo,2024,stochastic,34,50034,5.0,15,True,False,success,saved,True,False,False,85,15,0,0,5,15
tuned,ppo,2024,stochastic,35,50035,5.0,15,True,False,success,saved,True,False,False,85,15,0,0,5,15
tuned,ppo,2024,stochastic,36,50036,5.0,15,True,False,success,saved,True,False,False,85,15,0,0,5,15
tuned,ppo,2024,stochastic,37,50037,5.0,15,True,False,success,saved,True,False,False,85,15,0,0,5,15
tuned,ppo,2024,stochastic,38,50038,5.0,15,True,False,success,saved,True,False,False,85,15,0,0,5,15
tuned,ppo,2024,stochastic,39,50039,5.0,15,True,False,success,saved,True,False,False,85,15,0,0,5,15
tuned,ppo,2024,stochastic,40,50040,5.0,15,True,False,success,saved,True,False,False,85,15,0,0,5,15
tuned,ppo,2024,stochastic,41,50041,5.0,15,True,False,success,saved,True,False,False,85,15,0,0,5,15
tuned,ppo,2024,stochastic,42,50042,5.0,15,True,False,success,saved,True,False,False,85,15,0,0,5,15
tuned,ppo,2024,stochastic,43,50043,5.0,15,True,False,success,saved,True,False,False,85,15,0,0,5,15
tuned,ppo,2024,stochastic,44,50044,5.0,15,True,False,success,saved,True,False,False,85,15,0,0,5,15
tuned,ppo,2024,stochastic,45,50045,5.0,15,True,False,success,saved,True,False,False,85,15,0,0,5,15
tuned,ppo,2024,stochastic,46,50046,5.0,15,True,False,success,saved,True,False,False,85,15,0,0,5,15
tuned,ppo,2024,stochastic,47,50047,5.0,15,True,False,success,saved,True,False,False,83,17,0,0,5,15
tuned,ppo,2024,stochastic,48,50048,5.0,15,True,False,success,saved,True,False,False,83,17,0,0,5,15
tuned,ppo,2024,stochastic,49,50049,5.0,15,True,False,success,saved,True,False,False,85,15,0,0,5,15
tuned,ppo,2024,stochastic,50,50050,5.0,15,True,False,success,saved,True,False,False,85,15,0,0,5,15
tuned,ppo,2024,stochastic,51,50051,5.0,15,True,False,success,saved,True,False,False,85,15,0,0,5,15
tuned,ppo,2024,stochastic,52,50052,5.0,15,True,False,success,saved,True,False,False,85,15,0,0,5,15
tuned,ppo,2024,stochastic,53,50053,5.0,15,True,False,success,saved,True,False,False,85,15,0,0,5,15
tuned,ppo,2024,stochastic,54,50054,5.0,15,True,False,success,saved,True,False,False,85,15,0,0,5,15
tuned,ppo,2024,stochastic,55,50055,5.0,15,True,False,success,saved,True,False,False,85,15,0,0,5,15
tuned,ppo,2024,stochastic,56,50056,5.0,15,True,False,success,saved,True,False,False,85,15,0,0,5,15
tuned,ppo,2024,stochastic,57,50057,5.0,15,True,False,success,saved,True,False,False,85,15,0,0,5,15
tuned,ppo,2024,stochastic,58,50058,5.0,15,True,False,success,saved,True,False,False,85,15,0,0,5,15
tuned,ppo,2024,stochastic,59,50059,5.0,15,True,False,success,saved,True,False,False,85,15,0,0,5,15
tuned,ppo,2024,stochastic,60,50060,5.0,15,True,False,success,saved,True,False,False,85,15,0,0,5,15
tuned,ppo,2024,stochastic,61,50061,5.0,15,True,False,success,saved,True,False,False,85,15,0,0,5,15
tuned,ppo,2024,stochastic,62,50062,5.0,15,True,False,success,saved,True,False,False,85,15,0,0,5,15
tuned,ppo,2024,stochastic,63,50063,5.0,15,True,False,success,saved,True,False,False,85,15,0,0,5,15
tuned,ppo,2024,stochastic,64,50064,5.0,15,True,False,success,saved,True,False,False,85,15,0,0,5,15
tuned,ppo,2024,stochastic,65,50065,5.0,15,True,False,success,saved,True,False,False,85,15,0,0,5,15
tuned,ppo,2024,stochastic,66,50066,5.0,15,True,False,success,saved,True,False,False,85,15,0,0,5,15
tuned,ppo,2024,stochastic,67,50067,5.0,15,True,False,success,saved,True,False,False,85,15,0,0,5,15
tuned,ppo,2024,stochastic,68,50068,5.0,15,True,False,success,saved,True,False,False,85,15,0,0,5,15
tuned,ppo,2024,stochastic,69,50069,5.0,15,True,False,success,saved,True,False,False,85,15,0,0,5,15
tuned,ppo,2024,stochastic,70,50070,5.0,15,True,False,success,saved,True,False,False,83,17,0,0,5,15
tuned,ppo,2024,stochastic,71,50071,5.0,15,True,False,success,saved,True,False,False,85,15,0,0,5,15
tuned,ppo,2024,stochastic,72,50072,5.0,15,True,False,success,saved,True,False,False,85,15,0,0,5,15
tuned,ppo,2024,stochastic,73,50073,5.0,15,True,False,success,saved,True,False,False,85,15,0,0,5,15
tuned,ppo,2024,stochastic,74,50074,5.0,15,True,False,success,saved,True,False,False,83,17,0,0,5,15
tuned,ppo,2024,stochastic,75,50075,5.0,15,True,False,success,saved,True,False,False,85,15,0,0,5,15
tuned,ppo,2024,stochastic,76,50076,5.0,15,True,False,success,saved,True,False,False,85,15,0,0,5,15
tuned,ppo,2024,stochastic,77,50077,5.0,15,True,False,success,saved,True,False,False,85,15,0,0,5,15
tuned,ppo,2024,stochastic,78,50078,5.0,15,True,False,success,saved,True,False,False,85,15,0,0,5,15
tuned,ppo,2024,stochastic,79,50079,5.0,15,True,False,success,saved,True,False,False,85,15,0,0,5,15
tuned,ppo,2024,stochastic,80,50080,5.0,15,True,False,success,saved,True,False,False,85,15,0,0,5,15
tuned,ppo,2024,stochastic,81,50081,5.0,15,True,False,success,saved,True,False,False,85,15,0,0,5,15
tuned,ppo,2024,stochastic,82,50082,5.0,15,True,False,success,saved,True,False,False,85,15,0,0,5,15
tuned,ppo,2024,stochastic,83,50083,5.0,15,True,False,success,saved,True,False,False,85,15,0,0,5,15
tuned,ppo,2024,stochastic,84,50084,5.0,15,True,False,success,saved,True,False,False,85,15,0,0,5,15
tuned,ppo,2024,stochastic,85,50085,5.0,15,True,False,success,saved,True,False,False,85,15,0,0,5,15
tuned,ppo,2024,stochastic,86,50086,5.0,15,True,False,success,saved,True,False,False,83,17,0,0,5,15
tuned,ppo,2024,stochastic,87,50087,5.0,15,True,False,success,saved,True,False,False,85,15,0,0,5,15
tuned,ppo,2024,stochastic,88,50088,5.0,15,True,False,success,saved,True,False,False,85,15,0,0,5,15
tuned,ppo,2024,stochastic,89,50089,5.0,15,True,False,success,saved,True,False,False,85,15,0,0,5,15
tuned,ppo,2024,stochastic,90,50090,5.0,15,True,False,success,saved,True,False,False,85,15,0,0,5,15
tuned,ppo,2024,stochastic,91,50091,5.0,15,True,False,success,saved,True,False,False,85,15,0,0,5,15
tuned,ppo,2024,stochastic,92,50092,5.0,15,True,False,success,saved,True,False,False,85,15,0,0,5,15
tuned,ppo,2024,stochastic,93,50093,5.0,15,True,False,success,saved,True,False,False,85,15,0,0,5,15
tuned,ppo,2024,stochastic,94,50094,5.0,15,True,False,success,saved,True,False,False,85,15,0,0,5,15
tuned,ppo,2024,stochastic,95,50095,4.0,16,True,False,success,saved,True,False,False,85,15,0,0,5,16
tuned,ppo,2024,stochastic,96,50096,5.0,15,True,False,success,saved,True,False,False,85,15,0,0,5,15
tuned,ppo,2024,stochastic,97,50097,5.0,15,True,False,success,saved,True,False,False,85,15,0,0,5,15
tuned,ppo,2024,stochastic,98,50098,5.0,15,True,False,success,saved,True,False,False,85,15,0,0,5,15
tuned,ppo,2024,stochastic,99,50099,5.0,15,True,False,success,saved,True,False,False,85,15,0,0,5,15
tuned,ppo,7,deterministic,0,50000,5.0,15,True,False,success,saved,True,False,False,85,15,0,0,5,15
tuned,ppo,7,deterministic,1,50001,5.0,15,True,False,success,saved,True,False,False,85,15,0,0,5,15
tuned,ppo,7,deterministic,2,50002,5.0,15,True,False,success,saved,True,False,False,85,15,0,0,5,15
tuned,ppo,7,deterministic,3,50003,5.0,15,True,False,success,saved,True,False,False,85,15,0,0,5,15
tuned,ppo,7,deterministic,4,50004,5.0,15,True,False,success,saved,True,False,False,85,15,0,0,5,15
tuned,ppo,7,deterministic,5,50005,5.0,15,True,False,success,saved,True,False,False,85,15,0,0,5,15
tuned,ppo,7,deterministic,6,50006,5.0,15,True,False,success,saved,True,False,False,85,15,0,0,5,15
tuned,ppo,7,deterministic,7,50007,5.0,15,True,False,success,saved,True,False,False,85,15,0,0,5,15
tuned,ppo,7,deterministic,8,50008,5.0,15,True,False,success,saved,True,False,False,85,15,0,0,5,15
tuned,ppo,7,deterministic,9,50009,5.0,15,True,False,success,saved,True,False,False,85,15,0,0,5,15
tuned,ppo,7,deterministic,10,50010,5.0,15,True,False,success,saved,True,False,False,85,15,0,0,5,15
tuned,ppo,7,deterministic,11,50011,5.0,15,True,False,success,saved,True,False,False,85,15,0,0,5,15
tuned,ppo,7,deterministic,12,50012,5.0,15,True,False,success,saved,True,False,False,85,15,0,0,5,15
tuned,ppo,7,deterministic,13,50013,5.0,15,True,False,success,saved,True,False,False,85,15,0,0,5,15
tuned,ppo,7,deterministic,14,50014,5.0,15,True,False,success,saved,True,False,False,85,15,0,0,5,15
tuned,ppo,7,deterministic,15,50015,4.0,16,True,False,success,saved,True,False,False,85,15,0,0,5,16
tuned,ppo,7,deterministic,16,50016,5.0,15,True,False,success,saved,True,False,False,85,15,0,0,5,15
tuned,ppo,7,deterministic,17,50017,5.0,15,True,False,success,saved,True,False,False,83,17,0,0,5,15
tuned,ppo,7,deterministic,18,50018,5.0,15,True,False,success,saved,True,False,False,85,15,0,0,5,15
tuned,ppo,7,deterministic,19,50019,5.0,15,True,False,success,saved,True,False,False,85,15,0,0,5,15
tuned,ppo,7,deterministic,20,50020,5.0,15,True,False,success,saved,True,False,False,85,15,0,0,5,15
tuned,ppo,7,deterministic,21,50021,5.0,15,True,False,success,saved,True,False,False,85,15,0,0,5,15
tuned,ppo,7,deterministic,22,50022,5.0,15,True,False,success,saved,True,False,False,85,15,0,0,5,15
tuned,ppo,7,deterministic,23,50023,5.0,15,True,False,success,saved,True,False,False,85,15,0,0,5,15
tuned,ppo,7,deterministic,24,50024,5.0,15,True,False,success,saved,True,False,False,85,15,0,0,5,15
tuned,ppo,7,deterministic,25,50025,5.0,15,True,False,success,saved,True,False,False,85,15,0,0,5,15
tuned,ppo,7,deterministic,26,50026,5.0,15,True,False,success,saved,True,False,False,85,15,0,0,5,15
tuned,ppo,7,deterministic,27,50027,5.0,15,True,False,success,saved,True,False,False,85,15,0,0,5,15
tuned,ppo,7,deterministic,28,50028,5.0,15,True,False,success,saved,True,False,False,85,15,0,0,5,15
tuned,ppo,7,deterministic,29,50029,5.0,15,True,False,success,saved,True,False,False,85,15,0,0,5,15
tuned,ppo,7,deterministic,30,50030,5.0,15,True,False,success,saved,True,False,False,85,15,0,0,5,15
tuned,ppo,7,deterministic,31,50031,5.0,15,True,False,success,saved,True,False,False,85,15,0,0,5,15
tuned,ppo,7,deterministic,32,50032,5.0,15,True,False,success,saved,True,False,False,85,15,0,0,5,15
tuned,ppo,7,deterministic,33,50033,5.0,15,True,False,success,saved,True,False,False,85,15,0,0,5,15
tuned,ppo,7,deterministic,34,50034,-10.0,30,True,False,success,saved,True,False,False,85,15,0,0,5,30
tuned,ppo,7,deterministic,35,50035,5.0,15,True,False,success,saved,True,False,False,85,15,0,0,5,15
tuned,ppo,7,deterministic,36,50036,5.0,15,True,False,success,saved,True,False,False,85,15,0,0,5,15
tuned,ppo,7,deterministic,37,50037,3.0,17,True,False,success,saved,True,False,False,85,15,0,0,5,17
tuned,ppo,7,deterministic,38,50038,5.0,15,True,False,success,saved,True,False,False,85,15,0,0,5,15
tuned,ppo,7,deterministic,39,50039,5.0,15,True,False,success,saved,True,False,False,85,15,0,0,5,15
tuned,ppo,7,deterministic,40,50040,5.0,15,True,False,success,saved,True,False,False,85,15,0,0,5,15
tuned,ppo,7,deterministic,41,50041,5.0,15,True,False,success,saved,True,False,False,85,15,0,0,5,15
tuned,ppo,7,deterministic,42,50042,5.0,15,True,False,success,saved,True,False,False,85,15,0,0,5,15
tuned,ppo,7,deterministic,43,50043,5.0,15,True,False,success,saved,True,False,False,85,15,0,0,5,15
tuned,ppo,7,deterministic,44,50044,5.0,15,True,False,success,saved,True,False,False,85,15,0,0,5,15
tuned,ppo,7,deterministic,45,50045,5.0,15,True,False,success,saved,True,False,False,85,15,0,0,5,15
tuned,ppo,7,deterministic,46,50046,5.0,15,True,False,success,saved,True,False,False,85,15,0,0,5,15
tuned,ppo,7,deterministic,47,50047,3.0,17,True,False,success,saved,True,False,False,85,15,0,0,5,17
tuned,ppo,7,deterministic,48,50048,5.0,15,True,False,success,saved,True,False,False,85,15,0,0,5,15
tuned,ppo,7,deterministic,49,50049,5.0,15,True,False,success,saved,True,False,False,85,15,0,0,5,15
tuned,ppo,7,deterministic,50,50050,5.0,15,True,False,success,saved,True,False,False,85,15,0,0,5,15
tuned,ppo,7,deterministic,51,50051,5.0,15,True,False,success,saved,True,False,False,85,15,0,0,5,15
tuned,ppo,7,deterministic,52,50052,-1.0,21,True,False,success,saved,True,False,False,85,15,0,0,5,21
tuned,ppo,7,deterministic,53,50053,5.0,15,True,False,success,saved,True,False,False,85,15,0,0,5,15
tuned,ppo,7,deterministic,54,50054,5.0,15,True,False,success,saved,True,False,False,85,15,0,0,5,15
tuned,ppo,7,deterministic,55,50055,5.0,15,True,False,success,saved,True,False,False,85,15,0,0,5,15
tuned,ppo,7,deterministic,56,50056,5.0,15,True,False,success,saved,True,False,False,85,15,0,0,5,15
tuned,ppo,7,deterministic,57,50057,5.0,15,True,False,success,saved,True,False,False,85,15,0,0,5,15
tuned,ppo,7,deterministic,58,50058,5.0,15,True,False,success,saved,True,False,False,85,15,0,0,5,15
tuned,ppo,7,deterministic,59,50059,5.0,15,True,False,success,saved,True,False,False,85,15,0,0,5,15
tuned,ppo,7,deterministic,60,50060,5.0,15,True,False,success,saved,True,False,False,85,15,0,0,5,15
tuned,ppo,7,deterministic,61,50061,5.0,15,True,False,success,saved,True,False,False,85,15,0,0,5,15
tuned,ppo,7,deterministic,62,50062,5.0,15,True,False,success,saved,True,False,False,83,17,0,0,5,15
tuned,ppo,7,deterministic,63,50063,5.0,15,True,False,success,saved,True,False,False,85,15,0,0,5,15
tuned,ppo,7,deterministic,64,50064,5.0,15,True,False,success,saved,True,False,False,85,15,0,0,5,15
tuned,ppo,7,deterministic,65,50065,5.0,15,True,False,success,saved,True,False,False,85,15,0,0,5,15
tuned,ppo,7,deterministic,66,50066,5.0,15,True,False,success,saved,True,False,False,85,15,0,0,5,15
tuned,ppo,7,deterministic,67,50067,5.0,15,True,False,success,saved,True,False,False,85,15,0,0,5,15
tuned,ppo,7,deterministic,68,50068,5.0,15,True,False,success,saved,True,False,False,85,15,0,0,5,15
tuned,ppo,7,deterministic,69,50069,5.0,15,True,False,success,saved,True,False,False,85,15,0,0,5,15
tuned,ppo,7,deterministic,70,50070,5.0,15,True,False,success,saved,True,False,False,85,15,0,0,5,15
tuned,ppo,7,deterministic,71,50071,5.0,15,True,False,success,saved,True,False,False,85,15,0,0,5,15
tuned,ppo,7,deterministic,72,50072,5.0,15,True,False,success,saved,True,False,False,85,15,0,0,5,15
tuned,ppo,7,deterministic,73,50073,5.0,15,True,False,success,saved,True,False,False,85,15,0,0,5,15
tuned,ppo,7,deterministic,74,50074,5.0,15,True,False,success,saved,True,False,False,85,15,0,0,5,15
tuned,ppo,7,deterministic,75,50075,5.0,15,True,False,success,saved,True,False,False,85,15,0,0,5,15
tuned,ppo,7,deterministic,76,50076,5.0,15,True,False,success,saved,True,False,False,85,15,0,0,5,15
tuned,ppo,7,deterministic,77,50077,5.0,15,True,False,success,saved,True,False,False,85,15,0,0,5,15
tuned,ppo,7,deterministic,78,50078,5.0,15,True,False,success,saved,True,False,False,85,15,0,0,5,15
tuned,ppo,7,deterministic,79,50079,5.0,15,True,False,success,saved,True,False,False,85,15,0,0,5,15
tuned,ppo,7,deterministic,80,50080,5.0,15,True,False,success,saved,True,False,False,85,15,0,0,5,15
tuned,ppo,7,deterministic,81,50081,5.0,15,True,False,success,saved,True,False,False,85,15,0,0,5,15
tuned,ppo,7,deterministic,82,50082,5.0,15,True,False,success,saved,True,False,False,85,15,0,0,5,15
tuned,ppo,7,deterministic,83,50083,5.0,15,True,False,success,saved,True,False,False,85,15,0,0,5,15
tuned,ppo,7,deterministic,84,50084,5.0,15,True,False,success,saved,True,False,False,85,15,0,0,5,15
tuned,ppo,7,deterministic,85,50085,5.0,15,True,False,success,saved,True,False,False,85,15,0,0,5,15
tuned,ppo,7,deterministic,86,50086,5.0,15,True,False,success,saved,True,False,False,83,17,0,0,5,15
tuned,ppo,7,deterministic,87,50087,5.0,15,True,False,success,saved,True,False,False,85,15,0,0,5,15
tuned,ppo,7,deterministic,88,50088,5.0,15,True,False,success,saved,True,False,False,83,17,0,0,5,15
tuned,ppo,7,deterministic,89,50089,5.0,15,True,False,success,saved,True,False,False,85,15,0,0,5,15
tuned,ppo,7,deterministic,90,50090,5.0,15,True,False,success,saved,True,False,False,85,15,0,0,5,15
tuned,ppo,7,deterministic,91,50091,5.0,15,True,False,success,saved,True,False,False,85,15,0,0,5,15
tuned,ppo,7,deterministic,92,50092,5.0,15,True,False,success,saved,True,False,False,85,15,0,0,5,15
tuned,ppo,7,deterministic,93,50093,5.0,15,True,False,success,saved,True,False,False,85,15,0,0,5,15
tuned,ppo,7,deterministic,94,50094,5.0,15,True,False,success,saved,True,False,False,85,15,0,0,5,15
tuned,ppo,7,deterministic,95,50095,5.0,15,True,False,success,saved,True,False,False,85,15,0,0,5,15
tuned,ppo,7,deterministic,96,50096,5.0,15,True,False,success,saved,True,False,False,85,15,0,0,5,15
tuned,ppo,7,deterministic,97,50097,5.0,15,True,False,success,saved,True,False,False,85,15,0,0,5,15
tuned,ppo,7,deterministic,98,50098,5.0,15,True,False,success,saved,True,False,False,85,15,0,0,5,15
tuned,ppo,7,deterministic,99,50099,5.0,15,True,False,success,saved,True,False,False,83,17,0,0,5,15
tuned,ppo,7,stochastic,0,50000,5.0,15,True,False,success,saved,True,False,False,85,15,0,0,5,15
tuned,ppo,7,stochastic,1,50001,5.0,15,True,False,success,saved,True,False,False,85,15,0,0,5,15
tuned,ppo,7,stochastic,2,50002,5.0,15,True,False,success,saved,True,False,False,85,15,0,0,5,15
tuned,ppo,7,stochastic,3,50003,5.0,15,True,False,success,saved,True,False,False,85,15,0,0,5,15
tuned,ppo,7,stochastic,4,50004,5.0,15,True,False,success,saved,True,False,False,85,15,0,0,5,15
tuned,ppo,7,stochastic,5,50005,5.0,15,True,False,success,saved,True,False,False,85,15,0,0,5,15
tuned,ppo,7,stochastic,6,50006,4.0,16,True,False,success,saved,True,False,False,85,15,0,0,5,16
tuned,ppo,7,stochastic,7,50007,5.0,15,True,False,success,saved,True,False,False,85,15,0,0,5,15
tuned,ppo,7,stochastic,8,50008,5.0,15,True,False,success,saved,True,False,False,85,15,0,0,5,15
tuned,ppo,7,stochastic,9,50009,5.0,15,True,False,success,saved,True,False,False,85,15,0,0,5,15
tuned,ppo,7,stochastic,10,50010,5.0,15,True,False,success,saved,True,False,False,85,15,0,0,5,15
tuned,ppo,7,stochastic,11,50011,5.0,15,True,False,success,saved,True,False,False,85,15,0,0,5,15
tuned,ppo,7,stochastic,12,50012,5.0,15,True,False,success,saved,True,False,False,85,15,0,0,5,15
tuned,ppo,7,stochastic,13,50013,5.0,15,True,False,success,saved,True,False,False,85,15,0,0,5,15
tuned,ppo,7,stochastic,14,50014,5.0,15,True,False,success,saved,True,False,False,85,15,0,0,5,15
tuned,ppo,7,stochastic,15,50015,4.0,16,True,False,success,saved,True,False,False,85,15,0,0,5,16
tuned,ppo,7,stochastic,16,50016,4.0,16,True,False,success,saved,True,False,False,85,15,0,0,5,16
tuned,ppo,7,stochastic,17,50017,5.0,15,True,False,success,saved,True,False,False,85,15,0,0,5,15
tuned,ppo,7,stochastic,18,50018,5.0,15,True,False,success,saved,True,False,False,85,15,0,0,5,15
tuned,ppo,7,stochastic,19,50019,5.0,15,True,False,success,saved,True,False,False,85,15,0,0,5,15
tuned,ppo,7,stochastic,20,50020,5.0,15,True,False,success,saved,True,False,False,85,15,0,0,5,15
tuned,ppo,7,stochastic,21,50021,5.0,15,True,False,success,saved,True,False,False,85,15,0,0,5,15
tuned,ppo,7,stochastic,22,50022,5.0,15,True,False,success,saved,True,False,False,85,15,0,0,5,15
tuned,ppo,7,stochastic,23,50023,5.0,15,True,False,success,saved,True,False,False,85,15,0,0,5,15
tuned,ppo,7,stochastic,24,50024,1.0,19,True,False,success,saved,True,False,False,85,15,0,0,5,19
tuned,ppo,7,stochastic,25,50025,5.0,15,True,False,success,saved,True,False,False,85,15,0,0,5,15
tuned,ppo,7,stochastic,26,50026,5.0,15,True,False,success,saved,True,False,False,85,15,0,0,5,15
tuned,ppo,7,stochastic,27,50027,5.0,15,True,False,success,saved,True,False,False,85,15,0,0,5,15
tuned,ppo,7,stochastic,28,50028,5.0,15,True,False,success,saved,True,False,False,85,15,0,0,5,15
tuned,ppo,7,stochastic,29,50029,5.0,15,True,False,success,saved,True,False,False,85,15,0,0,5,15
tuned,ppo,7,stochastic,30,50030,5.0,15,True,False,success,saved,True,False,False,85,15,0,0,5,15
tuned,ppo,7,stochastic,31,50031,5.0,15,True,False,success,saved,True,False,False,85,15,0,0,5,15
tuned,ppo,7,stochastic,32,50032,5.0,15,True,False,success,saved,True,False,False,85,15,0,0,5,15
tuned,ppo,7,stochastic,33,50033,5.0,15,True,False,success,saved,True,False,False,85,15,0,0,5,15
tuned,ppo,7,stochastic,34,50034,5.0,15,True,False,success,saved,True,False,False,85,15,0,0,5,15
tuned,ppo,7,stochastic,35,50035,5.0,15,True,False,success,saved,True,False,False,85,15,0,0,5,15
tuned,ppo,7,stochastic,36,50036,5.0,15,True,False,success,saved,True,False,False,85,15,0,0,5,15
tuned,ppo,7,stochastic,37,50037,4.0,16,True,False,success,saved,True,False,False,85,15,0,0,5,16
tuned,ppo,7,stochastic,38,50038,5.0,15,True,False,success,saved,True,False,False,85,15,0,0,5,15
tuned,ppo,7,stochastic,39,50039,5.0,15,True,False,success,saved,True,False,False,85,15,0,0,5,15
tuned,ppo,7,stochastic,40,50040,5.0,15,True,False,success,saved,True,False,False,85,15,0,0,5,15
tuned,ppo,7,stochastic,41,50041,5.0,15,True,False,success,saved,True,False,False,85,15,0,0,5,15
tuned,ppo,7,stochastic,42,50042,5.0,15,True,False,success,saved,True,False,False,85,15,0,0,5,15
tuned,ppo,7,stochastic,43,50043,5.0,15,True,False,success,saved,True,False,False,85,15,0,0,5,15
tuned,ppo,7,stochastic,44,50044,5.0,15,True,False,success,saved,True,False,False,85,15,0,0,5,15
tuned,ppo,7,stochastic,45,50045,5.0,15,True,False,success,saved,True,False,False,85,15,0,0,5,15
tuned,ppo,7,stochastic,46,50046,5.0,15,True,False,success,saved,True,False,False,85,15,0,0,5,15
tuned,ppo,7,stochastic,47,50047,5.0,15,True,False,success,saved,True,False,False,85,15,0,0,5,15
tuned,ppo,7,stochastic,48,50048,5.0,15,True,False,success,saved,True,False,False,85,15,0,0,5,15
tuned,ppo,7,stochastic,49,50049,5.0,15,True,False,success,saved,True,False,False,85,15,0,0,5,15
tuned,ppo,7,stochastic,50,50050,5.0,15,True,False,success,saved,True,False,False,83,17,0,0,5,15
tuned,ppo,7,stochastic,51,50051,5.0,15,True,False,success,saved,True,False,False,85,15,0,0,5,15
tuned,ppo,7,stochastic,52,50052,3.0,17,True,False,success,saved,True,False,False,81,19,0,0,5,17
tuned,ppo,7,stochastic,53,50053,5.0,15,True,False,success,saved,True,False,False,85,15,0,0,5,15
tuned,ppo,7,stochastic,54,50054,5.0,15,True,False,success,saved,True,False,False,85,15,0,0,5,15
tuned,ppo,7,stochastic,55,50055,5.0,15,True,False,success,saved,True,False,False,85,15,0,0,5,15
tuned,ppo,7,stochastic,56,50056,5.0,15,True,False,success,saved,True,False,False,85,15,0,0,5,15
tuned,ppo,7,stochastic,57,50057,5.0,15,True,False,success,saved,True,False,False,85,15,0,0,5,15
tuned,ppo,7,stochastic,58,50058,3.0,17,True,False,success,saved,True,False,False,85,15,0,0,5,17
tuned,ppo,7,stochastic,59,50059,5.0,15,True,False,success,saved,True,False,False,85,15,0,0,5,15
tuned,ppo,7,stochastic,60,50060,5.0,15,True,False,success,saved,True,False,False,85,15,0,0,5,15
tuned,ppo,7,stochastic,61,50061,5.0,15,True,False,success,saved,True,False,False,85,15,0,0,5,15
tuned,ppo,7,stochastic,62,50062,5.0,15,True,False,success,saved,True,False,False,83,17,0,0,5,15
tuned,ppo,7,stochastic,63,50063,5.0,15,True,False,success,saved,True,False,False,85,15,0,0,5,15
tuned,ppo,7,stochastic,64,50064,5.0,15,True,False,success,saved,True,False,False,85,15,0,0,5,15
tuned,ppo,7,stochastic,65,50065,5.0,15,True,False,success,saved,True,False,False,85,15,0,0,5,15
tuned,ppo,7,stochastic,66,50066,5.0,15,True,False,success,saved,True,False,False,85,15,0,0,5,15
tuned,ppo,7,stochastic,67,50067,5.0,15,True,False,success,saved,True,False,False,85,15,0,0,5,15
tuned,ppo,7,stochastic,68,50068,5.0,15,True,False,success,saved,True,False,False,85,15,0,0,5,15
tuned,ppo,7,stochastic,69,50069,5.0,15,True,False,success,saved,True,False,False,85,15,0,0,5,15
tuned,ppo,7,stochastic,70,50070,4.0,16,True,False,success,saved,True,False,False,83,17,0,0,5,16
tuned,ppo,7,stochastic,71,50071,5.0,15,True,False,success,saved,True,False,False,85,15,0,0,5,15
tuned,ppo,7,stochastic,72,50072,5.0,15,True,False,success,saved,True,False,False,85,15,0,0,5,15
tuned,ppo,7,stochastic,73,50073,5.0,15,True,False,success,saved,True,False,False,85,15,0,0,5,15
tuned,ppo,7,stochastic,74,50074,5.0,15,True,False,success,saved,True,False,False,85,15,0,0,5,15
tuned,ppo,7,stochastic,75,50075,5.0,15,True,False,success,saved,True,False,False,85,15,0,0,5,15
tuned,ppo,7,stochastic,76,50076,5.0,15,True,False,success,saved,True,False,False,85,15,0,0,5,15
tuned,ppo,7,stochastic,77,50077,4.0,16,True,False,success,saved,True,False,False,85,15,0,0,5,16
tuned,ppo,7,stochastic,78,50078,3.0,17,True,False,success,saved,True,False,False,83,17,0,0,5,17
tuned,ppo,7,stochastic,79,50079,5.0,15,True,False,success,saved,True,False,False,85,15,0,0,5,15
tuned,ppo,7,stochastic,80,50080,5.0,15,True,False,success,saved,True,False,False,85,15,0,0,5,15
tuned,ppo,7,stochastic,81,50081,5.0,15,True,False,success,saved,True,False,False,85,15,0,0,5,15
tuned,ppo,7,stochastic,82,50082,5.0,15,True,False,success,saved,True,False,False,85,15,0,0,5,15
tuned,ppo,7,stochastic,83,50083,5.0,15,True,False,success,saved,True,False,False,85,15,0,0,5,15
tuned,ppo,7,stochastic,84,50084,5.0,15,True,False,success,saved,True,False,False,85,15,0,0,5,15
tuned,ppo,7,stochastic,85,50085,5.0,15,True,False,success,saved,True,False,False,85,15,0,0,5,15
tuned,ppo,7,stochastic,86,50086,5.0,15,True,False,success,saved,True,False,False,83,17,0,0,5,15
tuned,ppo,7,stochastic,87,50087,4.0,16,True,False,success,saved,True,False,False,85,15,0,0,5,16
tuned,ppo,7,stochastic,88,50088,5.0,15,True,False,success,saved,True,False,False,85,15,0,0,5,15
tuned,ppo,7,stochastic,89,50089,3.0,17,True,False,success,saved,True,False,False,85,15,0,0,5,17
tuned,ppo,7,stochastic,90,50090,5.0,15,True,False,success,saved,True,False,False,85,15,0,0,5,15
tuned,ppo,7,stochastic,91,50091,5.0,15,True,False,success,saved,True,False,False,85,15,0,0,5,15
tuned,ppo,7,stochastic,92,50092,5.0,15,True,False,success,saved,True,False,False,85,15,0,0,5,15
tuned,ppo,7,stochastic,93,50093,5.0,15,True,False,success,saved,True,False,False,85,15,0,0,5,15
tuned,ppo,7,stochastic,94,50094,5.0,15,True,False,success,saved,True,False,False,85,15,0,0,5,15
tuned,ppo,7,stochastic,95,50095,5.0,15,True,False,success,saved,True,False,False,85,15,0,0,5,15
tuned,ppo,7,stochastic,96,50096,5.0,15,True,False,success,saved,True,False,False,85,15,0,0,5,15
tuned,ppo,7,stochastic,97,50097,5.0,15,True,False,success,saved,True,False,False,85,15,0,0,5,15
tuned,ppo,7,stochastic,98,50098,5.0,15,True,False,success,saved,True,False,False,85,15,0,0,5,15
tuned,ppo,7,stochastic,99,50099,5.0,15,True,False,success,saved,True,False,False,85,15,0,0,5,15
tuned,ppo,314,deterministic,0,50000,5.0,15,True,False,success,saved,True,False,False,85,15,0,0,5,15
tuned,ppo,314,deterministic,1,50001,5.0,15,True,False,success,saved,True,False,False,85,15,0,0,5,15
tuned,ppo,314,deterministic,2,50002,5.0,15,True,False,success,saved,True,False,False,85,15,0,0,5,15
tuned,ppo,314,deterministic,3,50003,5.0,15,True,False,success,saved,True,False,False,85,15,0,0,5,15
tuned,ppo,314,deterministic,4,50004,5.0,15,True,False,success,saved,True,False,False,85,15,0,0,5,15
tuned,ppo,314,deterministic,5,50005,5.0,15,True,False,success,saved,True,False,False,85,15,0,0,5,15
tuned,ppo,314,deterministic,6,50006,5.0,15,True,False,success,saved,True,False,False,85,15,0,0,5,15
tuned,ppo,314,deterministic,7,50007,5.0,15,True,False,success,saved,True,False,False,83,17,0,0,5,15
tuned,ppo,314,deterministic,8,50008,5.0,15,True,False,success,saved,True,False,False,85,15,0,0,5,15
tuned,ppo,314,deterministic,9,50009,5.0,15,True,False,success,saved,True,False,False,83,17,0,0,5,15
tuned,ppo,314,deterministic,10,50010,5.0,15,True,False,success,saved,True,False,False,85,15,0,0,5,15
tuned,ppo,314,deterministic,11,50011,5.0,15,True,False,success,saved,True,False,False,85,15,0,0,5,15
tuned,ppo,314,deterministic,12,50012,5.0,15,True,False,success,saved,True,False,False,85,15,0,0,5,15
tuned,ppo,314,deterministic,13,50013,5.0,15,True,False,success,saved,True,False,False,85,15,0,0,5,15
tuned,ppo,314,deterministic,14,50014,5.0,15,True,False,success,saved,True,False,False,85,15,0,0,5,15
tuned,ppo,314,deterministic,15,50015,-100.0,100,False,True,max_steps,with_robot,False,False,False,86,14,0,0,5,
tuned,ppo,314,deterministic,16,50016,5.0,15,True,False,success,saved,True,False,False,85,15,0,0,5,15
tuned,ppo,314,deterministic,17,50017,5.0,15,True,False,success,saved,True,False,False,85,15,0,0,5,15
tuned,ppo,314,deterministic,18,50018,5.0,15,True,False,success,saved,True,False,False,85,15,0,0,5,15
tuned,ppo,314,deterministic,19,50019,5.0,15,True,False,success,saved,True,False,False,85,15,0,0,5,15
tuned,ppo,314,deterministic,20,50020,5.0,15,True,False,success,saved,True,False,False,85,15,0,0,5,15
tuned,ppo,314,deterministic,21,50021,5.0,15,True,False,success,saved,True,False,False,85,15,0,0,5,15
tuned,ppo,314,deterministic,22,50022,5.0,15,True,False,success,saved,True,False,False,85,15,0,0,5,15
tuned,ppo,314,deterministic,23,50023,5.0,15,True,False,success,saved,True,False,False,85,15,0,0,5,15
tuned,ppo,314,deterministic,24,50024,5.0,15,True,False,success,saved,True,False,False,85,15,0,0,5,15
tuned,ppo,314,deterministic,25,50025,5.0,15,True,False,success,saved,True,False,False,85,15,0,0,5,15
tuned,ppo,314,deterministic,26,50026,5.0,15,True,False,success,saved,True,False,False,85,15,0,0,5,15
tuned,ppo,314,deterministic,27,50027,5.0,15,True,False,success,saved,True,False,False,85,15,0,0,5,15
tuned,ppo,314,deterministic,28,50028,5.0,15,True,False,success,saved,True,False,False,85,15,0,0,5,15
tuned,ppo,314,deterministic,29,50029,5.0,15,True,False,success,saved,True,False,False,85,15,0,0,5,15
tuned,ppo,314,deterministic,30,50030,5.0,15,True,False,success,saved,True,False,False,85,15,0,0,5,15
tuned,ppo,314,deterministic,31,50031,5.0,15,True,False,success,saved,True,False,False,85,15,0,0,5,15
tuned,ppo,314,deterministic,32,50032,5.0,15,True,False,success,saved,True,False,False,85,15,0,0,5,15
tuned,ppo,314,deterministic,33,50033,5.0,15,True,False,success,saved,True,False,False,85,15,0,0,5,15
tuned,ppo,314,deterministic,34,50034,5.0,15,True,False,success,saved,True,False,False,85,15,0,0,5,15
tuned,ppo,314,deterministic,35,50035,5.0,15,True,False,success,saved,True,False,False,85,15,0,0,5,15
tuned,ppo,314,deterministic,36,50036,5.0,15,True,False,success,saved,True,False,False,85,15,0,0,5,15
tuned,ppo,314,deterministic,37,50037,5.0,15,True,False,success,saved,True,False,False,85,15,0,0,5,15
tuned,ppo,314,deterministic,38,50038,5.0,15,True,False,success,saved,True,False,False,85,15,0,0,5,15
tuned,ppo,314,deterministic,39,50039,5.0,15,True,False,success,saved,True,False,False,85,15,0,0,5,15
tuned,ppo,314,deterministic,40,50040,5.0,15,True,False,success,saved,True,False,False,85,15,0,0,5,15
tuned,ppo,314,deterministic,41,50041,5.0,15,True,False,success,saved,True,False,False,85,15,0,0,5,15
tuned,ppo,314,deterministic,42,50042,5.0,15,True,False,success,saved,True,False,False,85,15,0,0,5,15
tuned,ppo,314,deterministic,43,50043,5.0,15,True,False,success,saved,True,False,False,85,15,0,0,5,15
tuned,ppo,314,deterministic,44,50044,5.0,15,True,False,success,saved,True,False,False,85,15,0,0,5,15
tuned,ppo,314,deterministic,45,50045,5.0,15,True,False,success,saved,True,False,False,85,15,0,0,5,15
tuned,ppo,314,deterministic,46,50046,5.0,15,True,False,success,saved,True,False,False,85,15,0,0,5,15
tuned,ppo,314,deterministic,47,50047,5.0,15,True,False,success,saved,True,False,False,85,15,0,0,5,15
tuned,ppo,314,deterministic,48,50048,5.0,15,True,False,success,saved,True,False,False,85,15,0,0,5,15
tuned,ppo,314,deterministic,49,50049,5.0,15,True,False,success,saved,True,False,False,85,15,0,0,5,15
tuned,ppo,314,deterministic,50,50050,5.0,15,True,False,success,saved,True,False,False,85,15,0,0,5,15
tuned,ppo,314,deterministic,51,50051,5.0,15,True,False,success,saved,True,False,False,85,15,0,0,5,15
tuned,ppo,314,deterministic,52,50052,5.0,15,True,False,success,saved,True,False,False,85,15,0,0,5,15
tuned,ppo,314,deterministic,53,50053,5.0,15,True,False,success,saved,True,False,False,85,15,0,0,5,15
tuned,ppo,314,deterministic,54,50054,5.0,15,True,False,success,saved,True,False,False,85,15,0,0,5,15
tuned,ppo,314,deterministic,55,50055,5.0,15,True,False,success,saved,True,False,False,85,15,0,0,5,15
tuned,ppo,314,deterministic,56,50056,5.0,15,True,False,success,saved,True,False,False,85,15,0,0,5,15
tuned,ppo,314,deterministic,57,50057,5.0,15,True,False,success,saved,True,False,False,85,15,0,0,5,15
tuned,ppo,314,deterministic,58,50058,5.0,15,True,False,success,saved,True,False,False,85,15,0,0,5,15
tuned,ppo,314,deterministic,59,50059,5.0,15,True,False,success,saved,True,False,False,85,15,0,0,5,15
tuned,ppo,314,deterministic,60,50060,5.0,15,True,False,success,saved,True,False,False,85,15,0,0,5,15
tuned,ppo,314,deterministic,61,50061,5.0,15,True,False,success,saved,True,False,False,85,15,0,0,5,15
tuned,ppo,314,deterministic,62,50062,5.0,15,True,False,success,saved,True,False,False,85,15,0,0,5,15
tuned,ppo,314,deterministic,63,50063,5.0,15,True,False,success,saved,True,False,False,85,15,0,0,5,15
tuned,ppo,314,deterministic,64,50064,5.0,15,True,False,success,saved,True,False,False,85,15,0,0,5,15
tuned,ppo,314,deterministic,65,50065,5.0,15,True,False,success,saved,True,False,False,85,15,0,0,5,15
tuned,ppo,314,deterministic,66,50066,5.0,15,True,False,success,saved,True,False,False,85,15,0,0,5,15
tuned,ppo,314,deterministic,67,50067,5.0,15,True,False,success,saved,True,False,False,85,15,0,0,5,15
tuned,ppo,314,deterministic,68,50068,5.0,15,True,False,success,saved,True,False,False,85,15,0,0,5,15
tuned,ppo,314,deterministic,69,50069,5.0,15,True,False,success,saved,True,False,False,85,15,0,0,5,15
tuned,ppo,314,deterministic,70,50070,5.0,15,True,False,success,saved,True,False,False,85,15,0,0,5,15
tuned,ppo,314,deterministic,71,50071,5.0,15,True,False,success,saved,True,False,False,85,15,0,0,5,15
tuned,ppo,314,deterministic,72,50072,5.0,15,True,False,success,saved,True,False,False,85,15,0,0,5,15
tuned,ppo,314,deterministic,73,50073,5.0,15,True,False,success,saved,True,False,False,85,15,0,0,5,15
tuned,ppo,314,deterministic,74,50074,5.0,15,True,False,success,saved,True,False,False,85,15,0,0,5,15
tuned,ppo,314,deterministic,75,50075,5.0,15,True,False,success,saved,True,False,False,85,15,0,0,5,15
tuned,ppo,314,deterministic,76,50076,5.0,15,True,False,success,saved,True,False,False,85,15,0,0,5,15
tuned,ppo,314,deterministic,77,50077,5.0,15,True,False,success,saved,True,False,False,85,15,0,0,5,15
tuned,ppo,314,deterministic,78,50078,5.0,15,True,False,success,saved,True,False,False,85,15,0,0,5,15
tuned,ppo,314,deterministic,79,50079,5.0,15,True,False,success,saved,True,False,False,85,15,0,0,5,15
tuned,ppo,314,deterministic,80,50080,5.0,15,True,False,success,saved,True,False,False,85,15,0,0,5,15
tuned,ppo,314,deterministic,81,50081,5.0,15,True,False,success,saved,True,False,False,85,15,0,0,5,15
tuned,ppo,314,deterministic,82,50082,5.0,15,True,False,success,saved,True,False,False,85,15,0,0,5,15
tuned,ppo,314,deterministic,83,50083,5.0,15,True,False,success,saved,True,False,False,85,15,0,0,5,15
tuned,ppo,314,deterministic,84,50084,5.0,15,True,False,success,saved,True,False,False,85,15,0,0,5,15
tuned,ppo,314,deterministic,85,50085,5.0,15,True,False,success,saved,True,False,False,85,15,0,0,5,15
tuned,ppo,314,deterministic,86,50086,5.0,15,True,False,success,saved,True,False,False,85,15,0,0,5,15
tuned,ppo,314,deterministic,87,50087,5.0,15,True,False,success,saved,True,False,False,85,15,0,0,5,15
tuned,ppo,314,deterministic,88,50088,5.0,15,True,False,success,saved,True,False,False,85,15,0,0,5,15
tuned,ppo,314,deterministic,89,50089,5.0,15,True,False,success,saved,True,False,False,85,15,0,0,5,15
tuned,ppo,314,deterministic,90,50090,5.0,15,True,False,success,saved,True,False,False,85,15,0,0,5,15
tuned,ppo,314,deterministic,91,50091,5.0,15,True,False,success,saved,True,False,False,85,15,0,0,5,15
tuned,ppo,314,deterministic,92,50092,5.0,15,True,False,success,saved,True,False,False,85,15,0,0,5,15
tuned,ppo,314,deterministic,93,50093,5.0,15,True,False,success,saved,True,False,False,85,15,0,0,5,15
tuned,ppo,314,deterministic,94,50094,5.0,15,True,False,success,saved,True,False,False,85,15,0,0,5,15
tuned,ppo,314,deterministic,95,50095,5.0,15,True,False,success,saved,True,False,False,85,15,0,0,5,15
tuned,ppo,314,deterministic,96,50096,5.0,15,True,False,success,saved,True,False,False,85,15,0,0,5,15
tuned,ppo,314,deterministic,97,50097,5.0,15,True,False,success,saved,True,False,False,85,15,0,0,5,15
tuned,ppo,314,deterministic,98,50098,5.0,15,True,False,success,saved,True,False,False,85,15,0,0,5,15
tuned,ppo,314,deterministic,99,50099,5.0,15,True,False,success,saved,True,False,False,85,15,0,0,5,15
tuned,ppo,314,stochastic,0,50000,5.0,15,True,False,success,saved,True,False,False,85,15,0,0,5,15
tuned,ppo,314,stochastic,1,50001,5.0,15,True,False,success,saved,True,False,False,85,15,0,0,5,15
tuned,ppo,314,stochastic,2,50002,5.0,15,True,False,success,saved,True,False,False,85,15,0,0,5,15
tuned,ppo,314,stochastic,3,50003,5.0,15,True,False,success,saved,True,False,False,85,15,0,0,5,15
tuned,ppo,314,stochastic,4,50004,5.0,15,True,False,success,saved,True,False,False,85,15,0,0,5,15
tuned,ppo,314,stochastic,5,50005,5.0,15,True,False,success,saved,True,False,False,85,15,0,0,5,15
tuned,ppo,314,stochastic,6,50006,5.0,15,True,False,success,saved,True,False,False,85,15,0,0,5,15
tuned,ppo,314,stochastic,7,50007,5.0,15,True,False,success,saved,True,False,False,83,17,0,0,5,15
tuned,ppo,314,stochastic,8,50008,5.0,15,True,False,success,saved,True,False,False,85,15,0,0,5,15
tuned,ppo,314,stochastic,9,50009,5.0,15,True,False,success,saved,True,False,False,83,17,0,0,5,15
tuned,ppo,314,stochastic,10,50010,5.0,15,True,False,success,saved,True,False,False,85,15,0,0,5,15
tuned,ppo,314,stochastic,11,50011,5.0,15,True,False,success,saved,True,False,False,85,15,0,0,5,15
tuned,ppo,314,stochastic,12,50012,5.0,15,True,False,success,saved,True,False,False,85,15,0,0,5,15
tuned,ppo,314,stochastic,13,50013,5.0,15,True,False,success,saved,True,False,False,85,15,0,0,5,15
tuned,ppo,314,stochastic,14,50014,5.0,15,True,False,success,saved,True,False,False,85,15,0,0,5,15
tuned,ppo,314,stochastic,15,50015,-11.0,31,True,False,success,saved,True,False,False,85,15,0,0,5,31
tuned,ppo,314,stochastic,16,50016,5.0,15,True,False,success,saved,True,False,False,85,15,0,0,5,15
tuned,ppo,314,stochastic,17,50017,5.0,15,True,False,success,saved,True,False,False,85,15,0,0,5,15
tuned,ppo,314,stochastic,18,50018,5.0,15,True,False,success,saved,True,False,False,85,15,0,0,5,15
tuned,ppo,314,stochastic,19,50019,5.0,15,True,False,success,saved,True,False,False,85,15,0,0,5,15
tuned,ppo,314,stochastic,20,50020,5.0,15,True,False,success,saved,True,False,False,85,15,0,0,5,15
tuned,ppo,314,stochastic,21,50021,5.0,15,True,False,success,saved,True,False,False,85,15,0,0,5,15
tuned,ppo,314,stochastic,22,50022,5.0,15,True,False,success,saved,True,False,False,85,15,0,0,5,15
tuned,ppo,314,stochastic,23,50023,5.0,15,True,False,success,saved,True,False,False,85,15,0,0,5,15
tuned,ppo,314,stochastic,24,50024,5.0,15,True,False,success,saved,True,False,False,85,15,0,0,5,15
tuned,ppo,314,stochastic,25,50025,5.0,15,True,False,success,saved,True,False,False,85,15,0,0,5,15
tuned,ppo,314,stochastic,26,50026,5.0,15,True,False,success,saved,True,False,False,85,15,0,0,5,15
tuned,ppo,314,stochastic,27,50027,5.0,15,True,False,success,saved,True,False,False,85,15,0,0,5,15
tuned,ppo,314,stochastic,28,50028,5.0,15,True,False,success,saved,True,False,False,85,15,0,0,5,15
tuned,ppo,314,stochastic,29,50029,5.0,15,True,False,success,saved,True,False,False,85,15,0,0,5,15
tuned,ppo,314,stochastic,30,50030,5.0,15,True,False,success,saved,True,False,False,85,15,0,0,5,15
tuned,ppo,314,stochastic,31,50031,5.0,15,True,False,success,saved,True,False,False,85,15,0,0,5,15
tuned,ppo,314,stochastic,32,50032,5.0,15,True,False,success,saved,True,False,False,85,15,0,0,5,15
tuned,ppo,314,stochastic,33,50033,5.0,15,True,False,success,saved,True,False,False,85,15,0,0,5,15
tuned,ppo,314,stochastic,34,50034,5.0,15,True,False,success,saved,True,False,False,85,15,0,0,5,15
tuned,ppo,314,stochastic,35,50035,5.0,15,True,False,success,saved,True,False,False,85,15,0,0,5,15
tuned,ppo,314,stochastic,36,50036,5.0,15,True,False,success,saved,True,False,False,85,15,0,0,5,15
tuned,ppo,314,stochastic,37,50037,5.0,15,True,False,success,saved,True,False,False,85,15,0,0,5,15
tuned,ppo,314,stochastic,38,50038,5.0,15,True,False,success,saved,True,False,False,85,15,0,0,5,15
tuned,ppo,314,stochastic,39,50039,5.0,15,True,False,success,saved,True,False,False,85,15,0,0,5,15
tuned,ppo,314,stochastic,40,50040,5.0,15,True,False,success,saved,True,False,False,85,15,0,0,5,15
tuned,ppo,314,stochastic,41,50041,5.0,15,True,False,success,saved,True,False,False,85,15,0,0,5,15
tuned,ppo,314,stochastic,42,50042,5.0,15,True,False,success,saved,True,False,False,85,15,0,0,5,15
tuned,ppo,314,stochastic,43,50043,5.0,15,True,False,success,saved,True,False,False,85,15,0,0,5,15
tuned,ppo,314,stochastic,44,50044,5.0,15,True,False,success,saved,True,False,False,85,15,0,0,5,15
tuned,ppo,314,stochastic,45,50045,5.0,15,True,False,success,saved,True,False,False,85,15,0,0,5,15
tuned,ppo,314,stochastic,46,50046,5.0,15,True,False,success,saved,True,False,False,85,15,0,0,5,15
tuned,ppo,314,stochastic,47,50047,5.0,15,True,False,success,saved,True,False,False,85,15,0,0,5,15
tuned,ppo,314,stochastic,48,50048,5.0,15,True,False,success,saved,True,False,False,85,15,0,0,5,15
tuned,ppo,314,stochastic,49,50049,5.0,15,True,False,success,saved,True,False,False,85,15,0,0,5,15
tuned,ppo,314,stochastic,50,50050,5.0,15,True,False,success,saved,True,False,False,85,15,0,0,5,15
tuned,ppo,314,stochastic,51,50051,5.0,15,True,False,success,saved,True,False,False,85,15,0,0,5,15
tuned,ppo,314,stochastic,52,50052,5.0,15,True,False,success,saved,True,False,False,85,15,0,0,5,15
tuned,ppo,314,stochastic,53,50053,5.0,15,True,False,success,saved,True,False,False,85,15,0,0,5,15
tuned,ppo,314,stochastic,54,50054,5.0,15,True,False,success,saved,True,False,False,85,15,0,0,5,15
tuned,ppo,314,stochastic,55,50055,5.0,15,True,False,success,saved,True,False,False,85,15,0,0,5,15
tuned,ppo,314,stochastic,56,50056,5.0,15,True,False,success,saved,True,False,False,85,15,0,0,5,15
tuned,ppo,314,stochastic,57,50057,5.0,15,True,False,success,saved,True,False,False,85,15,0,0,5,15
tuned,ppo,314,stochastic,58,50058,5.0,15,True,False,success,saved,True,False,False,85,15,0,0,5,15
tuned,ppo,314,stochastic,59,50059,5.0,15,True,False,success,saved,True,False,False,85,15,0,0,5,15
tuned,ppo,314,stochastic,60,50060,5.0,15,True,False,success,saved,True,False,False,85,15,0,0,5,15
tuned,ppo,314,stochastic,61,50061,5.0,15,True,False,success,saved,True,False,False,85,15,0,0,5,15
tuned,ppo,314,stochastic,62,50062,5.0,15,True,False,success,saved,True,False,False,85,15,0,0,5,15
tuned,ppo,314,stochastic,63,50063,5.0,15,True,False,success,saved,True,False,False,85,15,0,0,5,15
tuned,ppo,314,stochastic,64,50064,5.0,15,True,False,success,saved,True,False,False,85,15,0,0,5,15
tuned,ppo,314,stochastic,65,50065,5.0,15,True,False,success,saved,True,False,False,85,15,0,0,5,15
tuned,ppo,314,stochastic,66,50066,5.0,15,True,False,success,saved,True,False,False,85,15,0,0,5,15
tuned,ppo,314,stochastic,67,50067,5.0,15,True,False,success,saved,True,False,False,85,15,0,0,5,15
tuned,ppo,314,stochastic,68,50068,5.0,15,True,False,success,saved,True,False,False,85,15,0,0,5,15
tuned,ppo,314,stochastic,69,50069,5.0,15,True,False,success,saved,True,False,False,85,15,0,0,5,15
tuned,ppo,314,stochastic,70,50070,5.0,15,True,False,success,saved,True,False,False,85,15,0,0,5,15
tuned,ppo,314,stochastic,71,50071,5.0,15,True,False,success,saved,True,False,False,85,15,0,0,5,15
tuned,ppo,314,stochastic,72,50072,5.0,15,True,False,success,saved,True,False,False,85,15,0,0,5,15
tuned,ppo,314,stochastic,73,50073,5.0,15,True,False,success,saved,True,False,False,85,15,0,0,5,15
tuned,ppo,314,stochastic,74,50074,5.0,15,True,False,success,saved,True,False,False,85,15,0,0,5,15
tuned,ppo,314,stochastic,75,50075,5.0,15,True,False,success,saved,True,False,False,85,15,0,0,5,15
tuned,ppo,314,stochastic,76,50076,5.0,15,True,False,success,saved,True,False,False,85,15,0,0,5,15
tuned,ppo,314,stochastic,77,50077,5.0,15,True,False,success,saved,True,False,False,85,15,0,0,5,15
tuned,ppo,314,stochastic,78,50078,5.0,15,True,False,success,saved,True,False,False,85,15,0,0,5,15
tuned,ppo,314,stochastic,79,50079,5.0,15,True,False,success,saved,True,False,False,85,15,0,0,5,15
tuned,ppo,314,stochastic,80,50080,5.0,15,True,False,success,saved,True,False,False,85,15,0,0,5,15
tuned,ppo,314,stochastic,81,50081,5.0,15,True,False,success,saved,True,False,False,85,15,0,0,5,15
tuned,ppo,314,stochastic,82,50082,5.0,15,True,False,success,saved,True,False,False,85,15,0,0,5,15
tuned,ppo,314,stochastic,83,50083,5.0,15,True,False,success,saved,True,False,False,85,15,0,0,5,15
tuned,ppo,314,stochastic,84,50084,5.0,15,True,False,success,saved,True,False,False,85,15,0,0,5,15
tuned,ppo,314,stochastic,85,50085,5.0,15,True,False,success,saved,True,False,False,85,15,0,0,5,15
tuned,ppo,314,stochastic,86,50086,4.0,16,True,False,success,saved,True,False,False,85,15,0,0,5,16
tuned,ppo,314,stochastic,87,50087,5.0,15,True,False,success,saved,True,False,False,85,15,0,0,5,15
tuned,ppo,314,stochastic,88,50088,5.0,15,True,False,success,saved,True,False,False,85,15,0,0,5,15
tuned,ppo,314,stochastic,89,50089,5.0,15,True,False,success,saved,True,False,False,85,15,0,0,5,15
tuned,ppo,314,stochastic,90,50090,5.0,15,True,False,success,saved,True,False,False,85,15,0,0,5,15
tuned,ppo,314,stochastic,91,50091,5.0,15,True,False,success,saved,True,False,False,85,15,0,0,5,15
tuned,ppo,314,stochastic,92,50092,5.0,15,True,False,success,saved,True,False,False,85,15,0,0,5,15
tuned,ppo,314,stochastic,93,50093,5.0,15,True,False,success,saved,True,False,False,85,15,0,0,5,15
tuned,ppo,314,stochastic,94,50094,5.0,15,True,False,success,saved,True,False,False,85,15,0,0,5,15
tuned,ppo,314,stochastic,95,50095,5.0,15,True,False,success,saved,True,False,False,85,15,0,0,5,15
tuned,ppo,314,stochastic,96,50096,5.0,15,True,False,success,saved,True,False,False,85,15,0,0,5,15
tuned,ppo,314,stochastic,97,50097,5.0,15,True,False,success,saved,True,False,False,85,15,0,0,5,15
tuned,ppo,314,stochastic,98,50098,5.0,15,True,False,success,saved,True,False,False,85,15,0,0,5,15
tuned,ppo,314,stochastic,99,50099,5.0,15,True,False,success,saved,True,False,False,85,15,0,0,5,15
default,ppo,42,deterministic,0,50000,5.0,15,True,False,success,saved,True,False,False,85,15,0,0,5,15
default,ppo,42,deterministic,1,50001,5.0,15,True,False,success,saved,True,False,False,85,15,0,0,5,15
default,ppo,42,deterministic,2,50002,5.0,15,True,False,success,saved,True,False,False,85,15,0,0,5,15
default,ppo,42,deterministic,3,50003,5.0,15,True,False,success,saved,True,False,False,85,15,0,0,5,15
default,ppo,42,deterministic,4,50004,5.0,15,True,False,success,saved,True,False,False,85,15,0,0,5,15
default,ppo,42,deterministic,5,50005,5.0,15,True,False,success,saved,True,False,False,85,15,0,0,5,15
default,ppo,42,deterministic,6,50006,5.0,15,True,False,success,saved,True,False,False,85,15,0,0,5,15
default,ppo,42,deterministic,7,50007,5.0,15,True,False,success,saved,True,False,False,85,15,0,0,5,15
default,ppo,42,deterministic,8,50008,5.0,15,True,False,success,saved,True,False,False,85,15,0,0,5,15
default,ppo,42,deterministic,9,50009,5.0,15,True,False,success,saved,True,False,False,85,15,0,0,5,15
default,ppo,42,deterministic,10,50010,5.0,15,True,False,success,saved,True,False,False,85,15,0,0,5,15
default,ppo,42,deterministic,11,50011,5.0,15,True,False,success,saved,True,False,False,85,15,0,0,5,15
default,ppo,42,deterministic,12,50012,5.0,15,True,False,success,saved,True,False,False,85,15,0,0,5,15
default,ppo,42,deterministic,13,50013,5.0,15,True,False,success,saved,True,False,False,85,15,0,0,5,15
default,ppo,42,deterministic,14,50014,5.0,15,True,False,success,saved,True,False,False,85,15,0,0,5,15
default,ppo,42,deterministic,15,50015,4.0,16,True,False,success,saved,True,False,False,70,30,1,0,5,16
default,ppo,42,deterministic,16,50016,5.0,15,True,False,success,saved,True,False,False,85,15,0,0,5,15
default,ppo,42,deterministic,17,50017,5.0,15,True,False,success,saved,True,False,False,85,15,0,0,5,15
default,ppo,42,deterministic,18,50018,5.0,15,True,False,success,saved,True,False,False,85,15,0,0,5,15
default,ppo,42,deterministic,19,50019,5.0,15,True,False,success,saved,True,False,False,85,15,0,0,5,15
default,ppo,42,deterministic,20,50020,5.0,15,True,False,success,saved,True,False,False,85,15,0,0,5,15
default,ppo,42,deterministic,21,50021,5.0,15,True,False,success,saved,True,False,False,85,15,0,0,5,15
default,ppo,42,deterministic,22,50022,5.0,15,True,False,success,saved,True,False,False,85,15,0,0,5,15
default,ppo,42,deterministic,23,50023,5.0,15,True,False,success,saved,True,False,False,85,15,0,0,5,15
default,ppo,42,deterministic,24,50024,5.0,15,True,False,success,saved,True,False,False,85,15,0,0,5,15
default,ppo,42,deterministic,25,50025,5.0,15,True,False,success,saved,True,False,False,85,15,0,0,5,15
default,ppo,42,deterministic,26,50026,5.0,15,True,False,success,saved,True,False,False,85,15,0,0,5,15
default,ppo,42,deterministic,27,50027,5.0,15,True,False,success,saved,True,False,False,85,15,0,0,5,15
default,ppo,42,deterministic,28,50028,5.0,15,True,False,success,saved,True,False,False,85,15,0,0,5,15
default,ppo,42,deterministic,29,50029,5.0,15,True,False,success,saved,True,False,False,85,15,0,0,5,15
default,ppo,42,deterministic,30,50030,5.0,15,True,False,success,saved,True,False,False,85,15,0,0,5,15
default,ppo,42,deterministic,31,50031,5.0,15,True,False,success,saved,True,False,False,85,15,0,0,5,15
default,ppo,42,deterministic,32,50032,5.0,15,True,False,success,saved,True,False,False,85,15,0,0,5,15
default,ppo,42,deterministic,33,50033,5.0,15,True,False,success,saved,True,False,False,85,15,0,0,5,15
default,ppo,42,deterministic,34,50034,5.0,15,True,False,success,saved,True,False,False,85,15,0,0,5,15
default,ppo,42,deterministic,35,50035,5.0,15,True,False,success,saved,True,False,False,85,15,0,0,5,15
default,ppo,42,deterministic,36,50036,5.0,15,True,False,success,saved,True,False,False,85,15,0,0,5,15
default,ppo,42,deterministic,37,50037,5.0,15,True,False,success,saved,True,False,False,85,15,0,0,5,15
default,ppo,42,deterministic,38,50038,5.0,15,True,False,success,saved,True,False,False,85,15,0,0,5,15
default,ppo,42,deterministic,39,50039,5.0,15,True,False,success,saved,True,False,False,85,15,0,0,5,15
default,ppo,42,deterministic,40,50040,5.0,15,True,False,success,saved,True,False,False,85,15,0,0,5,15
default,ppo,42,deterministic,41,50041,5.0,15,True,False,success,saved,True,False,False,85,15,0,0,5,15
default,ppo,42,deterministic,42,50042,5.0,15,True,False,success,saved,True,False,False,85,15,0,0,5,15
default,ppo,42,deterministic,43,50043,5.0,15,True,False,success,saved,True,False,False,85,15,0,0,5,15
default,ppo,42,deterministic,44,50044,5.0,15,True,False,success,saved,True,False,False,85,15,0,0,5,15
default,ppo,42,deterministic,45,50045,5.0,15,True,False,success,saved,True,False,False,85,15,0,0,5,15
default,ppo,42,deterministic,46,50046,5.0,15,True,False,success,saved,True,False,False,85,15,0,0,5,15
default,ppo,42,deterministic,47,50047,5.0,15,True,False,success,saved,True,False,False,85,15,0,0,5,15
default,ppo,42,deterministic,48,50048,5.0,15,True,False,success,saved,True,False,False,85,15,0,0,5,15
default,ppo,42,deterministic,49,50049,5.0,15,True,False,success,saved,True,False,False,85,15,0,0,5,15
default,ppo,42,deterministic,50,50050,5.0,15,True,False,success,saved,True,False,False,85,15,0,0,5,15
default,ppo,42,deterministic,51,50051,5.0,15,True,False,success,saved,True,False,False,85,15,0,0,5,15
default,ppo,42,deterministic,52,50052,5.0,15,True,False,success,saved,True,False,False,85,15,0,0,5,15
default,ppo,42,deterministic,53,50053,5.0,15,True,False,success,saved,True,False,False,85,15,0,0,5,15
default,ppo,42,deterministic,54,50054,5.0,15,True,False,success,saved,True,False,False,85,15,0,0,5,15
default,ppo,42,deterministic,55,50055,5.0,15,True,False,success,saved,True,False,False,85,15,0,0,5,15
default,ppo,42,deterministic,56,50056,5.0,15,True,False,success,saved,True,False,False,85,15,0,0,5,15
default,ppo,42,deterministic,57,50057,5.0,15,True,False,success,saved,True,False,False,85,15,0,0,5,15
default,ppo,42,deterministic,58,50058,5.0,15,True,False,success,saved,True,False,False,85,15,0,0,5,15
default,ppo,42,deterministic,59,50059,5.0,15,True,False,success,saved,True,False,False,85,15,0,0,5,15
default,ppo,42,deterministic,60,50060,5.0,15,True,False,success,saved,True,False,False,85,15,0,0,5,15
default,ppo,42,deterministic,61,50061,5.0,15,True,False,success,saved,True,False,False,85,15,0,0,5,15
default,ppo,42,deterministic,62,50062,5.0,15,True,False,success,saved,True,False,False,85,15,0,0,5,15
default,ppo,42,deterministic,63,50063,5.0,15,True,False,success,saved,True,False,False,85,15,0,0,5,15
default,ppo,42,deterministic,64,50064,5.0,15,True,False,success,saved,True,False,False,85,15,0,0,5,15
default,ppo,42,deterministic,65,50065,5.0,15,True,False,success,saved,True,False,False,85,15,0,0,5,15
default,ppo,42,deterministic,66,50066,5.0,15,True,False,success,saved,True,False,False,85,15,0,0,5,15
default,ppo,42,deterministic,67,50067,5.0,15,True,False,success,saved,True,False,False,85,15,0,0,5,15
default,ppo,42,deterministic,68,50068,5.0,15,True,False,success,saved,True,False,False,85,15,0,0,5,15
default,ppo,42,deterministic,69,50069,5.0,15,True,False,success,saved,True,False,False,85,15,0,0,5,15
default,ppo,42,deterministic,70,50070,5.0,15,True,False,success,saved,True,False,False,85,15,0,0,5,15
default,ppo,42,deterministic,71,50071,5.0,15,True,False,success,saved,True,False,False,85,15,0,0,5,15
default,ppo,42,deterministic,72,50072,5.0,15,True,False,success,saved,True,False,False,85,15,0,0,5,15
default,ppo,42,deterministic,73,50073,5.0,15,True,False,success,saved,True,False,False,85,15,0,0,5,15
default,ppo,42,deterministic,74,50074,5.0,15,True,False,success,saved,True,False,False,85,15,0,0,5,15
default,ppo,42,deterministic,75,50075,5.0,15,True,False,success,saved,True,False,False,85,15,0,0,5,15
default,ppo,42,deterministic,76,50076,5.0,15,True,False,success,saved,True,False,False,85,15,0,0,5,15
default,ppo,42,deterministic,77,50077,5.0,15,True,False,success,saved,True,False,False,85,15,0,0,5,15
default,ppo,42,deterministic,78,50078,5.0,15,True,False,success,saved,True,False,False,85,15,0,0,5,15
default,ppo,42,deterministic,79,50079,5.0,15,True,False,success,saved,True,False,False,85,15,0,0,5,15
default,ppo,42,deterministic,80,50080,5.0,15,True,False,success,saved,True,False,False,85,15,0,0,5,15
default,ppo,42,deterministic,81,50081,5.0,15,True,False,success,saved,True,False,False,85,15,0,0,5,15
default,ppo,42,deterministic,82,50082,5.0,15,True,False,success,saved,True,False,False,85,15,0,0,5,15
default,ppo,42,deterministic,83,50083,5.0,15,True,False,success,saved,True,False,False,85,15,0,0,5,15
default,ppo,42,deterministic,84,50084,5.0,15,True,False,success,saved,True,False,False,85,15,0,0,5,15
default,ppo,42,deterministic,85,50085,5.0,15,True,False,success,saved,True,False,False,85,15,0,0,5,15
default,ppo,42,deterministic,86,50086,5.0,15,True,False,success,saved,True,False,False,85,15,0,0,5,15
default,ppo,42,deterministic,87,50087,5.0,15,True,False,success,saved,True,False,False,85,15,0,0,5,15
default,ppo,42,deterministic,88,50088,5.0,15,True,False,success,saved,True,False,False,85,15,0,0,5,15
default,ppo,42,deterministic,89,50089,5.0,15,True,False,success,saved,True,False,False,85,15,0,0,5,15
default,ppo,42,deterministic,90,50090,5.0,15,True,False,success,saved,True,False,False,85,15,0,0,5,15
default,ppo,42,deterministic,91,50091,5.0,15,True,False,success,saved,True,False,False,85,15,0,0,5,15
default,ppo,42,deterministic,92,50092,5.0,15,True,False,success,saved,True,False,False,85,15,0,0,5,15
default,ppo,42,deterministic,93,50093,5.0,15,True,False,success,saved,True,False,False,85,15,0,0,5,15
default,ppo,42,deterministic,94,50094,5.0,15,True,False,success,saved,True,False,False,85,15,0,0,5,15
default,ppo,42,deterministic,95,50095,5.0,15,True,False,success,saved,True,False,False,85,15,0,0,5,15
default,ppo,42,deterministic,96,50096,5.0,15,True,False,success,saved,True,False,False,85,15,0,0,5,15
default,ppo,42,deterministic,97,50097,5.0,15,True,False,success,saved,True,False,False,85,15,0,0,5,15
default,ppo,42,deterministic,98,50098,5.0,15,True,False,success,saved,True,False,False,85,15,0,0,5,15
default,ppo,42,deterministic,99,50099,5.0,15,True,False,success,saved,True,False,False,85,15,0,0,5,15
default,ppo,42,stochastic,0,50000,5.0,15,True,False,success,saved,True,False,False,85,15,0,0,5,15
default,ppo,42,stochastic,1,50001,5.0,15,True,False,success,saved,True,False,False,85,15,0,0,5,15
default,ppo,42,stochastic,2,50002,5.0,15,True,False,success,saved,True,False,False,85,15,0,0,5,15
default,ppo,42,stochastic,3,50003,5.0,15,True,False,success,saved,True,False,False,85,15,0,0,5,15
default,ppo,42,stochastic,4,50004,5.0,15,True,False,success,saved,True,False,False,85,15,0,0,5,15
default,ppo,42,stochastic,5,50005,5.0,15,True,False,success,saved,True,False,False,85,15,0,0,5,15
default,ppo,42,stochastic,6,50006,5.0,15,True,False,success,saved,True,False,False,85,15,0,0,5,15
default,ppo,42,stochastic,7,50007,5.0,15,True,False,success,saved,True,False,False,85,15,0,0,5,15
default,ppo,42,stochastic,8,50008,5.0,15,True,False,success,saved,True,False,False,85,15,0,0,5,15
default,ppo,42,stochastic,9,50009,5.0,15,True,False,success,saved,True,False,False,85,15,0,0,5,15
default,ppo,42,stochastic,10,50010,5.0,15,True,False,success,saved,True,False,False,85,15,0,0,5,15
default,ppo,42,stochastic,11,50011,5.0,15,True,False,success,saved,True,False,False,85,15,0,0,5,15
default,ppo,42,stochastic,12,50012,5.0,15,True,False,success,saved,True,False,False,85,15,0,0,5,15
default,ppo,42,stochastic,13,50013,5.0,15,True,False,success,saved,True,False,False,85,15,0,0,5,15
default,ppo,42,stochastic,14,50014,5.0,15,True,False,success,saved,True,False,False,85,15,0,0,5,15
default,ppo,42,stochastic,15,50015,4.0,16,True,False,success,saved,True,False,False,70,30,1,0,5,16
default,ppo,42,stochastic,16,50016,5.0,15,True,False,success,saved,True,False,False,85,15,0,0,5,15
default,ppo,42,stochastic,17,50017,5.0,15,True,False,success,saved,True,False,False,85,15,0,0,5,15
default,ppo,42,stochastic,18,50018,5.0,15,True,False,success,saved,True,False,False,85,15,0,0,5,15
default,ppo,42,stochastic,19,50019,5.0,15,True,False,success,saved,True,False,False,85,15,0,0,5,15
default,ppo,42,stochastic,20,50020,5.0,15,True,False,success,saved,True,False,False,85,15,0,0,5,15
default,ppo,42,stochastic,21,50021,5.0,15,True,False,success,saved,True,False,False,85,15,0,0,5,15
default,ppo,42,stochastic,22,50022,5.0,15,True,False,success,saved,True,False,False,85,15,0,0,5,15
default,ppo,42,stochastic,23,50023,5.0,15,True,False,success,saved,True,False,False,85,15,0,0,5,15
default,ppo,42,stochastic,24,50024,5.0,15,True,False,success,saved,True,False,False,85,15,0,0,5,15
default,ppo,42,stochastic,25,50025,5.0,15,True,False,success,saved,True,False,False,85,15,0,0,5,15
default,ppo,42,stochastic,26,50026,5.0,15,True,False,success,saved,True,False,False,85,15,0,0,5,15
default,ppo,42,stochastic,27,50027,5.0,15,True,False,success,saved,True,False,False,85,15,0,0,5,15
default,ppo,42,stochastic,28,50028,5.0,15,True,False,success,saved,True,False,False,85,15,0,0,5,15
default,ppo,42,stochastic,29,50029,5.0,15,True,False,success,saved,True,False,False,85,15,0,0,5,15
default,ppo,42,stochastic,30,50030,5.0,15,True,False,success,saved,True,False,False,85,15,0,0,5,15
default,ppo,42,stochastic,31,50031,5.0,15,True,False,success,saved,True,False,False,85,15,0,0,5,15
default,ppo,42,stochastic,32,50032,5.0,15,True,False,success,saved,True,False,False,85,15,0,0,5,15
default,ppo,42,stochastic,33,50033,5.0,15,True,False,success,saved,True,False,False,85,15,0,0,5,15
default,ppo,42,stochastic,34,50034,5.0,15,True,False,success,saved,True,False,False,85,15,0,0,5,15
default,ppo,42,stochastic,35,50035,5.0,15,True,False,success,saved,True,False,False,85,15,0,0,5,15
default,ppo,42,stochastic,36,50036,5.0,15,True,False,success,saved,True,False,False,85,15,0,0,5,15
default,ppo,42,stochastic,37,50037,5.0,15,True,False,success,saved,True,False,False,85,15,0,0,5,15
default,ppo,42,stochastic,38,50038,5.0,15,True,False,success,saved,True,False,False,85,15,0,0,5,15
default,ppo,42,stochastic,39,50039,5.0,15,True,False,success,saved,True,False,False,85,15,0,0,5,15
default,ppo,42,stochastic,40,50040,5.0,15,True,False,success,saved,True,False,False,85,15,0,0,5,15
default,ppo,42,stochastic,41,50041,5.0,15,True,False,success,saved,True,False,False,85,15,0,0,5,15
default,ppo,42,stochastic,42,50042,5.0,15,True,False,success,saved,True,False,False,85,15,0,0,5,15
default,ppo,42,stochastic,43,50043,5.0,15,True,False,success,saved,True,False,False,85,15,0,0,5,15
default,ppo,42,stochastic,44,50044,5.0,15,True,False,success,saved,True,False,False,85,15,0,0,5,15
default,ppo,42,stochastic,45,50045,5.0,15,True,False,success,saved,True,False,False,85,15,0,0,5,15
default,ppo,42,stochastic,46,50046,5.0,15,True,False,success,saved,True,False,False,85,15,0,0,5,15
default,ppo,42,stochastic,47,50047,5.0,15,True,False,success,saved,True,False,False,85,15,0,0,5,15
default,ppo,42,stochastic,48,50048,5.0,15,True,False,success,saved,True,False,False,85,15,0,0,5,15
default,ppo,42,stochastic,49,50049,5.0,15,True,False,success,saved,True,False,False,85,15,0,0,5,15
default,ppo,42,stochastic,50,50050,5.0,15,True,False,success,saved,True,False,False,85,15,0,0,5,15
default,ppo,42,stochastic,51,50051,5.0,15,True,False,success,saved,True,False,False,85,15,0,0,5,15
default,ppo,42,stochastic,52,50052,5.0,15,True,False,success,saved,True,False,False,85,15,0,0,5,15
default,ppo,42,stochastic,53,50053,5.0,15,True,False,success,saved,True,False,False,85,15,0,0,5,15
default,ppo,42,stochastic,54,50054,5.0,15,True,False,success,saved,True,False,False,85,15,0,0,5,15
default,ppo,42,stochastic,55,50055,5.0,15,True,False,success,saved,True,False,False,85,15,0,0,5,15
default,ppo,42,stochastic,56,50056,5.0,15,True,False,success,saved,True,False,False,85,15,0,0,5,15
default,ppo,42,stochastic,57,50057,5.0,15,True,False,success,saved,True,False,False,85,15,0,0,5,15
default,ppo,42,stochastic,58,50058,5.0,15,True,False,success,saved,True,False,False,85,15,0,0,5,15
default,ppo,42,stochastic,59,50059,5.0,15,True,False,success,saved,True,False,False,85,15,0,0,5,15
default,ppo,42,stochastic,60,50060,5.0,15,True,False,success,saved,True,False,False,85,15,0,0,5,15
default,ppo,42,stochastic,61,50061,5.0,15,True,False,success,saved,True,False,False,85,15,0,0,5,15
default,ppo,42,stochastic,62,50062,5.0,15,True,False,success,saved,True,False,False,85,15,0,0,5,15
default,ppo,42,stochastic,63,50063,5.0,15,True,False,success,saved,True,False,False,85,15,0,0,5,15
default,ppo,42,stochastic,64,50064,5.0,15,True,False,success,saved,True,False,False,85,15,0,0,5,15
default,ppo,42,stochastic,65,50065,5.0,15,True,False,success,saved,True,False,False,85,15,0,0,5,15
default,ppo,42,stochastic,66,50066,5.0,15,True,False,success,saved,True,False,False,85,15,0,0,5,15
default,ppo,42,stochastic,67,50067,5.0,15,True,False,success,saved,True,False,False,85,15,0,0,5,15
default,ppo,42,stochastic,68,50068,5.0,15,True,False,success,saved,True,False,False,85,15,0,0,5,15
default,ppo,42,stochastic,69,50069,5.0,15,True,False,success,saved,True,False,False,85,15,0,0,5,15
default,ppo,42,stochastic,70,50070,5.0,15,True,False,success,saved,True,False,False,85,15,0,0,5,15
default,ppo,42,stochastic,71,50071,5.0,15,True,False,success,saved,True,False,False,85,15,0,0,5,15
default,ppo,42,stochastic,72,50072,5.0,15,True,False,success,saved,True,False,False,85,15,0,0,5,15
default,ppo,42,stochastic,73,50073,5.0,15,True,False,success,saved,True,False,False,85,15,0,0,5,15
default,ppo,42,stochastic,74,50074,5.0,15,True,False,success,saved,True,False,False,85,15,0,0,5,15
default,ppo,42,stochastic,75,50075,5.0,15,True,False,success,saved,True,False,False,85,15,0,0,5,15
default,ppo,42,stochastic,76,50076,5.0,15,True,False,success,saved,True,False,False,85,15,0,0,5,15
default,ppo,42,stochastic,77,50077,5.0,15,True,False,success,saved,True,False,False,85,15,0,0,5,15
default,ppo,42,stochastic,78,50078,5.0,15,True,False,success,saved,True,False,False,85,15,0,0,5,15
default,ppo,42,stochastic,79,50079,5.0,15,True,False,success,saved,True,False,False,85,15,0,0,5,15
default,ppo,42,stochastic,80,50080,5.0,15,True,False,success,saved,True,False,False,85,15,0,0,5,15
default,ppo,42,stochastic,81,50081,5.0,15,True,False,success,saved,True,False,False,85,15,0,0,5,15
default,ppo,42,stochastic,82,50082,5.0,15,True,False,success,saved,True,False,False,85,15,0,0,5,15
default,ppo,42,stochastic,83,50083,5.0,15,True,False,success,saved,True,False,False,85,15,0,0,5,15
default,ppo,42,stochastic,84,50084,5.0,15,True,False,success,saved,True,False,False,85,15,0,0,5,15
default,ppo,42,stochastic,85,50085,5.0,15,True,False,success,saved,True,False,False,85,15,0,0,5,15
default,ppo,42,stochastic,86,50086,5.0,15,True,False,success,saved,True,False,False,85,15,0,0,5,15
default,ppo,42,stochastic,87,50087,5.0,15,True,False,success,saved,True,False,False,85,15,0,0,5,15
default,ppo,42,stochastic,88,50088,5.0,15,True,False,success,saved,True,False,False,85,15,0,0,5,15
default,ppo,42,stochastic,89,50089,5.0,15,True,False,success,saved,True,False,False,85,15,0,0,5,15
default,ppo,42,stochastic,90,50090,5.0,15,True,False,success,saved,True,False,False,85,15,0,0,5,15
default,ppo,42,stochastic,91,50091,5.0,15,True,False,success,saved,True,False,False,85,15,0,0,5,15
default,ppo,42,stochastic,92,50092,5.0,15,True,False,success,saved,True,False,False,85,15,0,0,5,15
default,ppo,42,stochastic,93,50093,4.0,16,True,False,success,saved,True,False,False,70,30,1,0,5,16
default,ppo,42,stochastic,94,50094,5.0,15,True,False,success,saved,True,False,False,85,15,0,0,5,15
default,ppo,42,stochastic,95,50095,5.0,15,True,False,success,saved,True,False,False,85,15,0,0,5,15
default,ppo,42,stochastic,96,50096,5.0,15,True,False,success,saved,True,False,False,85,15,0,0,5,15
default,ppo,42,stochastic,97,50097,5.0,15,True,False,success,saved,True,False,False,85,15,0,0,5,15
default,ppo,42,stochastic,98,50098,5.0,15,True,False,success,saved,True,False,False,85,15,0,0,5,15
default,ppo,42,stochastic,99,50099,5.0,15,True,False,success,saved,True,False,False,85,15,0,0,5,15
default,ppo,123,deterministic,0,50000,5.0,15,True,False,success,saved,True,False,False,85,15,0,0,5,15
default,ppo,123,deterministic,1,50001,5.0,15,True,False,success,saved,True,False,False,85,15,0,0,5,15
default,ppo,123,deterministic,2,50002,5.0,15,True,False,success,saved,True,False,False,85,15,0,0,5,15
default,ppo,123,deterministic,3,50003,5.0,15,True,False,success,saved,True,False,False,85,15,0,0,5,15
default,ppo,123,deterministic,4,50004,5.0,15,True,False,success,saved,True,False,False,85,15,0,0,5,15
default,ppo,123,deterministic,5,50005,5.0,15,True,False,success,saved,True,False,False,85,15,0,0,5,15
default,ppo,123,deterministic,6,50006,5.0,15,True,False,success,saved,True,False,False,85,15,0,0,5,15
default,ppo,123,deterministic,7,50007,5.0,15,True,False,success,saved,True,False,False,85,15,0,0,5,15
default,ppo,123,deterministic,8,50008,5.0,15,True,False,success,saved,True,False,False,85,15,0,0,5,15
default,ppo,123,deterministic,9,50009,5.0,15,True,False,success,saved,True,False,False,85,15,0,0,5,15
default,ppo,123,deterministic,10,50010,5.0,15,True,False,success,saved,True,False,False,85,15,0,0,5,15
default,ppo,123,deterministic,11,50011,5.0,15,True,False,success,saved,True,False,False,85,15,0,0,5,15
default,ppo,123,deterministic,12,50012,5.0,15,True,False,success,saved,True,False,False,85,15,0,0,5,15
default,ppo,123,deterministic,13,50013,5.0,15,True,False,success,saved,True,False,False,85,15,0,0,5,15
default,ppo,123,deterministic,14,50014,5.0,15,True,False,success,saved,True,False,False,85,15,0,0,5,15
default,ppo,123,deterministic,15,50015,5.0,15,True,False,success,saved,True,False,False,85,15,0,0,5,15
default,ppo,123,deterministic,16,50016,5.0,15,True,False,success,saved,True,False,False,85,15,0,0,5,15
default,ppo,123,deterministic,17,50017,5.0,15,True,False,success,saved,True,False,False,85,15,0,0,5,15
default,ppo,123,deterministic,18,50018,5.0,15,True,False,success,saved,True,False,False,85,15,0,0,5,15
default,ppo,123,deterministic,19,50019,5.0,15,True,False,success,saved,True,False,False,85,15,0,0,5,15
default,ppo,123,deterministic,20,50020,5.0,15,True,False,success,saved,True,False,False,85,15,0,0,5,15
default,ppo,123,deterministic,21,50021,5.0,15,True,False,success,saved,True,False,False,85,15,0,0,5,15
default,ppo,123,deterministic,22,50022,5.0,15,True,False,success,saved,True,False,False,85,15,0,0,5,15
default,ppo,123,deterministic,23,50023,5.0,15,True,False,success,saved,True,False,False,85,15,0,0,5,15
default,ppo,123,deterministic,24,50024,5.0,15,True,False,success,saved,True,False,False,85,15,0,0,5,15
default,ppo,123,deterministic,25,50025,5.0,15,True,False,success,saved,True,False,False,85,15,0,0,5,15
default,ppo,123,deterministic,26,50026,5.0,15,True,False,success,saved,True,False,False,85,15,0,0,5,15
default,ppo,123,deterministic,27,50027,5.0,15,True,False,success,saved,True,False,False,85,15,0,0,5,15
default,ppo,123,deterministic,28,50028,5.0,15,True,False,success,saved,True,False,False,85,15,0,0,5,15
default,ppo,123,deterministic,29,50029,5.0,15,True,False,success,saved,True,False,False,85,15,0,0,5,15
default,ppo,123,deterministic,30,50030,5.0,15,True,False,success,saved,True,False,False,85,15,0,0,5,15
default,ppo,123,deterministic,31,50031,5.0,15,True,False,success,saved,True,False,False,85,15,0,0,5,15
default,ppo,123,deterministic,32,50032,9.0,16,True,False,success,saved,True,False,False,70,30,1,1,5,16
default,ppo,123,deterministic,33,50033,5.0,15,True,False,success,saved,True,False,False,85,15,0,0,5,15
default,ppo,123,deterministic,34,50034,5.0,15,True,False,success,saved,True,False,False,85,15,0,0,5,15
default,ppo,123,deterministic,35,50035,5.0,15,True,False,success,saved,True,False,False,85,15,0,0,5,15
default,ppo,123,deterministic,36,50036,5.0,15,True,False,success,saved,True,False,False,85,15,0,0,5,15
default,ppo,123,deterministic,37,50037,5.0,15,True,False,success,saved,True,False,False,85,15,0,0,5,15
default,ppo,123,deterministic,38,50038,5.0,15,True,False,success,saved,True,False,False,85,15,0,0,5,15
default,ppo,123,deterministic,39,50039,5.0,15,True,False,success,saved,True,False,False,85,15,0,0,5,15
default,ppo,123,deterministic,40,50040,5.0,15,True,False,success,saved,True,False,False,85,15,0,0,5,15
default,ppo,123,deterministic,41,50041,5.0,15,True,False,success,saved,True,False,False,85,15,0,0,5,15
default,ppo,123,deterministic,42,50042,5.0,15,True,False,success,saved,True,False,False,85,15,0,0,5,15
default,ppo,123,deterministic,43,50043,5.0,15,True,False,success,saved,True,False,False,85,15,0,0,5,15
default,ppo,123,deterministic,44,50044,5.0,15,True,False,success,saved,True,False,False,85,15,0,0,5,15
default,ppo,123,deterministic,45,50045,5.0,15,True,False,success,saved,True,False,False,85,15,0,0,5,15
default,ppo,123,deterministic,46,50046,5.0,15,True,False,success,saved,True,False,False,85,15,0,0,5,15
default,ppo,123,deterministic,47,50047,5.0,15,True,False,success,saved,True,False,False,85,15,0,0,5,15
default,ppo,123,deterministic,48,50048,5.0,15,True,False,success,saved,True,False,False,85,15,0,0,5,15
default,ppo,123,deterministic,49,50049,5.0,15,True,False,success,saved,True,False,False,85,15,0,0,5,15
default,ppo,123,deterministic,50,50050,5.0,15,True,False,success,saved,True,False,False,85,15,0,0,5,15
default,ppo,123,deterministic,51,50051,5.0,15,True,False,success,saved,True,False,False,85,15,0,0,5,15
default,ppo,123,deterministic,52,50052,5.0,15,True,False,success,saved,True,False,False,85,15,0,0,5,15
default,ppo,123,deterministic,53,50053,5.0,15,True,False,success,saved,True,False,False,85,15,0,0,5,15
default,ppo,123,deterministic,54,50054,5.0,15,True,False,success,saved,True,False,False,85,15,0,0,5,15
default,ppo,123,deterministic,55,50055,5.0,15,True,False,success,saved,True,False,False,85,15,0,0,5,15
default,ppo,123,deterministic,56,50056,5.0,15,True,False,success,saved,True,False,False,85,15,0,0,5,15
default,ppo,123,deterministic,57,50057,5.0,15,True,False,success,saved,True,False,False,85,15,0,0,5,15
default,ppo,123,deterministic,58,50058,5.0,15,True,False,success,saved,True,False,False,85,15,0,0,5,15
default,ppo,123,deterministic,59,50059,5.0,15,True,False,success,saved,True,False,False,85,15,0,0,5,15
default,ppo,123,deterministic,60,50060,5.0,15,True,False,success,saved,True,False,False,85,15,0,0,5,15
default,ppo,123,deterministic,61,50061,5.0,15,True,False,success,saved,True,False,False,85,15,0,0,5,15
default,ppo,123,deterministic,62,50062,5.0,15,True,False,success,saved,True,False,False,85,15,0,0,5,15
default,ppo,123,deterministic,63,50063,5.0,15,True,False,success,saved,True,False,False,85,15,0,0,5,15
default,ppo,123,deterministic,64,50064,5.0,15,True,False,success,saved,True,False,False,85,15,0,0,5,15
default,ppo,123,deterministic,65,50065,5.0,15,True,False,success,saved,True,False,False,85,15,0,0,5,15
default,ppo,123,deterministic,66,50066,5.0,15,True,False,success,saved,True,False,False,85,15,0,0,5,15
default,ppo,123,deterministic,67,50067,5.0,15,True,False,success,saved,True,False,False,85,15,0,0,5,15
default,ppo,123,deterministic,68,50068,5.0,15,True,False,success,saved,True,False,False,85,15,0,0,5,15
default,ppo,123,deterministic,69,50069,5.0,15,True,False,success,saved,True,False,False,85,15,0,0,5,15
default,ppo,123,deterministic,70,50070,5.0,15,True,False,success,saved,True,False,False,85,15,0,0,5,15
default,ppo,123,deterministic,71,50071,5.0,15,True,False,success,saved,True,False,False,85,15,0,0,5,15
default,ppo,123,deterministic,72,50072,5.0,15,True,False,success,saved,True,False,False,85,15,0,0,5,15
default,ppo,123,deterministic,73,50073,5.0,15,True,False,success,saved,True,False,False,85,15,0,0,5,15
default,ppo,123,deterministic,74,50074,5.0,15,True,False,success,saved,True,False,False,85,15,0,0,5,15
default,ppo,123,deterministic,75,50075,5.0,15,True,False,success,saved,True,False,False,85,15,0,0,5,15
default,ppo,123,deterministic,76,50076,5.0,15,True,False,success,saved,True,False,False,85,15,0,0,5,15
default,ppo,123,deterministic,77,50077,5.0,15,True,False,success,saved,True,False,False,85,15,0,0,5,15
default,ppo,123,deterministic,78,50078,5.0,15,True,False,success,saved,True,False,False,85,15,0,0,5,15
default,ppo,123,deterministic,79,50079,5.0,15,True,False,success,saved,True,False,False,85,15,0,0,5,15
default,ppo,123,deterministic,80,50080,4.0,16,True,False,success,saved,True,False,False,70,30,1,0,5,16
default,ppo,123,deterministic,81,50081,5.0,15,True,False,success,saved,True,False,False,85,15,0,0,5,15
default,ppo,123,deterministic,82,50082,5.0,15,True,False,success,saved,True,False,False,85,15,0,0,5,15
default,ppo,123,deterministic,83,50083,5.0,15,True,False,success,saved,True,False,False,85,15,0,0,5,15
default,ppo,123,deterministic,84,50084,5.0,15,True,False,success,saved,True,False,False,85,15,0,0,5,15
default,ppo,123,deterministic,85,50085,5.0,15,True,False,success,saved,True,False,False,85,15,0,0,5,15
default,ppo,123,deterministic,86,50086,5.0,15,True,False,success,saved,True,False,False,85,15,0,0,5,15
default,ppo,123,deterministic,87,50087,5.0,15,True,False,success,saved,True,False,False,85,15,0,0,5,15
default,ppo,123,deterministic,88,50088,5.0,15,True,False,success,saved,True,False,False,85,15,0,0,5,15
default,ppo,123,deterministic,89,50089,5.0,15,True,False,success,saved,True,False,False,85,15,0,0,5,15
default,ppo,123,deterministic,90,50090,5.0,15,True,False,success,saved,True,False,False,85,15,0,0,5,15
default,ppo,123,deterministic,91,50091,5.0,15,True,False,success,saved,True,False,False,85,15,0,0,5,15
default,ppo,123,deterministic,92,50092,5.0,15,True,False,success,saved,True,False,False,85,15,0,0,5,15
default,ppo,123,deterministic,93,50093,5.0,15,True,False,success,saved,True,False,False,85,15,0,0,5,15
default,ppo,123,deterministic,94,50094,5.0,15,True,False,success,saved,True,False,False,85,15,0,0,5,15
default,ppo,123,deterministic,95,50095,5.0,15,True,False,success,saved,True,False,False,85,15,0,0,5,15
default,ppo,123,deterministic,96,50096,5.0,15,True,False,success,saved,True,False,False,85,15,0,0,5,15
default,ppo,123,deterministic,97,50097,5.0,15,True,False,success,saved,True,False,False,85,15,0,0,5,15
default,ppo,123,deterministic,98,50098,5.0,15,True,False,success,saved,True,False,False,85,15,0,0,5,15
default,ppo,123,deterministic,99,50099,5.0,15,True,False,success,saved,True,False,False,85,15,0,0,5,15
default,ppo,123,stochastic,0,50000,5.0,15,True,False,success,saved,True,False,False,85,15,0,0,5,15
default,ppo,123,stochastic,1,50001,4.0,16,True,False,success,saved,True,False,False,85,15,0,0,5,16
default,ppo,123,stochastic,2,50002,5.0,15,True,False,success,saved,True,False,False,85,15,0,0,5,15
default,ppo,123,stochastic,3,50003,5.0,15,True,False,success,saved,True,False,False,85,15,0,0,5,15
default,ppo,123,stochastic,4,50004,5.0,15,True,False,success,saved,True,False,False,85,15,0,0,5,15
default,ppo,123,stochastic,5,50005,5.0,15,True,False,success,saved,True,False,False,85,15,0,0,5,15
default,ppo,123,stochastic,6,50006,5.0,15,True,False,success,saved,True,False,False,85,15,0,0,5,15
default,ppo,123,stochastic,7,50007,4.0,16,True,False,success,saved,True,False,False,85,15,0,0,5,16
default,ppo,123,stochastic,8,50008,5.0,15,True,False,success,saved,True,False,False,85,15,0,0,5,15
default,ppo,123,stochastic,9,50009,5.0,15,True,False,success,saved,True,False,False,85,15,0,0,5,15
default,ppo,123,stochastic,10,50010,5.0,15,True,False,success,saved,True,False,False,85,15,0,0,5,15
default,ppo,123,stochastic,11,50011,5.0,15,True,False,success,saved,True,False,False,85,15,0,0,5,15
default,ppo,123,stochastic,12,50012,5.0,15,True,False,success,saved,True,False,False,85,15,0,0,5,15
default,ppo,123,stochastic,13,50013,5.0,15,True,False,success,saved,True,False,False,85,15,0,0,5,15
default,ppo,123,stochastic,14,50014,5.0,15,True,False,success,saved,True,False,False,85,15,0,0,5,15
default,ppo,123,stochastic,15,50015,5.0,15,True,False,success,saved,True,False,False,85,15,0,0,5,15
default,ppo,123,stochastic,16,50016,5.0,15,True,False,success,saved,True,False,False,85,15,0,0,5,15
default,ppo,123,stochastic,17,50017,5.0,15,True,False,success,saved,True,False,False,85,15,0,0,5,15
default,ppo,123,stochastic,18,50018,5.0,15,True,False,success,saved,True,False,False,85,15,0,0,5,15
default,ppo,123,stochastic,19,50019,5.0,15,True,False,success,saved,True,False,False,85,15,0,0,5,15
default,ppo,123,stochastic,20,50020,5.0,15,True,False,success,saved,True,False,False,85,15,0,0,5,15
default,ppo,123,stochastic,21,50021,5.0,15,True,False,success,saved,True,False,False,85,15,0,0,5,15
default,ppo,123,stochastic,22,50022,5.0,15,True,False,success,saved,True,False,False,85,15,0,0,5,15
default,ppo,123,stochastic,23,50023,5.0,15,True,False,success,saved,True,False,False,85,15,0,0,5,15
default,ppo,123,stochastic,24,50024,5.0,15,True,False,success,saved,True,False,False,85,15,0,0,5,15
default,ppo,123,stochastic,25,50025,5.0,15,True,False,success,saved,True,False,False,85,15,0,0,5,15
default,ppo,123,stochastic,26,50026,5.0,15,True,False,success,saved,True,False,False,85,15,0,0,5,15
default,ppo,123,stochastic,27,50027,5.0,15,True,False,success,saved,True,False,False,85,15,0,0,5,15
default,ppo,123,stochastic,28,50028,5.0,15,True,False,success,saved,True,False,False,85,15,0,0,5,15
default,ppo,123,stochastic,29,50029,5.0,15,True,False,success,saved,True,False,False,85,15,0,0,5,15
default,ppo,123,stochastic,30,50030,5.0,15,True,False,success,saved,True,False,False,85,15,0,0,5,15
default,ppo,123,stochastic,31,50031,5.0,15,True,False,success,saved,True,False,False,85,15,0,0,5,15
default,ppo,123,stochastic,32,50032,9.0,16,True,False,success,saved,True,False,False,70,30,1,1,5,16
default,ppo,123,stochastic,33,50033,5.0,15,True,False,success,saved,True,False,False,85,15,0,0,5,15
default,ppo,123,stochastic,34,50034,5.0,15,True,False,success,saved,True,False,False,85,15,0,0,5,15
default,ppo,123,stochastic,35,50035,5.0,15,True,False,success,saved,True,False,False,85,15,0,0,5,15
default,ppo,123,stochastic,36,50036,5.0,15,True,False,success,saved,True,False,False,85,15,0,0,5,15
default,ppo,123,stochastic,37,50037,5.0,15,True,False,success,saved,True,False,False,85,15,0,0,5,15
default,ppo,123,stochastic,38,50038,5.0,15,True,False,success,saved,True,False,False,85,15,0,0,5,15
default,ppo,123,stochastic,39,50039,5.0,15,True,False,success,saved,True,False,False,85,15,0,0,5,15
default,ppo,123,stochastic,40,50040,5.0,15,True,False,success,saved,True,False,False,85,15,0,0,5,15
default,ppo,123,stochastic,41,50041,5.0,15,True,False,success,saved,True,False,False,85,15,0,0,5,15
default,ppo,123,stochastic,42,50042,5.0,15,True,False,success,saved,True,False,False,85,15,0,0,5,15
default,ppo,123,stochastic,43,50043,5.0,15,True,False,success,saved,True,False,False,85,15,0,0,5,15
default,ppo,123,stochastic,44,50044,5.0,15,True,False,success,saved,True,False,False,85,15,0,0,5,15
default,ppo,123,stochastic,45,50045,5.0,15,True,False,success,saved,True,False,False,85,15,0,0,5,15
default,ppo,123,stochastic,46,50046,5.0,15,True,False,success,saved,True,False,False,85,15,0,0,5,15
default,ppo,123,stochastic,47,50047,5.0,15,True,False,success,saved,True,False,False,85,15,0,0,5,15
default,ppo,123,stochastic,48,50048,5.0,15,True,False,success,saved,True,False,False,85,15,0,0,5,15
default,ppo,123,stochastic,49,50049,5.0,15,True,False,success,saved,True,False,False,85,15,0,0,5,15
default,ppo,123,stochastic,50,50050,5.0,15,True,False,success,saved,True,False,False,85,15,0,0,5,15
default,ppo,123,stochastic,51,50051,5.0,15,True,False,success,saved,True,False,False,85,15,0,0,5,15
default,ppo,123,stochastic,52,50052,5.0,15,True,False,success,saved,True,False,False,85,15,0,0,5,15
default,ppo,123,stochastic,53,50053,5.0,15,True,False,success,saved,True,False,False,85,15,0,0,5,15
default,ppo,123,stochastic,54,50054,5.0,15,True,False,success,saved,True,False,False,85,15,0,0,5,15
default,ppo,123,stochastic,55,50055,5.0,15,True,False,success,saved,True,False,False,85,15,0,0,5,15
default,ppo,123,stochastic,56,50056,5.0,15,True,False,success,saved,True,False,False,85,15,0,0,5,15
default,ppo,123,stochastic,57,50057,5.0,15,True,False,success,saved,True,False,False,85,15,0,0,5,15
default,ppo,123,stochastic,58,50058,5.0,15,True,False,success,saved,True,False,False,85,15,0,0,5,15
default,ppo,123,stochastic,59,50059,5.0,15,True,False,success,saved,True,False,False,85,15,0,0,5,15
default,ppo,123,stochastic,60,50060,5.0,15,True,False,success,saved,True,False,False,85,15,0,0,5,15
default,ppo,123,stochastic,61,50061,5.0,15,True,False,success,saved,True,False,False,85,15,0,0,5,15
default,ppo,123,stochastic,62,50062,5.0,15,True,False,success,saved,True,False,False,85,15,0,0,5,15
default,ppo,123,stochastic,63,50063,5.0,15,True,False,success,saved,True,False,False,85,15,0,0,5,15
default,ppo,123,stochastic,64,50064,5.0,15,True,False,success,saved,True,False,False,85,15,0,0,5,15
default,ppo,123,stochastic,65,50065,5.0,15,True,False,success,saved,True,False,False,85,15,0,0,5,15
default,ppo,123,stochastic,66,50066,5.0,15,True,False,success,saved,True,False,False,85,15,0,0,5,15
default,ppo,123,stochastic,67,50067,5.0,15,True,False,success,saved,True,False,False,85,15,0,0,5,15
default,ppo,123,stochastic,68,50068,5.0,15,True,False,success,saved,True,False,False,85,15,0,0,5,15
default,ppo,123,stochastic,69,50069,5.0,15,True,False,success,saved,True,False,False,85,15,0,0,5,15
default,ppo,123,stochastic,70,50070,5.0,15,True,False,success,saved,True,False,False,85,15,0,0,5,15
default,ppo,123,stochastic,71,50071,5.0,15,True,False,success,saved,True,False,False,85,15,0,0,5,15
default,ppo,123,stochastic,72,50072,5.0,15,True,False,success,saved,True,False,False,85,15,0,0,5,15
default,ppo,123,stochastic,73,50073,5.0,15,True,False,success,saved,True,False,False,85,15,0,0,5,15
default,ppo,123,stochastic,74,50074,5.0,15,True,False,success,saved,True,False,False,85,15,0,0,5,15
default,ppo,123,stochastic,75,50075,5.0,15,True,False,success,saved,True,False,False,85,15,0,0,5,15
default,ppo,123,stochastic,76,50076,5.0,15,True,False,success,saved,True,False,False,85,15,0,0,5,15
default,ppo,123,stochastic,77,50077,5.0,15,True,False,success,saved,True,False,False,85,15,0,0,5,15
default,ppo,123,stochastic,78,50078,5.0,15,True,False,success,saved,True,False,False,85,15,0,0,5,15
default,ppo,123,stochastic,79,50079,5.0,15,True,False,success,saved,True,False,False,85,15,0,0,5,15
default,ppo,123,stochastic,80,50080,5.0,15,True,False,success,saved,True,False,False,85,15,0,0,5,15
default,ppo,123,stochastic,81,50081,5.0,15,True,False,success,saved,True,False,False,85,15,0,0,5,15
default,ppo,123,stochastic,82,50082,5.0,15,True,False,success,saved,True,False,False,85,15,0,0,5,15
default,ppo,123,stochastic,83,50083,5.0,15,True,False,success,saved,True,False,False,85,15,0,0,5,15
default,ppo,123,stochastic,84,50084,5.0,15,True,False,success,saved,True,False,False,85,15,0,0,5,15
default,ppo,123,stochastic,85,50085,5.0,15,True,False,success,saved,True,False,False,85,15,0,0,5,15
default,ppo,123,stochastic,86,50086,5.0,15,True,False,success,saved,True,False,False,85,15,0,0,5,15
default,ppo,123,stochastic,87,50087,5.0,15,True,False,success,saved,True,False,False,85,15,0,0,5,15
default,ppo,123,stochastic,88,50088,5.0,15,True,False,success,saved,True,False,False,85,15,0,0,5,15
default,ppo,123,stochastic,89,50089,5.0,15,True,False,success,saved,True,False,False,85,15,0,0,5,15
default,ppo,123,stochastic,90,50090,5.0,15,True,False,success,saved,True,False,False,85,15,0,0,5,15
default,ppo,123,stochastic,91,50091,5.0,15,True,False,success,saved,True,False,False,85,15,0,0,5,15
default,ppo,123,stochastic,92,50092,5.0,15,True,False,success,saved,True,False,False,85,15,0,0,5,15
default,ppo,123,stochastic,93,50093,4.0,16,True,False,success,saved,True,False,False,70,30,1,0,5,16
default,ppo,123,stochastic,94,50094,5.0,15,True,False,success,saved,True,False,False,85,15,0,0,5,15
default,ppo,123,stochastic,95,50095,5.0,15,True,False,success,saved,True,False,False,85,15,0,0,5,15
default,ppo,123,stochastic,96,50096,5.0,15,True,False,success,saved,True,False,False,85,15,0,0,5,15
default,ppo,123,stochastic,97,50097,5.0,15,True,False,success,saved,True,False,False,85,15,0,0,5,15
default,ppo,123,stochastic,98,50098,5.0,15,True,False,success,saved,True,False,False,85,15,0,0,5,15
default,ppo,123,stochastic,99,50099,5.0,15,True,False,success,saved,True,False,False,85,15,0,0,5,15
default,ppo,2024,deterministic,0,50000,5.0,15,True,False,success,saved,True,False,False,85,15,0,0,5,15
default,ppo,2024,deterministic,1,50001,5.0,15,True,False,success,saved,True,False,False,85,15,0,0,5,15
default,ppo,2024,deterministic,2,50002,3.0,17,True,False,success,saved,True,False,False,83,17,0,0,5,17
default,ppo,2024,deterministic,3,50003,5.0,15,True,False,success,saved,True,False,False,85,15,0,0,5,15
default,ppo,2024,deterministic,4,50004,-7.0,27,True,False,success,saved,True,False,False,73,27,0,0,5,27
default,ppo,2024,deterministic,5,50005,5.0,15,True,False,success,saved,True,False,False,85,15,0,0,5,15
default,ppo,2024,deterministic,6,50006,5.0,15,True,False,success,saved,True,False,False,85,15,0,0,5,15
default,ppo,2024,deterministic,7,50007,5.0,15,True,False,success,saved,True,False,False,85,15,0,0,5,15
default,ppo,2024,deterministic,8,50008,5.0,15,True,False,success,saved,True,False,False,85,15,0,0,5,15
default,ppo,2024,deterministic,9,50009,5.0,15,True,False,success,saved,True,False,False,85,15,0,0,5,15
default,ppo,2024,deterministic,10,50010,-7.0,27,True,False,success,saved,True,False,False,73,27,0,0,5,27
default,ppo,2024,deterministic,11,50011,-7.0,27,True,False,success,saved,True,False,False,73,27,0,0,5,27
default,ppo,2024,deterministic,12,50012,5.0,15,True,False,success,saved,True,False,False,85,15,0,0,5,15
default,ppo,2024,deterministic,13,50013,1.0,19,True,False,success,saved,True,False,False,81,19,0,0,5,19
default,ppo,2024,deterministic,14,50014,5.0,15,True,False,success,saved,True,False,False,85,15,0,0,5,15
default,ppo,2024,deterministic,15,50015,-100.0,100,False,True,max_steps,with_robot,False,False,False,86,14,0,0,5,
default,ppo,2024,deterministic,16,50016,5.0,15,True,False,success,saved,True,False,False,85,15,0,0,5,15
default,ppo,2024,deterministic,17,50017,5.0,15,True,False,success,saved,True,False,False,85,15,0,0,5,15
default,ppo,2024,deterministic,18,50018,-7.0,27,True,False,success,saved,True,False,False,73,27,0,0,5,27
default,ppo,2024,deterministic,19,50019,-7.0,27,True,False,success,saved,True,False,False,73,27,0,0,5,27
default,ppo,2024,deterministic,20,50020,5.0,15,True,False,success,saved,True,False,False,85,15,0,0,5,15
default,ppo,2024,deterministic,21,50021,5.0,15,True,False,success,saved,True,False,False,85,15,0,0,5,15
default,ppo,2024,deterministic,22,50022,5.0,15,True,False,success,saved,True,False,False,85,15,0,0,5,15
default,ppo,2024,deterministic,23,50023,5.0,15,True,False,success,saved,True,False,False,85,15,0,0,5,15
default,ppo,2024,deterministic,24,50024,5.0,15,True,False,success,saved,True,False,False,85,15,0,0,5,15
default,ppo,2024,deterministic,25,50025,5.0,15,True,False,success,saved,True,False,False,85,15,0,0,5,15
default,ppo,2024,deterministic,26,50026,1.0,19,True,False,success,saved,True,False,False,81,19,0,0,5,19
default,ppo,2024,deterministic,27,50027,5.0,15,True,False,success,saved,True,False,False,85,15,0,0,5,15
default,ppo,2024,deterministic,28,50028,-5.0,25,True,False,success,saved,True,False,False,75,25,0,0,5,25
default,ppo,2024,deterministic,29,50029,1.0,19,True,False,success,saved,True,False,False,81,19,0,0,5,19
default,ppo,2024,deterministic,30,50030,5.0,15,True,False,success,saved,True,False,False,85,15,0,0,5,15
default,ppo,2024,deterministic,31,50031,5.0,15,True,False,success,saved,True,False,False,85,15,0,0,5,15
default,ppo,2024,deterministic,32,50032,5.0,15,True,False,success,saved,True,False,False,85,15,0,0,5,15
default,ppo,2024,deterministic,33,50033,5.0,15,True,False,success,saved,True,False,False,85,15,0,0,5,15
default,ppo,2024,deterministic,34,50034,5.0,15,True,False,success,saved,True,False,False,85,15,0,0,5,15
default,ppo,2024,deterministic,35,50035,1.0,19,True,False,success,saved,True,False,False,81,19,0,0,5,19
default,ppo,2024,deterministic,36,50036,5.0,15,True,False,success,saved,True,False,False,85,15,0,0,5,15
default,ppo,2024,deterministic,37,50037,5.0,15,True,False,success,saved,True,False,False,85,15,0,0,5,15
default,ppo,2024,deterministic,38,50038,5.0,15,True,False,success,saved,True,False,False,85,15,0,0,5,15
default,ppo,2024,deterministic,39,50039,-3.0,23,True,False,success,saved,True,False,False,77,23,0,0,5,23
default,ppo,2024,deterministic,40,50040,5.0,15,True,False,success,saved,True,False,False,85,15,0,0,5,15
default,ppo,2024,deterministic,41,50041,5.0,15,True,False,success,saved,True,False,False,85,15,0,0,5,15
default,ppo,2024,deterministic,42,50042,5.0,15,True,False,success,saved,True,False,False,85,15,0,0,5,15
default,ppo,2024,deterministic,43,50043,-3.0,23,True,False,success,saved,True,False,False,77,23,0,0,5,23
default,ppo,2024,deterministic,44,50044,1.0,19,True,False,success,saved,True,False,False,81,19,0,0,5,19
default,ppo,2024,deterministic,45,50045,5.0,15,True,False,success,saved,True,False,False,85,15,0,0,5,15
default,ppo,2024,deterministic,46,50046,5.0,15,True,False,success,saved,True,False,False,85,15,0,0,5,15
default,ppo,2024,deterministic,47,50047,5.0,15,True,False,success,saved,True,False,False,85,15,0,0,5,15
default,ppo,2024,deterministic,48,50048,5.0,15,True,False,success,saved,True,False,False,85,15,0,0,5,15
default,ppo,2024,deterministic,49,50049,-1.0,21,True,False,success,saved,True,False,False,79,21,0,0,5,21
default,ppo,2024,deterministic,50,50050,5.0,15,True,False,success,saved,True,False,False,85,15,0,0,5,15
default,ppo,2024,deterministic,51,50051,3.0,17,True,False,success,saved,True,False,False,83,17,0,0,5,17
default,ppo,2024,deterministic,52,50052,5.0,15,True,False,success,saved,True,False,False,85,15,0,0,5,15
default,ppo,2024,deterministic,53,50053,1.0,19,True,False,success,saved,True,False,False,81,19,0,0,5,19
default,ppo,2024,deterministic,54,50054,5.0,15,True,False,success,saved,True,False,False,85,15,0,0,5,15
default,ppo,2024,deterministic,55,50055,-7.0,27,True,False,success,saved,True,False,False,73,27,0,0,5,27
default,ppo,2024,deterministic,56,50056,5.0,15,True,False,success,saved,True,False,False,85,15,0,0,5,15
default,ppo,2024,deterministic,57,50057,3.0,17,True,False,success,saved,True,False,False,83,17,0,0,5,17
default,ppo,2024,deterministic,58,50058,-1.0,21,True,False,success,saved,True,False,False,79,21,0,0,5,21
default,ppo,2024,deterministic,59,50059,-7.0,27,True,False,success,saved,True,False,False,73,27,0,0,5,27
default,ppo,2024,deterministic,60,50060,-1.0,21,True,False,success,saved,True,False,False,79,21,0,0,5,21
default,ppo,2024,deterministic,61,50061,3.0,17,True,False,success,saved,True,False,False,83,17,0,0,5,17
default,ppo,2024,deterministic,62,50062,5.0,15,True,False,success,saved,True,False,False,85,15,0,0,5,15
default,ppo,2024,deterministic,63,50063,5.0,15,True,False,success,saved,True,False,False,85,15,0,0,5,15
default,ppo,2024,deterministic,64,50064,5.0,15,True,False,success,saved,True,False,False,85,15,0,0,5,15
default,ppo,2024,deterministic,65,50065,-1.0,21,True,False,success,saved,True,False,False,79,21,0,0,5,21
default,ppo,2024,deterministic,66,50066,5.0,15,True,False,success,saved,True,False,False,85,15,0,0,5,15
default,ppo,2024,deterministic,67,50067,5.0,15,True,False,success,saved,True,False,False,85,15,0,0,5,15
default,ppo,2024,deterministic,68,50068,5.0,15,True,False,success,saved,True,False,False,85,15,0,0,5,15
default,ppo,2024,deterministic,69,50069,5.0,15,True,False,success,saved,True,False,False,85,15,0,0,5,15
default,ppo,2024,deterministic,70,50070,5.0,15,True,False,success,saved,True,False,False,85,15,0,0,5,15
default,ppo,2024,deterministic,71,50071,5.0,15,True,False,success,saved,True,False,False,85,15,0,0,5,15
default,ppo,2024,deterministic,72,50072,5.0,15,True,False,success,saved,True,False,False,85,15,0,0,5,15
default,ppo,2024,deterministic,73,50073,5.0,15,True,False,success,saved,True,False,False,85,15,0,0,5,15
default,ppo,2024,deterministic,74,50074,5.0,15,True,False,success,saved,True,False,False,85,15,0,0,5,15
default,ppo,2024,deterministic,75,50075,5.0,15,True,False,success,saved,True,False,False,85,15,0,0,5,15
default,ppo,2024,deterministic,76,50076,5.0,15,True,False,success,saved,True,False,False,85,15,0,0,5,15
default,ppo,2024,deterministic,77,50077,5.0,15,True,False,success,saved,True,False,False,85,15,0,0,5,15
default,ppo,2024,deterministic,78,50078,5.0,15,True,False,success,saved,True,False,False,85,15,0,0,5,15
default,ppo,2024,deterministic,79,50079,5.0,15,True,False,success,saved,True,False,False,85,15,0,0,5,15
default,ppo,2024,deterministic,80,50080,5.0,15,True,False,success,saved,True,False,False,85,15,0,0,5,15
default,ppo,2024,deterministic,81,50081,5.0,15,True,False,success,saved,True,False,False,85,15,0,0,5,15
default,ppo,2024,deterministic,82,50082,5.0,15,True,False,success,saved,True,False,False,85,15,0,0,5,15
default,ppo,2024,deterministic,83,50083,5.0,15,True,False,success,saved,True,False,False,85,15,0,0,5,15
default,ppo,2024,deterministic,84,50084,5.0,15,True,False,success,saved,True,False,False,85,15,0,0,5,15
default,ppo,2024,deterministic,85,50085,5.0,15,True,False,success,saved,True,False,False,85,15,0,0,5,15
default,ppo,2024,deterministic,86,50086,5.0,15,True,False,success,saved,True,False,False,85,15,0,0,5,15
default,ppo,2024,deterministic,87,50087,1.0,19,True,False,success,saved,True,False,False,81,19,0,0,5,19
default,ppo,2024,deterministic,88,50088,5.0,15,True,False,success,saved,True,False,False,85,15,0,0,5,15
default,ppo,2024,deterministic,89,50089,-7.0,27,True,False,success,saved,True,False,False,73,27,0,0,5,27
default,ppo,2024,deterministic,90,50090,-7.0,27,True,False,success,saved,True,False,False,73,27,0,0,5,27
default,ppo,2024,deterministic,91,50091,5.0,15,True,False,success,saved,True,False,False,85,15,0,0,5,15
default,ppo,2024,deterministic,92,50092,5.0,15,True,False,success,saved,True,False,False,85,15,0,0,5,15
default,ppo,2024,deterministic,93,50093,5.0,15,True,False,success,saved,True,False,False,85,15,0,0,5,15
default,ppo,2024,deterministic,94,50094,5.0,15,True,False,success,saved,True,False,False,85,15,0,0,5,15
default,ppo,2024,deterministic,95,50095,5.0,15,True,False,success,saved,True,False,False,85,15,0,0,5,15
default,ppo,2024,deterministic,96,50096,5.0,15,True,False,success,saved,True,False,False,85,15,0,0,5,15
default,ppo,2024,deterministic,97,50097,5.0,15,True,False,success,saved,True,False,False,85,15,0,0,5,15
default,ppo,2024,deterministic,98,50098,5.0,15,True,False,success,saved,True,False,False,85,15,0,0,5,15
default,ppo,2024,deterministic,99,50099,5.0,15,True,False,success,saved,True,False,False,85,15,0,0,5,15
default,ppo,2024,stochastic,0,50000,5.0,15,True,False,success,saved,True,False,False,85,15,0,0,5,15
default,ppo,2024,stochastic,1,50001,5.0,15,True,False,success,saved,True,False,False,85,15,0,0,5,15
default,ppo,2024,stochastic,2,50002,3.0,17,True,False,success,saved,True,False,False,83,17,0,0,5,17
default,ppo,2024,stochastic,3,50003,3.0,17,True,False,success,saved,True,False,False,83,17,0,0,5,17
default,ppo,2024,stochastic,4,50004,5.0,15,True,False,success,saved,True,False,False,85,15,0,0,5,15
default,ppo,2024,stochastic,5,50005,5.0,15,True,False,success,saved,True,False,False,85,15,0,0,5,15
default,ppo,2024,stochastic,6,50006,5.0,15,True,False,success,saved,True,False,False,85,15,0,0,5,15
default,ppo,2024,stochastic,7,50007,5.0,15,True,False,success,saved,True,False,False,85,15,0,0,5,15
default,ppo,2024,stochastic,8,50008,5.0,15,True,False,success,saved,True,False,False,85,15,0,0,5,15
default,ppo,2024,stochastic,9,50009,5.0,15,True,False,success,saved,True,False,False,85,15,0,0,5,15
default,ppo,2024,stochastic,10,50010,5.0,15,True,False,success,saved,True,False,False,85,15,0,0,5,15
default,ppo,2024,stochastic,11,50011,5.0,15,True,False,success,saved,True,False,False,85,15,0,0,5,15
default,ppo,2024,stochastic,12,50012,5.0,15,True,False,success,saved,True,False,False,85,15,0,0,5,15
default,ppo,2024,stochastic,13,50013,5.0,15,True,False,success,saved,True,False,False,85,15,0,0,5,15
default,ppo,2024,stochastic,14,50014,4.0,16,True,False,success,saved,True,False,False,85,15,0,0,5,16
default,ppo,2024,stochastic,15,50015,-1.0,21,True,False,success,saved,True,False,False,85,15,0,0,5,21
default,ppo,2024,stochastic,16,50016,5.0,15,True,False,success,saved,True,False,False,85,15,0,0,5,15
default,ppo,2024,stochastic,17,50017,5.0,15,True,False,success,saved,True,False,False,85,15,0,0,5,15
default,ppo,2024,stochastic,18,50018,5.0,15,True,False,success,saved,True,False,False,85,15,0,0,5,15
default,ppo,2024,stochastic,19,50019,3.0,17,True,False,success,saved,True,False,False,83,17,0,0,5,17
default,ppo,2024,stochastic,20,50020,5.0,15,True,False,success,saved,True,False,False,85,15,0,0,5,15
default,ppo,2024,stochastic,21,50021,5.0,15,True,False,success,saved,True,False,False,85,15,0,0,5,15
default,ppo,2024,stochastic,22,50022,5.0,15,True,False,success,saved,True,False,False,85,15,0,0,5,15
default,ppo,2024,stochastic,23,50023,5.0,15,True,False,success,saved,True,False,False,85,15,0,0,5,15
default,ppo,2024,stochastic,24,50024,5.0,15,True,False,success,saved,True,False,False,85,15,0,0,5,15
default,ppo,2024,stochastic,25,50025,5.0,15,True,False,success,saved,True,False,False,85,15,0,0,5,15
default,ppo,2024,stochastic,26,50026,5.0,15,True,False,success,saved,True,False,False,85,15,0,0,5,15
default,ppo,2024,stochastic,27,50027,5.0,15,True,False,success,saved,True,False,False,85,15,0,0,5,15
default,ppo,2024,stochastic,28,50028,3.0,17,True,False,success,saved,True,False,False,83,17,0,0,5,17
default,ppo,2024,stochastic,29,50029,1.0,19,True,False,success,saved,True,False,False,81,19,0,0,5,19
default,ppo,2024,stochastic,30,50030,5.0,15,True,False,success,saved,True,False,False,85,15,0,0,5,15
default,ppo,2024,stochastic,31,50031,5.0,15,True,False,success,saved,True,False,False,85,15,0,0,5,15
default,ppo,2024,stochastic,32,50032,5.0,15,True,False,success,saved,True,False,False,85,15,0,0,5,15
default,ppo,2024,stochastic,33,50033,5.0,15,True,False,success,saved,True,False,False,85,15,0,0,5,15
default,ppo,2024,stochastic,34,50034,5.0,15,True,False,success,saved,True,False,False,85,15,0,0,5,15
default,ppo,2024,stochastic,35,50035,5.0,15,True,False,success,saved,True,False,False,85,15,0,0,5,15
default,ppo,2024,stochastic,36,50036,5.0,15,True,False,success,saved,True,False,False,85,15,0,0,5,15
default,ppo,2024,stochastic,37,50037,5.0,15,True,False,success,saved,True,False,False,85,15,0,0,5,15
default,ppo,2024,stochastic,38,50038,5.0,15,True,False,success,saved,True,False,False,85,15,0,0,5,15
default,ppo,2024,stochastic,39,50039,3.0,17,True,False,success,saved,True,False,False,83,17,0,0,5,17
default,ppo,2024,stochastic,40,50040,5.0,15,True,False,success,saved,True,False,False,85,15,0,0,5,15
default,ppo,2024,stochastic,41,50041,5.0,15,True,False,success,saved,True,False,False,85,15,0,0,5,15
default,ppo,2024,stochastic,42,50042,5.0,15,True,False,success,saved,True,False,False,85,15,0,0,5,15
default,ppo,2024,stochastic,43,50043,5.0,15,True,False,success,saved,True,False,False,85,15,0,0,5,15
default,ppo,2024,stochastic,44,50044,3.0,17,True,False,success,saved,True,False,False,83,17,0,0,5,17
default,ppo,2024,stochastic,45,50045,3.0,17,True,False,success,saved,True,False,False,83,17,0,0,5,17
default,ppo,2024,stochastic,46,50046,5.0,15,True,False,success,saved,True,False,False,85,15,0,0,5,15
default,ppo,2024,stochastic,47,50047,5.0,15,True,False,success,saved,True,False,False,85,15,0,0,5,15
default,ppo,2024,stochastic,48,50048,5.0,15,True,False,success,saved,True,False,False,85,15,0,0,5,15
default,ppo,2024,stochastic,49,50049,5.0,15,True,False,success,saved,True,False,False,85,15,0,0,5,15
default,ppo,2024,stochastic,50,50050,5.0,15,True,False,success,saved,True,False,False,85,15,0,0,5,15
default,ppo,2024,stochastic,51,50051,3.0,17,True,False,success,saved,True,False,False,83,17,0,0,5,17
default,ppo,2024,stochastic,52,50052,5.0,15,True,False,success,saved,True,False,False,85,15,0,0,5,15
default,ppo,2024,stochastic,53,50053,5.0,15,True,False,success,saved,True,False,False,85,15,0,0,5,15
default,ppo,2024,stochastic,54,50054,3.0,17,True,False,success,saved,True,False,False,83,17,0,0,5,17
default,ppo,2024,stochastic,55,50055,3.0,17,True,False,success,saved,True,False,False,83,17,0,0,5,17
default,ppo,2024,stochastic,56,50056,5.0,15,True,False,success,saved,True,False,False,85,15,0,0,5,15
default,ppo,2024,stochastic,57,50057,3.0,17,True,False,success,saved,True,False,False,83,17,0,0,5,17
default,ppo,2024,stochastic,58,50058,3.0,17,True,False,success,saved,True,False,False,83,17,0,0,5,17
default,ppo,2024,stochastic,59,50059,3.0,17,True,False,success,saved,True,False,False,83,17,0,0,5,17
default,ppo,2024,stochastic,60,50060,3.0,17,True,False,success,saved,True,False,False,83,17,0,0,5,17
default,ppo,2024,stochastic,61,50061,1.0,19,True,False,success,saved,True,False,False,81,19,0,0,5,19
default,ppo,2024,stochastic,62,50062,5.0,15,True,False,success,saved,True,False,False,85,15,0,0,5,15
default,ppo,2024,stochastic,63,50063,3.0,17,True,False,success,saved,True,False,False,83,17,0,0,5,17
default,ppo,2024,stochastic,64,50064,3.0,17,True,False,success,saved,True,False,False,83,17,0,0,5,17
default,ppo,2024,stochastic,65,50065,3.0,17,True,False,success,saved,True,False,False,83,17,0,0,5,17
default,ppo,2024,stochastic,66,50066,5.0,15,True,False,success,saved,True,False,False,85,15,0,0,5,15
default,ppo,2024,stochastic,67,50067,5.0,15,True,False,success,saved,True,False,False,85,15,0,0,5,15
default,ppo,2024,stochastic,68,50068,3.0,17,True,False,success,saved,True,False,False,83,17,0,0,5,17
default,ppo,2024,stochastic,69,50069,5.0,15,True,False,success,saved,True,False,False,85,15,0,0,5,15
default,ppo,2024,stochastic,70,50070,5.0,15,True,False,success,saved,True,False,False,85,15,0,0,5,15
default,ppo,2024,stochastic,71,50071,5.0,15,True,False,success,saved,True,False,False,85,15,0,0,5,15
default,ppo,2024,stochastic,72,50072,3.0,17,True,False,success,saved,True,False,False,83,17,0,0,5,17
default,ppo,2024,stochastic,73,50073,5.0,15,True,False,success,saved,True,False,False,85,15,0,0,5,15
default,ppo,2024,stochastic,74,50074,5.0,15,True,False,success,saved,True,False,False,85,15,0,0,5,15
default,ppo,2024,stochastic,75,50075,5.0,15,True,False,success,saved,True,False,False,85,15,0,0,5,15
default,ppo,2024,stochastic,76,50076,5.0,15,True,False,success,saved,True,False,False,85,15,0,0,5,15
default,ppo,2024,stochastic,77,50077,5.0,15,True,False,success,saved,True,False,False,85,15,0,0,5,15
default,ppo,2024,stochastic,78,50078,5.0,15,True,False,success,saved,True,False,False,85,15,0,0,5,15
default,ppo,2024,stochastic,79,50079,5.0,15,True,False,success,saved,True,False,False,85,15,0,0,5,15
default,ppo,2024,stochastic,80,50080,5.0,15,True,False,success,saved,True,False,False,85,15,0,0,5,15
default,ppo,2024,stochastic,81,50081,5.0,15,True,False,success,saved,True,False,False,85,15,0,0,5,15
default,ppo,2024,stochastic,82,50082,5.0,15,True,False,success,saved,True,False,False,85,15,0,0,5,15
default,ppo,2024,stochastic,83,50083,5.0,15,True,False,success,saved,True,False,False,85,15,0,0,5,15
default,ppo,2024,stochastic,84,50084,5.0,15,True,False,success,saved,True,False,False,85,15,0,0,5,15
default,ppo,2024,stochastic,85,50085,5.0,15,True,False,success,saved,True,False,False,85,15,0,0,5,15
default,ppo,2024,stochastic,86,50086,5.0,15,True,False,success,saved,True,False,False,85,15,0,0,5,15
default,ppo,2024,stochastic,87,50087,1.0,19,True,False,success,saved,True,False,False,81,19,0,0,5,19
default,ppo,2024,stochastic,88,50088,5.0,15,True,False,success,saved,True,False,False,85,15,0,0,5,15
default,ppo,2024,stochastic,89,50089,5.0,15,True,False,success,saved,True,False,False,85,15,0,0,5,15
default,ppo,2024,stochastic,90,50090,5.0,15,True,False,success,saved,True,False,False,85,15,0,0,5,15
default,ppo,2024,stochastic,91,50091,5.0,15,True,False,success,saved,True,False,False,85,15,0,0,5,15
default,ppo,2024,stochastic,92,50092,5.0,15,True,False,success,saved,True,False,False,85,15,0,0,5,15
default,ppo,2024,stochastic,93,50093,5.0,15,True,False,success,saved,True,False,False,85,15,0,0,5,15
default,ppo,2024,stochastic,94,50094,5.0,15,True,False,success,saved,True,False,False,85,15,0,0,5,15
default,ppo,2024,stochastic,95,50095,3.0,17,True,False,success,saved,True,False,False,83,17,0,0,5,17
default,ppo,2024,stochastic,96,50096,3.0,17,True,False,success,saved,True,False,False,83,17,0,0,5,17
default,ppo,2024,stochastic,97,50097,5.0,15,True,False,success,saved,True,False,False,85,15,0,0,5,15
default,ppo,2024,stochastic,98,50098,5.0,15,True,False,success,saved,True,False,False,85,15,0,0,5,15
default,ppo,2024,stochastic,99,50099,5.0,15,True,False,success,saved,True,False,False,85,15,0,0,5,15
default,ppo,7,deterministic,0,50000,-100.0,100,False,True,max_steps,awaiting,False,False,False,96,4,0,0,,
default,ppo,7,deterministic,1,50001,-66.0,46,True,False,animal_lost,lost,False,True,False,98,2,0,0,,
default,ppo,7,deterministic,2,50002,-100.0,100,False,True,max_steps,awaiting,False,False,False,97,3,0,0,,
default,ppo,7,deterministic,3,50003,-100.0,100,False,True,max_steps,awaiting,False,False,False,97,3,0,0,,
default,ppo,7,deterministic,4,50004,-100.0,100,False,True,max_steps,awaiting,False,False,False,97,3,0,0,,
default,ppo,7,deterministic,5,50005,-100.0,100,False,True,max_steps,awaiting,False,False,False,98,2,0,0,,
default,ppo,7,deterministic,6,50006,-95.0,75,True,False,animal_lost,lost,False,True,False,98,2,0,0,,
default,ppo,7,deterministic,7,50007,-79.0,59,True,False,animal_lost,lost,False,True,False,98,2,0,0,,
default,ppo,7,deterministic,8,50008,-108.0,88,True,False,animal_lost,lost,False,True,False,97,3,0,0,,
default,ppo,7,deterministic,9,50009,-100.0,100,False,True,max_steps,awaiting,False,False,False,98,2,0,0,,
default,ppo,7,deterministic,10,50010,-100.0,100,False,True,max_steps,awaiting,False,False,False,97,3,0,0,,
default,ppo,7,deterministic,11,50011,-100.0,100,False,True,max_steps,awaiting,False,False,False,98,2,0,0,,
default,ppo,7,deterministic,12,50012,-73.0,53,True,False,animal_lost,lost,False,True,False,98,2,0,0,,
default,ppo,7,deterministic,13,50013,-100.0,100,False,True,max_steps,awaiting,False,False,False,98,2,0,0,,
default,ppo,7,deterministic,14,50014,-91.0,71,True,False,animal_lost,lost,False,True,False,97,3,0,0,,
default,ppo,7,deterministic,15,50015,-100.0,80,True,False,animal_lost,lost,False,True,False,98,2,0,0,,
default,ppo,7,deterministic,16,50016,-79.0,59,True,False,animal_lost,lost,False,True,False,97,3,0,0,,
default,ppo,7,deterministic,17,50017,-100.0,100,False,True,max_steps,awaiting,False,False,False,97,3,0,0,,
default,ppo,7,deterministic,18,50018,-100.0,100,False,True,max_steps,awaiting,False,False,False,97,3,0,0,,
default,ppo,7,deterministic,19,50019,-100.0,100,False,True,max_steps,awaiting,False,False,False,96,4,0,0,,
default,ppo,7,deterministic,20,50020,-81.0,61,True,False,animal_lost,lost,False,True,False,98,2,0,0,,
default,ppo,7,deterministic,21,50021,-97.0,77,True,False,animal_lost,lost,False,True,False,97,3,0,0,,
default,ppo,7,deterministic,22,50022,-80.0,60,True,False,animal_lost,lost,False,True,False,96,4,0,0,,
default,ppo,7,deterministic,23,50023,-100.0,100,False,True,max_steps,awaiting,False,False,False,97,3,0,0,,
default,ppo,7,deterministic,24,50024,-94.0,74,True,False,animal_lost,lost,False,True,False,97,3,0,0,,
default,ppo,7,deterministic,25,50025,-108.0,88,True,False,animal_lost,lost,False,True,False,99,1,0,0,,
default,ppo,7,deterministic,26,50026,-100.0,100,False,True,max_steps,awaiting,False,False,False,97,3,0,0,,
default,ppo,7,deterministic,27,50027,-63.0,43,True,False,animal_lost,lost,False,True,False,96,4,0,0,,
default,ppo,7,deterministic,28,50028,-106.0,86,True,False,animal_lost,lost,False,True,False,97,3,0,0,,
default,ppo,7,deterministic,29,50029,-100.0,100,False,True,max_steps,awaiting,False,False,False,97,3,0,0,,
default,ppo,7,deterministic,30,50030,-100.0,100,False,True,max_steps,awaiting,False,False,False,97,3,0,0,,
default,ppo,7,deterministic,31,50031,-100.0,100,False,True,max_steps,with_robot,False,False,False,93,7,0,0,95,
default,ppo,7,deterministic,32,50032,-96.0,76,True,False,animal_lost,lost,False,True,False,98,2,0,0,,
default,ppo,7,deterministic,33,50033,-100.0,100,False,True,max_steps,awaiting,False,False,False,98,2,0,0,,
default,ppo,7,deterministic,34,50034,-100.0,100,False,True,max_steps,awaiting,False,False,False,98,2,0,0,,
default,ppo,7,deterministic,35,50035,-99.0,79,True,False,animal_lost,lost,False,True,False,97,3,0,0,,
default,ppo,7,deterministic,36,50036,-98.0,78,True,False,animal_lost,lost,False,True,False,98,2,0,0,,
default,ppo,7,deterministic,37,50037,-73.0,53,True,False,animal_lost,lost,False,True,False,98,2,0,0,,
default,ppo,7,deterministic,38,50038,-109.0,89,True,False,animal_lost,lost,False,True,False,96,4,0,0,,
default,ppo,7,deterministic,39,50039,-111.0,91,True,False,animal_lost,lost,False,True,False,94,6,0,0,,
default,ppo,7,deterministic,40,50040,-72.0,52,True,False,animal_lost,lost,False,True,False,98,2,0,0,,
default,ppo,7,deterministic,41,50041,-100.0,100,False,True,max_steps,awaiting,False,False,False,98,2,0,0,,
default,ppo,7,deterministic,42,50042,-102.0,82,True,False,animal_lost,lost,False,True,False,97,3,0,0,,
default,ppo,7,deterministic,43,50043,-100.0,100,False,True,max_steps,awaiting,False,False,False,98,2,0,0,,
default,ppo,7,deterministic,44,50044,-100.0,100,False,True,max_steps,awaiting,False,False,False,98,2,0,0,,
default,ppo,7,deterministic,45,50045,-110.0,90,True,False,animal_lost,lost,False,True,False,98,2,0,0,,
default,ppo,7,deterministic,46,50046,-56.0,36,True,False,animal_lost,lost,False,True,False,97,3,0,0,,
default,ppo,7,deterministic,47,50047,-118.0,98,True,False,animal_lost,lost,False,True,False,97,3,0,0,,
default,ppo,7,deterministic,48,50048,-111.0,91,True,False,animal_lost,lost,False,True,False,97,3,0,0,,
default,ppo,7,deterministic,49,50049,-100.0,100,False,True,max_steps,awaiting,False,False,False,97,3,0,0,,
default,ppo,7,deterministic,50,50050,-100.0,100,False,True,max_steps,awaiting,False,False,False,97,3,0,0,,
default,ppo,7,deterministic,51,50051,-100.0,100,False,True,max_steps,awaiting,False,False,False,96,4,0,0,,
default,ppo,7,deterministic,52,50052,-92.0,72,True,False,animal_lost,lost,False,True,False,99,1,0,0,,
default,ppo,7,deterministic,53,50053,-100.0,100,False,True,max_steps,awaiting,False,False,False,96,4,0,0,,
default,ppo,7,deterministic,54,50054,-100.0,100,False,True,max_steps,awaiting,False,False,False,96,4,0,0,,
default,ppo,7,deterministic,55,50055,-100.0,100,False,True,max_steps,awaiting,False,False,False,98,2,0,0,,
default,ppo,7,deterministic,56,50056,-100.0,100,False,True,max_steps,awaiting,False,False,False,98,2,0,0,,
default,ppo,7,deterministic,57,50057,-102.0,82,True,False,animal_lost,lost,False,True,False,98,2,0,0,,
default,ppo,7,deterministic,58,50058,-100.0,100,False,True,max_steps,awaiting,False,False,False,97,3,0,0,,
default,ppo,7,deterministic,59,50059,-100.0,100,False,True,max_steps,awaiting,False,False,False,97,3,0,0,,
default,ppo,7,deterministic,60,50060,-114.0,94,True,False,animal_lost,lost,False,True,False,98,2,0,0,,
default,ppo,7,deterministic,61,50061,-100.0,100,False,True,max_steps,awaiting,False,False,False,97,3,0,0,,
default,ppo,7,deterministic,62,50062,-94.0,74,True,False,animal_lost,lost,False,True,False,98,2,0,0,,
default,ppo,7,deterministic,63,50063,-111.0,91,True,False,animal_lost,lost,False,True,False,97,3,0,0,,
default,ppo,7,deterministic,64,50064,-94.0,74,True,False,animal_lost,lost,False,True,False,96,4,0,0,,
default,ppo,7,deterministic,65,50065,-100.0,100,False,True,max_steps,awaiting,False,False,False,98,2,0,0,,
default,ppo,7,deterministic,66,50066,-100.0,100,False,True,max_steps,awaiting,False,False,False,97,3,0,0,,
default,ppo,7,deterministic,67,50067,-108.0,88,True,False,animal_lost,lost,False,True,False,97,3,0,0,,
default,ppo,7,deterministic,68,50068,-90.0,70,True,False,animal_lost,lost,False,True,False,96,4,0,0,,
default,ppo,7,deterministic,69,50069,-80.0,60,True,False,animal_lost,lost,False,True,False,96,4,0,0,,
default,ppo,7,deterministic,70,50070,-100.0,100,False,True,max_steps,awaiting,False,False,False,97,3,0,0,,
default,ppo,7,deterministic,71,50071,-100.0,100,False,True,max_steps,awaiting,False,False,False,98,2,0,0,,
default,ppo,7,deterministic,72,50072,-113.0,93,True,False,animal_lost,lost,False,True,False,97,3,0,0,,
default,ppo,7,deterministic,73,50073,-99.0,79,True,False,animal_lost,lost,False,True,False,98,2,0,0,,
default,ppo,7,deterministic,74,50074,-61.0,41,True,False,animal_lost,lost,False,True,False,98,2,0,0,,
default,ppo,7,deterministic,75,50075,-91.0,71,True,False,animal_lost,lost,False,True,False,96,4,0,0,,
default,ppo,7,deterministic,76,50076,-100.0,100,False,True,max_steps,awaiting,False,False,False,98,2,0,0,,
default,ppo,7,deterministic,77,50077,-100.0,100,False,True,max_steps,awaiting,False,False,False,97,3,0,0,,
default,ppo,7,deterministic,78,50078,-78.0,58,True,False,animal_lost,lost,False,True,False,97,3,0,0,,
default,ppo,7,deterministic,79,50079,-72.0,52,True,False,animal_lost,lost,False,True,False,98,2,0,0,,
default,ppo,7,deterministic,80,50080,-101.0,81,True,False,animal_lost,lost,False,True,False,97,3,0,0,,
default,ppo,7,deterministic,81,50081,-95.0,75,True,False,animal_lost,lost,False,True,False,96,4,0,0,,
default,ppo,7,deterministic,82,50082,-68.0,48,True,False,animal_lost,lost,False,True,False,97,3,0,0,,
default,ppo,7,deterministic,83,50083,-100.0,100,False,True,max_steps,awaiting,False,False,False,96,4,0,0,,
default,ppo,7,deterministic,84,50084,-118.0,98,True,False,animal_lost,lost,False,True,False,97,3,0,0,,
default,ppo,7,deterministic,85,50085,-100.0,100,False,True,max_steps,awaiting,False,False,False,99,1,0,0,,
default,ppo,7,deterministic,86,50086,-78.0,58,True,False,animal_lost,lost,False,True,False,97,3,0,0,,
default,ppo,7,deterministic,87,50087,-102.0,82,True,False,animal_lost,lost,False,True,False,96,4,0,0,,
default,ppo,7,deterministic,88,50088,-100.0,100,False,True,max_steps,awaiting,False,False,False,96,4,0,0,,
default,ppo,7,deterministic,89,50089,-100.0,100,False,True,max_steps,awaiting,False,False,False,98,2,0,0,,
default,ppo,7,deterministic,90,50090,-100.0,100,False,True,max_steps,awaiting,False,False,False,98,2,0,0,,
default,ppo,7,deterministic,91,50091,-100.0,100,False,True,max_steps,awaiting,False,False,False,97,3,0,0,,
default,ppo,7,deterministic,92,50092,-90.0,70,True,False,animal_lost,lost,False,True,False,96,4,0,0,,
default,ppo,7,deterministic,93,50093,-105.0,85,True,False,animal_lost,lost,False,True,False,96,4,0,0,,
default,ppo,7,deterministic,94,50094,-104.0,84,True,False,animal_lost,lost,False,True,False,98,2,0,0,,
default,ppo,7,deterministic,95,50095,-65.0,45,True,False,animal_lost,lost,False,True,False,96,4,0,0,,
default,ppo,7,deterministic,96,50096,-95.0,75,True,False,animal_lost,lost,False,True,False,97,3,0,0,,
default,ppo,7,deterministic,97,50097,-100.0,100,False,True,max_steps,with_robot,False,False,False,93,7,0,0,47,
default,ppo,7,deterministic,98,50098,-104.0,84,True,False,animal_lost,lost,False,True,False,98,2,0,0,,
default,ppo,7,deterministic,99,50099,-112.0,92,True,False,animal_lost,lost,False,True,False,97,3,0,0,,
default,ppo,7,stochastic,0,50000,-100.0,100,False,True,max_steps,awaiting,False,False,False,96,4,0,0,,
default,ppo,7,stochastic,1,50001,-66.0,46,True,False,animal_lost,lost,False,True,False,97,3,0,0,,
default,ppo,7,stochastic,2,50002,-100.0,100,False,True,max_steps,awaiting,False,False,False,97,3,0,0,,
default,ppo,7,stochastic,3,50003,-100.0,100,False,True,max_steps,awaiting,False,False,False,96,4,0,0,,
default,ppo,7,stochastic,4,50004,-100.0,100,False,True,max_steps,with_robot,False,False,False,91,9,0,0,81,
default,ppo,7,stochastic,5,50005,-100.0,100,False,True,max_steps,awaiting,False,False,False,97,3,0,0,,
default,ppo,7,stochastic,6,50006,-95.0,75,True,False,animal_lost,lost,False,True,False,97,3,0,0,,
default,ppo,7,stochastic,7,50007,-79.0,59,True,False,animal_lost,lost,False,True,False,97,3,0,0,,
default,ppo,7,stochastic,8,50008,-100.0,100,False,True,max_steps,with_robot,False,False,False,92,8,0,0,33,
default,ppo,7,stochastic,9,50009,-100.0,100,False,True,max_steps,awaiting,False,False,False,96,4,0,0,,
default,ppo,7,stochastic,10,50010,-100.0,100,False,True,max_steps,awaiting,False,False,False,96,4,0,0,,
default,ppo,7,stochastic,11,50011,-100.0,100,False,True,max_steps,awaiting,False,False,False,97,3,0,0,,
default,ppo,7,stochastic,12,50012,-73.0,53,True,False,animal_lost,lost,False,True,False,97,3,0,0,,
default,ppo,7,stochastic,13,50013,-100.0,100,False,True,max_steps,awaiting,False,False,False,97,3,0,0,,
default,ppo,7,stochastic,14,50014,-86.0,71,True,False,animal_lost,lost,False,True,False,81,19,1,1,,
default,ppo,7,stochastic,15,50015,-100.0,80,True,False,animal_lost,lost,False,True,False,96,4,0,0,,
default,ppo,7,stochastic,16,50016,-79.0,59,True,False,animal_lost,lost,False,True,False,96,4,0,0,,
default,ppo,7,stochastic,17,50017,-100.0,100,False,True,max_steps,awaiting,False,False,False,96,4,0,0,,
default,ppo,7,stochastic,18,50018,-100.0,100,False,True,max_steps,awaiting,False,False,False,96,4,0,0,,
default,ppo,7,stochastic,19,50019,-100.0,100,False,True,max_steps,awaiting,False,False,False,96,4,0,0,,
default,ppo,7,stochastic,20,50020,-81.0,61,True,False,animal_lost,lost,False,True,False,95,5,0,0,,
default,ppo,7,stochastic,21,50021,-97.0,77,True,False,animal_lost,lost,False,True,False,97,3,0,0,,
default,ppo,7,stochastic,22,50022,-100.0,100,False,True,max_steps,with_robot,False,False,False,89,11,0,0,57,
default,ppo,7,stochastic,23,50023,-100.0,100,False,True,max_steps,awaiting,False,False,False,97,3,0,0,,
default,ppo,7,stochastic,24,50024,-100.0,100,False,True,max_steps,with_robot,False,False,False,82,18,0,0,62,
default,ppo,7,stochastic,25,50025,-108.0,88,True,False,animal_lost,lost,False,True,False,98,2,0,0,,
default,ppo,7,stochastic,26,50026,-100.0,100,False,True,max_steps,awaiting,False,False,False,97,3,0,0,,
default,ppo,7,stochastic,27,50027,-100.0,100,False,True,max_steps,with_robot,False,False,False,89,11,0,0,37,
default,ppo,7,stochastic,28,50028,-106.0,86,True,False,animal_lost,lost,False,True,False,96,4,0,0,,
default,ppo,7,stochastic,29,50029,-100.0,100,False,True,max_steps,awaiting,False,False,False,96,4,0,0,,
default,ppo,7,stochastic,30,50030,-100.0,100,False,True,max_steps,awaiting,False,False,False,96,4,0,0,,
default,ppo,7,stochastic,31,50031,-100.0,100,False,True,max_steps,awaiting,False,False,False,70,30,1,0,,
default,ppo,7,stochastic,32,50032,-96.0,76,True,False,animal_lost,lost,False,True,False,96,4,0,0,,
default,ppo,7,stochastic,33,50033,-100.0,100,False,True,max_steps,awaiting,False,False,False,95,5,0,0,,
default,ppo,7,stochastic,34,50034,-100.0,100,False,True,max_steps,awaiting,False,False,False,96,4,0,0,,
default,ppo,7,stochastic,35,50035,-99.0,79,True,False,animal_lost,lost,False,True,False,96,4,0,0,,
default,ppo,7,stochastic,36,50036,-98.0,78,True,False,animal_lost,lost,False,True,False,97,3,0,0,,
default,ppo,7,stochastic,37,50037,-73.0,53,True,False,animal_lost,lost,False,True,False,97,3,0,0,,
default,ppo,7,stochastic,38,50038,-109.0,89,True,False,animal_lost,lost,False,True,False,96,4,0,0,,
default,ppo,7,stochastic,39,50039,-111.0,91,True,False,animal_lost,lost,False,True,False,96,4,0,0,,
default,ppo,7,stochastic,40,50040,-72.0,52,True,False,animal_lost,lost,False,True,False,97,3,0,0,,
default,ppo,7,stochastic,41,50041,-100.0,100,False,True,max_steps,awaiting,False,False,False,97,3,0,0,,
default,ppo,7,stochastic,42,50042,-100.0,100,False,True,max_steps,with_robot,False,False,False,91,9,0,0,70,
default,ppo,7,stochastic,43,50043,-100.0,100,False,True,max_steps,awaiting,False,False,False,96,4,0,0,,
default,ppo,7,stochastic,44,50044,-100.0,100,False,True,max_steps,awaiting,False,False,False,96,4,0,0,,
default,ppo,7,stochastic,45,50045,-110.0,90,True,False,animal_lost,lost,False,True,False,97,3,0,0,,
default,ppo,7,stochastic,46,50046,-56.0,36,True,False,animal_lost,lost,False,True,False,97,3,0,0,,
default,ppo,7,stochastic,47,50047,-118.0,98,True,False,animal_lost,lost,False,True,False,95,5,0,0,,
default,ppo,7,stochastic,48,50048,-111.0,91,True,False,animal_lost,lost,False,True,False,96,4,0,0,,
default,ppo,7,stochastic,49,50049,-100.0,100,False,True,max_steps,awaiting,False,False,False,96,4,0,0,,
default,ppo,7,stochastic,50,50050,-100.0,100,False,True,max_steps,with_robot,False,False,False,94,6,0,0,99,
default,ppo,7,stochastic,51,50051,-100.0,100,False,True,max_steps,awaiting,False,False,False,96,4,0,0,,
default,ppo,7,stochastic,52,50052,-92.0,72,True,False,animal_lost,lost,False,True,False,97,3,0,0,,
default,ppo,7,stochastic,53,50053,-100.0,100,False,True,max_steps,with_robot,False,False,False,92,8,0,0,97,
default,ppo,7,stochastic,54,50054,-100.0,100,False,True,max_steps,with_robot,False,False,False,88,12,0,0,70,
default,ppo,7,stochastic,55,50055,-100.0,100,False,True,max_steps,awaiting,False,False,False,96,4,0,0,,
default,ppo,7,stochastic,56,50056,-100.0,100,False,True,max_steps,awaiting,False,False,False,97,3,0,0,,
default,ppo,7,stochastic,57,50057,-102.0,82,True,False,animal_lost,lost,False,True,False,98,2,0,0,,
default,ppo,7,stochastic,58,50058,-100.0,100,False,True,max_steps,awaiting,False,False,False,96,4,0,0,,
default,ppo,7,stochastic,59,50059,-100.0,100,False,True,max_steps,awaiting,False,False,False,97,3,0,0,,
default,ppo,7,stochastic,60,50060,-114.0,94,True,False,animal_lost,lost,False,True,False,94,6,0,0,,
default,ppo,7,stochastic,61,50061,-100.0,100,False,True,max_steps,awaiting,False,False,False,96,4,0,0,,
default,ppo,7,stochastic,62,50062,-94.0,74,True,False,animal_lost,lost,False,True,False,97,3,0,0,,
default,ppo,7,stochastic,63,50063,-111.0,91,True,False,animal_lost,lost,False,True,False,97,3,0,0,,
default,ppo,7,stochastic,64,50064,-94.0,74,True,False,animal_lost,lost,False,True,False,96,4,0,0,,
default,ppo,7,stochastic,65,50065,-100.0,100,False,True,max_steps,awaiting,False,False,False,97,3,0,0,,
default,ppo,7,stochastic,66,50066,-100.0,100,False,True,max_steps,with_robot,False,False,False,95,5,0,0,87,
default,ppo,7,stochastic,67,50067,-100.0,100,False,True,max_steps,with_robot,False,False,False,92,8,0,0,77,
default,ppo,7,stochastic,68,50068,-50.0,70,True,False,success,saved,True,False,False,81,19,0,0,45,70
default,ppo,7,stochastic,69,50069,-100.0,100,False,True,max_steps,with_robot,False,False,False,90,10,0,0,32,
default,ppo,7,stochastic,70,50070,-95.0,100,False,True,max_steps,with_robot,False,False,False,77,23,1,1,60,
default,ppo,7,stochastic,71,50071,-100.0,100,False,True,max_steps,awaiting,False,False,False,97,3,0,0,,
default,ppo,7,stochastic,72,50072,-113.0,93,True,False,animal_lost,lost,False,True,False,91,9,0,0,,
default,ppo,7,stochastic,73,50073,-99.0,79,True,False,animal_lost,lost,False,True,False,96,4,0,0,,
default,ppo,7,stochastic,74,50074,-61.0,41,True,False,animal_lost,lost,False,True,False,97,3,0,0,,
default,ppo,7,stochastic,75,50075,-100.0,100,False,True,max_steps,with_robot,False,False,False,94,6,0,0,63,
default,ppo,7,stochastic,76,50076,-100.0,100,False,True,max_steps,awaiting,False,False,False,97,3,0,0,,
default,ppo,7,stochastic,77,50077,-100.0,100,False,True,max_steps,awaiting,False,False,False,96,4,0,0,,
default,ppo,7,stochastic,78,50078,-78.0,58,True,False,animal_lost,lost,False,True,False,96,4,0,0,,
default,ppo,7,stochastic,79,50079,-72.0,52,True,False,animal_lost,lost,False,True,False,96,4,0,0,,
default,ppo,7,stochastic,80,50080,-101.0,81,True,False,animal_lost,lost,False,True,False,96,4,0,0,,
default,ppo,7,stochastic,81,50081,-100.0,100,False,True,max_steps,with_robot,False,False,False,90,10,0,0,52,
default,ppo,7,stochastic,82,50082,-68.0,48,True,False,animal_lost,lost,False,True,False,96,4,0,0,,
default,ppo,7,stochastic,83,50083,-100.0,100,False,True,max_steps,with_robot,False,False,False,93,7,0,0,81,
default,ppo,7,stochastic,84,50084,-118.0,98,True,False,animal_lost,lost,False,True,False,95,5,0,0,,
default,ppo,7,stochastic,85,50085,-100.0,100,False,True,max_steps,awaiting,False,False,False,97,3,0,0,,
default,ppo,7,stochastic,86,50086,-100.0,100,False,True,max_steps,with_robot,False,False,False,74,26,0,0,46,
default,ppo,7,stochastic,87,50087,-100.0,100,False,True,max_steps,with_robot,False,False,False,92,8,0,0,75,
default,ppo,7,stochastic,88,50088,-100.0,100,False,True,max_steps,with_robot,False,False,False,90,10,0,0,59,
default,ppo,7,stochastic,89,50089,-100.0,100,False,True,max_steps,awaiting,False,False,False,97,3,0,0,,
default,ppo,7,stochastic,90,50090,-100.0,100,False,True,max_steps,awaiting,False,False,False,96,4,0,0,,
default,ppo,7,stochastic,91,50091,-100.0,100,False,True,max_steps,awaiting,False,False,False,96,4,0,0,,
default,ppo,7,stochastic,92,50092,-90.0,70,True,False,animal_lost,lost,False,True,False,97,3,0,0,,
default,ppo,7,stochastic,93,50093,-105.0,85,True,False,animal_lost,lost,False,True,False,96,4,0,0,,
default,ppo,7,stochastic,94,50094,-104.0,84,True,False,animal_lost,lost,False,True,False,97,3,0,0,,
default,ppo,7,stochastic,95,50095,-100.0,100,False,True,max_steps,with_robot,False,False,False,92,8,0,0,32,
default,ppo,7,stochastic,96,50096,-95.0,75,True,False,animal_lost,lost,False,True,False,96,4,0,0,,
default,ppo,7,stochastic,97,50097,-100.0,100,False,True,max_steps,with_robot,False,False,False,91,9,0,0,44,
default,ppo,7,stochastic,98,50098,-104.0,84,True,False,animal_lost,lost,False,True,False,96,4,0,0,,
default,ppo,7,stochastic,99,50099,-112.0,92,True,False,animal_lost,lost,False,True,False,92,8,0,0,,
default,ppo,314,deterministic,0,50000,5.0,15,True,False,success,saved,True,False,False,85,15,0,0,5,15
default,ppo,314,deterministic,1,50001,5.0,15,True,False,success,saved,True,False,False,85,15,0,0,5,15
default,ppo,314,deterministic,2,50002,5.0,15,True,False,success,saved,True,False,False,85,15,0,0,5,15
default,ppo,314,deterministic,3,50003,5.0,15,True,False,success,saved,True,False,False,85,15,0,0,5,15
default,ppo,314,deterministic,4,50004,5.0,15,True,False,success,saved,True,False,False,85,15,0,0,5,15
default,ppo,314,deterministic,5,50005,5.0,15,True,False,success,saved,True,False,False,85,15,0,0,5,15
default,ppo,314,deterministic,6,50006,5.0,15,True,False,success,saved,True,False,False,85,15,0,0,5,15
default,ppo,314,deterministic,7,50007,5.0,15,True,False,success,saved,True,False,False,85,15,0,0,5,15
default,ppo,314,deterministic,8,50008,5.0,15,True,False,success,saved,True,False,False,85,15,0,0,5,15
default,ppo,314,deterministic,9,50009,-16.0,36,True,False,success,saved,True,False,False,85,15,0,0,5,36
default,ppo,314,deterministic,10,50010,5.0,15,True,False,success,saved,True,False,False,85,15,0,0,5,15
default,ppo,314,deterministic,11,50011,5.0,15,True,False,success,saved,True,False,False,85,15,0,0,5,15
default,ppo,314,deterministic,12,50012,5.0,15,True,False,success,saved,True,False,False,85,15,0,0,5,15
default,ppo,314,deterministic,13,50013,5.0,15,True,False,success,saved,True,False,False,85,15,0,0,5,15
default,ppo,314,deterministic,14,50014,5.0,15,True,False,success,saved,True,False,False,85,15,0,0,5,15
default,ppo,314,deterministic,15,50015,5.0,15,True,False,success,saved,True,False,False,85,15,0,0,5,15
default,ppo,314,deterministic,16,50016,5.0,15,True,False,success,saved,True,False,False,85,15,0,0,5,15
default,ppo,314,deterministic,17,50017,5.0,15,True,False,success,saved,True,False,False,85,15,0,0,5,15
default,ppo,314,deterministic,18,50018,5.0,15,True,False,success,saved,True,False,False,85,15,0,0,5,15
default,ppo,314,deterministic,19,50019,5.0,15,True,False,success,saved,True,False,False,85,15,0,0,5,15
default,ppo,314,deterministic,20,50020,5.0,15,True,False,success,saved,True,False,False,85,15,0,0,5,15
default,ppo,314,deterministic,21,50021,5.0,15,True,False,success,saved,True,False,False,85,15,0,0,5,15
default,ppo,314,deterministic,22,50022,5.0,15,True,False,success,saved,True,False,False,85,15,0,0,5,15
default,ppo,314,deterministic,23,50023,5.0,15,True,False,success,saved,True,False,False,85,15,0,0,5,15
default,ppo,314,deterministic,24,50024,5.0,15,True,False,success,saved,True,False,False,85,15,0,0,5,15
default,ppo,314,deterministic,25,50025,5.0,15,True,False,success,saved,True,False,False,85,15,0,0,5,15
default,ppo,314,deterministic,26,50026,5.0,15,True,False,success,saved,True,False,False,85,15,0,0,5,15
default,ppo,314,deterministic,27,50027,5.0,15,True,False,success,saved,True,False,False,85,15,0,0,5,15
default,ppo,314,deterministic,28,50028,5.0,15,True,False,success,saved,True,False,False,85,15,0,0,5,15
default,ppo,314,deterministic,29,50029,5.0,15,True,False,success,saved,True,False,False,85,15,0,0,5,15
default,ppo,314,deterministic,30,50030,5.0,15,True,False,success,saved,True,False,False,85,15,0,0,5,15
default,ppo,314,deterministic,31,50031,5.0,15,True,False,success,saved,True,False,False,85,15,0,0,5,15
default,ppo,314,deterministic,32,50032,5.0,15,True,False,success,saved,True,False,False,85,15,0,0,5,15
default,ppo,314,deterministic,33,50033,5.0,15,True,False,success,saved,True,False,False,85,15,0,0,5,15
default,ppo,314,deterministic,34,50034,5.0,15,True,False,success,saved,True,False,False,85,15,0,0,5,15
default,ppo,314,deterministic,35,50035,5.0,15,True,False,success,saved,True,False,False,85,15,0,0,5,15
default,ppo,314,deterministic,36,50036,5.0,15,True,False,success,saved,True,False,False,85,15,0,0,5,15
default,ppo,314,deterministic,37,50037,5.0,15,True,False,success,saved,True,False,False,85,15,0,0,5,15
default,ppo,314,deterministic,38,50038,5.0,15,True,False,success,saved,True,False,False,85,15,0,0,5,15
default,ppo,314,deterministic,39,50039,5.0,15,True,False,success,saved,True,False,False,85,15,0,0,5,15
default,ppo,314,deterministic,40,50040,5.0,15,True,False,success,saved,True,False,False,85,15,0,0,5,15
default,ppo,314,deterministic,41,50041,5.0,15,True,False,success,saved,True,False,False,85,15,0,0,5,15
default,ppo,314,deterministic,42,50042,5.0,15,True,False,success,saved,True,False,False,85,15,0,0,5,15
default,ppo,314,deterministic,43,50043,5.0,15,True,False,success,saved,True,False,False,85,15,0,0,5,15
default,ppo,314,deterministic,44,50044,5.0,15,True,False,success,saved,True,False,False,85,15,0,0,5,15
default,ppo,314,deterministic,45,50045,5.0,15,True,False,success,saved,True,False,False,85,15,0,0,5,15
default,ppo,314,deterministic,46,50046,5.0,15,True,False,success,saved,True,False,False,85,15,0,0,5,15
default,ppo,314,deterministic,47,50047,5.0,15,True,False,success,saved,True,False,False,85,15,0,0,5,15
default,ppo,314,deterministic,48,50048,5.0,15,True,False,success,saved,True,False,False,85,15,0,0,5,15
default,ppo,314,deterministic,49,50049,5.0,15,True,False,success,saved,True,False,False,85,15,0,0,5,15
default,ppo,314,deterministic,50,50050,5.0,15,True,False,success,saved,True,False,False,85,15,0,0,5,15
default,ppo,314,deterministic,51,50051,5.0,15,True,False,success,saved,True,False,False,85,15,0,0,5,15
default,ppo,314,deterministic,52,50052,5.0,15,True,False,success,saved,True,False,False,85,15,0,0,5,15
default,ppo,314,deterministic,53,50053,5.0,15,True,False,success,saved,True,False,False,85,15,0,0,5,15
default,ppo,314,deterministic,54,50054,5.0,15,True,False,success,saved,True,False,False,85,15,0,0,5,15
default,ppo,314,deterministic,55,50055,5.0,15,True,False,success,saved,True,False,False,85,15,0,0,5,15
default,ppo,314,deterministic,56,50056,5.0,15,True,False,success,saved,True,False,False,85,15,0,0,5,15
default,ppo,314,deterministic,57,50057,5.0,15,True,False,success,saved,True,False,False,85,15,0,0,5,15
default,ppo,314,deterministic,58,50058,5.0,15,True,False,success,saved,True,False,False,85,15,0,0,5,15
default,ppo,314,deterministic,59,50059,5.0,15,True,False,success,saved,True,False,False,85,15,0,0,5,15
default,ppo,314,deterministic,60,50060,5.0,15,True,False,success,saved,True,False,False,85,15,0,0,5,15
default,ppo,314,deterministic,61,50061,5.0,15,True,False,success,saved,True,False,False,85,15,0,0,5,15
default,ppo,314,deterministic,62,50062,5.0,15,True,False,success,saved,True,False,False,85,15,0,0,5,15
default,ppo,314,deterministic,63,50063,5.0,15,True,False,success,saved,True,False,False,85,15,0,0,5,15
default,ppo,314,deterministic,64,50064,5.0,15,True,False,success,saved,True,False,False,85,15,0,0,5,15
default,ppo,314,deterministic,65,50065,5.0,15,True,False,success,saved,True,False,False,85,15,0,0,5,15
default,ppo,314,deterministic,66,50066,5.0,15,True,False,success,saved,True,False,False,85,15,0,0,5,15
default,ppo,314,deterministic,67,50067,5.0,15,True,False,success,saved,True,False,False,85,15,0,0,5,15
default,ppo,314,deterministic,68,50068,5.0,15,True,False,success,saved,True,False,False,85,15,0,0,5,15
default,ppo,314,deterministic,69,50069,5.0,15,True,False,success,saved,True,False,False,85,15,0,0,5,15
default,ppo,314,deterministic,70,50070,5.0,15,True,False,success,saved,True,False,False,85,15,0,0,5,15
default,ppo,314,deterministic,71,50071,5.0,15,True,False,success,saved,True,False,False,85,15,0,0,5,15
default,ppo,314,deterministic,72,50072,5.0,15,True,False,success,saved,True,False,False,85,15,0,0,5,15
default,ppo,314,deterministic,73,50073,5.0,15,True,False,success,saved,True,False,False,85,15,0,0,5,15
default,ppo,314,deterministic,74,50074,5.0,15,True,False,success,saved,True,False,False,85,15,0,0,5,15
default,ppo,314,deterministic,75,50075,5.0,15,True,False,success,saved,True,False,False,85,15,0,0,5,15
default,ppo,314,deterministic,76,50076,5.0,15,True,False,success,saved,True,False,False,85,15,0,0,5,15
default,ppo,314,deterministic,77,50077,5.0,15,True,False,success,saved,True,False,False,85,15,0,0,5,15
default,ppo,314,deterministic,78,50078,5.0,15,True,False,success,saved,True,False,False,85,15,0,0,5,15
default,ppo,314,deterministic,79,50079,5.0,15,True,False,success,saved,True,False,False,85,15,0,0,5,15
default,ppo,314,deterministic,80,50080,5.0,15,True,False,success,saved,True,False,False,85,15,0,0,5,15
default,ppo,314,deterministic,81,50081,5.0,15,True,False,success,saved,True,False,False,85,15,0,0,5,15
default,ppo,314,deterministic,82,50082,5.0,15,True,False,success,saved,True,False,False,85,15,0,0,5,15
default,ppo,314,deterministic,83,50083,5.0,15,True,False,success,saved,True,False,False,85,15,0,0,5,15
default,ppo,314,deterministic,84,50084,5.0,15,True,False,success,saved,True,False,False,85,15,0,0,5,15
default,ppo,314,deterministic,85,50085,5.0,15,True,False,success,saved,True,False,False,85,15,0,0,5,15
default,ppo,314,deterministic,86,50086,5.0,15,True,False,success,saved,True,False,False,85,15,0,0,5,15
default,ppo,314,deterministic,87,50087,5.0,15,True,False,success,saved,True,False,False,85,15,0,0,5,15
default,ppo,314,deterministic,88,50088,5.0,15,True,False,success,saved,True,False,False,85,15,0,0,5,15
default,ppo,314,deterministic,89,50089,5.0,15,True,False,success,saved,True,False,False,85,15,0,0,5,15
default,ppo,314,deterministic,90,50090,5.0,15,True,False,success,saved,True,False,False,85,15,0,0,5,15
default,ppo,314,deterministic,91,50091,5.0,15,True,False,success,saved,True,False,False,85,15,0,0,5,15
default,ppo,314,deterministic,92,50092,5.0,15,True,False,success,saved,True,False,False,85,15,0,0,5,15
default,ppo,314,deterministic,93,50093,5.0,15,True,False,success,saved,True,False,False,85,15,0,0,5,15
default,ppo,314,deterministic,94,50094,5.0,15,True,False,success,saved,True,False,False,85,15,0,0,5,15
default,ppo,314,deterministic,95,50095,5.0,15,True,False,success,saved,True,False,False,85,15,0,0,5,15
default,ppo,314,deterministic,96,50096,5.0,15,True,False,success,saved,True,False,False,85,15,0,0,5,15
default,ppo,314,deterministic,97,50097,5.0,15,True,False,success,saved,True,False,False,85,15,0,0,5,15
default,ppo,314,deterministic,98,50098,5.0,15,True,False,success,saved,True,False,False,85,15,0,0,5,15
default,ppo,314,deterministic,99,50099,5.0,15,True,False,success,saved,True,False,False,85,15,0,0,5,15
default,ppo,314,stochastic,0,50000,5.0,15,True,False,success,saved,True,False,False,85,15,0,0,5,15
default,ppo,314,stochastic,1,50001,5.0,15,True,False,success,saved,True,False,False,85,15,0,0,5,15
default,ppo,314,stochastic,2,50002,5.0,15,True,False,success,saved,True,False,False,85,15,0,0,5,15
default,ppo,314,stochastic,3,50003,5.0,15,True,False,success,saved,True,False,False,85,15,0,0,5,15
default,ppo,314,stochastic,4,50004,5.0,15,True,False,success,saved,True,False,False,85,15,0,0,5,15
default,ppo,314,stochastic,5,50005,5.0,15,True,False,success,saved,True,False,False,85,15,0,0,5,15
default,ppo,314,stochastic,6,50006,5.0,15,True,False,success,saved,True,False,False,85,15,0,0,5,15
default,ppo,314,stochastic,7,50007,5.0,15,True,False,success,saved,True,False,False,85,15,0,0,5,15
default,ppo,314,stochastic,8,50008,5.0,15,True,False,success,saved,True,False,False,85,15,0,0,5,15
default,ppo,314,stochastic,9,50009,-16.0,36,True,False,success,saved,True,False,False,85,15,0,0,5,36
default,ppo,314,stochastic,10,50010,5.0,15,True,False,success,saved,True,False,False,85,15,0,0,5,15
default,ppo,314,stochastic,11,50011,5.0,15,True,False,success,saved,True,False,False,85,15,0,0,5,15
default,ppo,314,stochastic,12,50012,5.0,15,True,False,success,saved,True,False,False,85,15,0,0,5,15
default,ppo,314,stochastic,13,50013,5.0,15,True,False,success,saved,True,False,False,85,15,0,0,5,15
default,ppo,314,stochastic,14,50014,5.0,15,True,False,success,saved,True,False,False,85,15,0,0,5,15
default,ppo,314,stochastic,15,50015,3.0,17,True,False,success,saved,True,False,False,81,19,0,0,5,17
default,ppo,314,stochastic,16,50016,5.0,15,True,False,success,saved,True,False,False,85,15,0,0,5,15
default,ppo,314,stochastic,17,50017,5.0,15,True,False,success,saved,True,False,False,85,15,0,0,5,15
default,ppo,314,stochastic,18,50018,5.0,15,True,False,success,saved,True,False,False,85,15,0,0,5,15
default,ppo,314,stochastic,19,50019,5.0,15,True,False,success,saved,True,False,False,85,15,0,0,5,15
default,ppo,314,stochastic,20,50020,5.0,15,True,False,success,saved,True,False,False,85,15,0,0,5,15
default,ppo,314,stochastic,21,50021,5.0,15,True,False,success,saved,True,False,False,85,15,0,0,5,15
default,ppo,314,stochastic,22,50022,5.0,15,True,False,success,saved,True,False,False,85,15,0,0,5,15
default,ppo,314,stochastic,23,50023,5.0,15,True,False,success,saved,True,False,False,85,15,0,0,5,15
default,ppo,314,stochastic,24,50024,5.0,15,True,False,success,saved,True,False,False,85,15,0,0,5,15
default,ppo,314,stochastic,25,50025,5.0,15,True,False,success,saved,True,False,False,85,15,0,0,5,15
default,ppo,314,stochastic,26,50026,5.0,15,True,False,success,saved,True,False,False,85,15,0,0,5,15
default,ppo,314,stochastic,27,50027,5.0,15,True,False,success,saved,True,False,False,85,15,0,0,5,15
default,ppo,314,stochastic,28,50028,5.0,15,True,False,success,saved,True,False,False,85,15,0,0,5,15
default,ppo,314,stochastic,29,50029,5.0,15,True,False,success,saved,True,False,False,85,15,0,0,5,15
default,ppo,314,stochastic,30,50030,5.0,15,True,False,success,saved,True,False,False,85,15,0,0,5,15
default,ppo,314,stochastic,31,50031,5.0,15,True,False,success,saved,True,False,False,85,15,0,0,5,15
default,ppo,314,stochastic,32,50032,5.0,15,True,False,success,saved,True,False,False,85,15,0,0,5,15
default,ppo,314,stochastic,33,50033,5.0,15,True,False,success,saved,True,False,False,85,15,0,0,5,15
default,ppo,314,stochastic,34,50034,5.0,15,True,False,success,saved,True,False,False,85,15,0,0,5,15
default,ppo,314,stochastic,35,50035,5.0,15,True,False,success,saved,True,False,False,85,15,0,0,5,15
default,ppo,314,stochastic,36,50036,5.0,15,True,False,success,saved,True,False,False,85,15,0,0,5,15
default,ppo,314,stochastic,37,50037,5.0,15,True,False,success,saved,True,False,False,85,15,0,0,5,15
default,ppo,314,stochastic,38,50038,5.0,15,True,False,success,saved,True,False,False,85,15,0,0,5,15
default,ppo,314,stochastic,39,50039,5.0,15,True,False,success,saved,True,False,False,85,15,0,0,5,15
default,ppo,314,stochastic,40,50040,5.0,15,True,False,success,saved,True,False,False,85,15,0,0,5,15
default,ppo,314,stochastic,41,50041,5.0,15,True,False,success,saved,True,False,False,85,15,0,0,5,15
default,ppo,314,stochastic,42,50042,5.0,15,True,False,success,saved,True,False,False,85,15,0,0,5,15
default,ppo,314,stochastic,43,50043,5.0,15,True,False,success,saved,True,False,False,85,15,0,0,5,15
default,ppo,314,stochastic,44,50044,5.0,15,True,False,success,saved,True,False,False,85,15,0,0,5,15
default,ppo,314,stochastic,45,50045,5.0,15,True,False,success,saved,True,False,False,85,15,0,0,5,15
default,ppo,314,stochastic,46,50046,5.0,15,True,False,success,saved,True,False,False,85,15,0,0,5,15
default,ppo,314,stochastic,47,50047,5.0,15,True,False,success,saved,True,False,False,85,15,0,0,5,15
default,ppo,314,stochastic,48,50048,5.0,15,True,False,success,saved,True,False,False,85,15,0,0,5,15
default,ppo,314,stochastic,49,50049,5.0,15,True,False,success,saved,True,False,False,85,15,0,0,5,15
default,ppo,314,stochastic,50,50050,5.0,15,True,False,success,saved,True,False,False,85,15,0,0,5,15
default,ppo,314,stochastic,51,50051,5.0,15,True,False,success,saved,True,False,False,85,15,0,0,5,15
default,ppo,314,stochastic,52,50052,5.0,15,True,False,success,saved,True,False,False,85,15,0,0,5,15
default,ppo,314,stochastic,53,50053,5.0,15,True,False,success,saved,True,False,False,85,15,0,0,5,15
default,ppo,314,stochastic,54,50054,5.0,15,True,False,success,saved,True,False,False,85,15,0,0,5,15
default,ppo,314,stochastic,55,50055,5.0,15,True,False,success,saved,True,False,False,85,15,0,0,5,15
default,ppo,314,stochastic,56,50056,5.0,15,True,False,success,saved,True,False,False,85,15,0,0,5,15
default,ppo,314,stochastic,57,50057,5.0,15,True,False,success,saved,True,False,False,85,15,0,0,5,15
default,ppo,314,stochastic,58,50058,5.0,15,True,False,success,saved,True,False,False,85,15,0,0,5,15
default,ppo,314,stochastic,59,50059,5.0,15,True,False,success,saved,True,False,False,85,15,0,0,5,15
default,ppo,314,stochastic,60,50060,5.0,15,True,False,success,saved,True,False,False,85,15,0,0,5,15
default,ppo,314,stochastic,61,50061,5.0,15,True,False,success,saved,True,False,False,85,15,0,0,5,15
default,ppo,314,stochastic,62,50062,5.0,15,True,False,success,saved,True,False,False,85,15,0,0,5,15
default,ppo,314,stochastic,63,50063,5.0,15,True,False,success,saved,True,False,False,85,15,0,0,5,15
default,ppo,314,stochastic,64,50064,5.0,15,True,False,success,saved,True,False,False,85,15,0,0,5,15
default,ppo,314,stochastic,65,50065,5.0,15,True,False,success,saved,True,False,False,85,15,0,0,5,15
default,ppo,314,stochastic,66,50066,5.0,15,True,False,success,saved,True,False,False,85,15,0,0,5,15
default,ppo,314,stochastic,67,50067,5.0,15,True,False,success,saved,True,False,False,85,15,0,0,5,15
default,ppo,314,stochastic,68,50068,5.0,15,True,False,success,saved,True,False,False,85,15,0,0,5,15
default,ppo,314,stochastic,69,50069,5.0,15,True,False,success,saved,True,False,False,85,15,0,0,5,15
default,ppo,314,stochastic,70,50070,5.0,15,True,False,success,saved,True,False,False,85,15,0,0,5,15
default,ppo,314,stochastic,71,50071,5.0,15,True,False,success,saved,True,False,False,85,15,0,0,5,15
default,ppo,314,stochastic,72,50072,5.0,15,True,False,success,saved,True,False,False,85,15,0,0,5,15
default,ppo,314,stochastic,73,50073,5.0,15,True,False,success,saved,True,False,False,85,15,0,0,5,15
default,ppo,314,stochastic,74,50074,5.0,15,True,False,success,saved,True,False,False,85,15,0,0,5,15
default,ppo,314,stochastic,75,50075,5.0,15,True,False,success,saved,True,False,False,85,15,0,0,5,15
default,ppo,314,stochastic,76,50076,5.0,15,True,False,success,saved,True,False,False,85,15,0,0,5,15
default,ppo,314,stochastic,77,50077,5.0,15,True,False,success,saved,True,False,False,85,15,0,0,5,15
default,ppo,314,stochastic,78,50078,5.0,15,True,False,success,saved,True,False,False,85,15,0,0,5,15
default,ppo,314,stochastic,79,50079,5.0,15,True,False,success,saved,True,False,False,85,15,0,0,5,15
default,ppo,314,stochastic,80,50080,5.0,15,True,False,success,saved,True,False,False,85,15,0,0,5,15
default,ppo,314,stochastic,81,50081,5.0,15,True,False,success,saved,True,False,False,85,15,0,0,5,15
default,ppo,314,stochastic,82,50082,5.0,15,True,False,success,saved,True,False,False,85,15,0,0,5,15
default,ppo,314,stochastic,83,50083,5.0,15,True,False,success,saved,True,False,False,85,15,0,0,5,15
default,ppo,314,stochastic,84,50084,5.0,15,True,False,success,saved,True,False,False,85,15,0,0,5,15
default,ppo,314,stochastic,85,50085,5.0,15,True,False,success,saved,True,False,False,85,15,0,0,5,15
default,ppo,314,stochastic,86,50086,5.0,15,True,False,success,saved,True,False,False,85,15,0,0,5,15
default,ppo,314,stochastic,87,50087,5.0,15,True,False,success,saved,True,False,False,85,15,0,0,5,15
default,ppo,314,stochastic,88,50088,5.0,15,True,False,success,saved,True,False,False,85,15,0,0,5,15
default,ppo,314,stochastic,89,50089,5.0,15,True,False,success,saved,True,False,False,85,15,0,0,5,15
default,ppo,314,stochastic,90,50090,5.0,15,True,False,success,saved,True,False,False,85,15,0,0,5,15
default,ppo,314,stochastic,91,50091,5.0,15,True,False,success,saved,True,False,False,85,15,0,0,5,15
default,ppo,314,stochastic,92,50092,5.0,15,True,False,success,saved,True,False,False,85,15,0,0,5,15
default,ppo,314,stochastic,93,50093,5.0,15,True,False,success,saved,True,False,False,85,15,0,0,5,15
default,ppo,314,stochastic,94,50094,5.0,15,True,False,success,saved,True,False,False,85,15,0,0,5,15
default,ppo,314,stochastic,95,50095,5.0,15,True,False,success,saved,True,False,False,85,15,0,0,5,15
default,ppo,314,stochastic,96,50096,5.0,15,True,False,success,saved,True,False,False,85,15,0,0,5,15
default,ppo,314,stochastic,97,50097,4.0,16,True,False,success,saved,True,False,False,85,15,0,0,5,16
default,ppo,314,stochastic,98,50098,5.0,15,True,False,success,saved,True,False,False,85,15,0,0,5,15
default,ppo,314,stochastic,99,50099,5.0,15,True,False,success,saved,True,False,False,85,15,0,0,5,15
ppo_no_barriers,ppo,42,deterministic,0,50000,5.0,15,True,False,success,saved,True,False,False,85,15,0,0,5,15
ppo_no_barriers,ppo,42,deterministic,1,50001,5.0,15,True,False,success,saved,True,False,False,85,15,0,0,5,15
ppo_no_barriers,ppo,42,deterministic,2,50002,5.0,15,True,False,success,saved,True,False,False,85,15,0,0,5,15
ppo_no_barriers,ppo,42,deterministic,3,50003,5.0,15,True,False,success,saved,True,False,False,85,15,0,0,5,15
ppo_no_barriers,ppo,42,deterministic,4,50004,5.0,15,True,False,success,saved,True,False,False,85,15,0,0,5,15
ppo_no_barriers,ppo,42,deterministic,5,50005,5.0,15,True,False,success,saved,True,False,False,85,15,0,0,5,15
ppo_no_barriers,ppo,42,deterministic,6,50006,5.0,15,True,False,success,saved,True,False,False,85,15,0,0,5,15
ppo_no_barriers,ppo,42,deterministic,7,50007,5.0,15,True,False,success,saved,True,False,False,85,15,0,0,5,15
ppo_no_barriers,ppo,42,deterministic,8,50008,5.0,15,True,False,success,saved,True,False,False,85,15,0,0,5,15
ppo_no_barriers,ppo,42,deterministic,9,50009,5.0,15,True,False,success,saved,True,False,False,85,15,0,0,5,15
ppo_no_barriers,ppo,42,deterministic,10,50010,5.0,15,True,False,success,saved,True,False,False,85,15,0,0,5,15
ppo_no_barriers,ppo,42,deterministic,11,50011,5.0,15,True,False,success,saved,True,False,False,85,15,0,0,5,15
ppo_no_barriers,ppo,42,deterministic,12,50012,5.0,15,True,False,success,saved,True,False,False,85,15,0,0,5,15
ppo_no_barriers,ppo,42,deterministic,13,50013,5.0,15,True,False,success,saved,True,False,False,85,15,0,0,5,15
ppo_no_barriers,ppo,42,deterministic,14,50014,5.0,15,True,False,success,saved,True,False,False,85,15,0,0,5,15
ppo_no_barriers,ppo,42,deterministic,15,50015,5.0,15,True,False,success,saved,True,False,False,85,15,0,0,5,15
ppo_no_barriers,ppo,42,deterministic,16,50016,5.0,15,True,False,success,saved,True,False,False,85,15,0,0,5,15
ppo_no_barriers,ppo,42,deterministic,17,50017,5.0,15,True,False,success,saved,True,False,False,85,15,0,0,5,15
ppo_no_barriers,ppo,42,deterministic,18,50018,5.0,15,True,False,success,saved,True,False,False,85,15,0,0,5,15
ppo_no_barriers,ppo,42,deterministic,19,50019,5.0,15,True,False,success,saved,True,False,False,85,15,0,0,5,15
ppo_no_barriers,ppo,42,deterministic,20,50020,5.0,15,True,False,success,saved,True,False,False,85,15,0,0,5,15
ppo_no_barriers,ppo,42,deterministic,21,50021,5.0,15,True,False,success,saved,True,False,False,85,15,0,0,5,15
ppo_no_barriers,ppo,42,deterministic,22,50022,5.0,15,True,False,success,saved,True,False,False,85,15,0,0,5,15
ppo_no_barriers,ppo,42,deterministic,23,50023,5.0,15,True,False,success,saved,True,False,False,85,15,0,0,5,15
ppo_no_barriers,ppo,42,deterministic,24,50024,5.0,15,True,False,success,saved,True,False,False,85,15,0,0,5,15
ppo_no_barriers,ppo,42,deterministic,25,50025,5.0,15,True,False,success,saved,True,False,False,85,15,0,0,5,15
ppo_no_barriers,ppo,42,deterministic,26,50026,5.0,15,True,False,success,saved,True,False,False,85,15,0,0,5,15
ppo_no_barriers,ppo,42,deterministic,27,50027,5.0,15,True,False,success,saved,True,False,False,85,15,0,0,5,15
ppo_no_barriers,ppo,42,deterministic,28,50028,5.0,15,True,False,success,saved,True,False,False,85,15,0,0,5,15
ppo_no_barriers,ppo,42,deterministic,29,50029,5.0,15,True,False,success,saved,True,False,False,85,15,0,0,5,15
ppo_no_barriers,ppo,42,deterministic,30,50030,5.0,15,True,False,success,saved,True,False,False,85,15,0,0,5,15
ppo_no_barriers,ppo,42,deterministic,31,50031,5.0,15,True,False,success,saved,True,False,False,85,15,0,0,5,15
ppo_no_barriers,ppo,42,deterministic,32,50032,5.0,15,True,False,success,saved,True,False,False,85,15,0,0,5,15
ppo_no_barriers,ppo,42,deterministic,33,50033,5.0,15,True,False,success,saved,True,False,False,85,15,0,0,5,15
ppo_no_barriers,ppo,42,deterministic,34,50034,5.0,15,True,False,success,saved,True,False,False,85,15,0,0,5,15
ppo_no_barriers,ppo,42,deterministic,35,50035,5.0,15,True,False,success,saved,True,False,False,85,15,0,0,5,15
ppo_no_barriers,ppo,42,deterministic,36,50036,5.0,15,True,False,success,saved,True,False,False,85,15,0,0,5,15
ppo_no_barriers,ppo,42,deterministic,37,50037,5.0,15,True,False,success,saved,True,False,False,85,15,0,0,5,15
ppo_no_barriers,ppo,42,deterministic,38,50038,5.0,15,True,False,success,saved,True,False,False,85,15,0,0,5,15
ppo_no_barriers,ppo,42,deterministic,39,50039,5.0,15,True,False,success,saved,True,False,False,85,15,0,0,5,15
ppo_no_barriers,ppo,42,deterministic,40,50040,5.0,15,True,False,success,saved,True,False,False,85,15,0,0,5,15
ppo_no_barriers,ppo,42,deterministic,41,50041,5.0,15,True,False,success,saved,True,False,False,85,15,0,0,5,15
ppo_no_barriers,ppo,42,deterministic,42,50042,5.0,15,True,False,success,saved,True,False,False,85,15,0,0,5,15
ppo_no_barriers,ppo,42,deterministic,43,50043,5.0,15,True,False,success,saved,True,False,False,85,15,0,0,5,15
ppo_no_barriers,ppo,42,deterministic,44,50044,5.0,15,True,False,success,saved,True,False,False,85,15,0,0,5,15
ppo_no_barriers,ppo,42,deterministic,45,50045,5.0,15,True,False,success,saved,True,False,False,85,15,0,0,5,15
ppo_no_barriers,ppo,42,deterministic,46,50046,5.0,15,True,False,success,saved,True,False,False,85,15,0,0,5,15
ppo_no_barriers,ppo,42,deterministic,47,50047,5.0,15,True,False,success,saved,True,False,False,85,15,0,0,5,15
ppo_no_barriers,ppo,42,deterministic,48,50048,5.0,15,True,False,success,saved,True,False,False,85,15,0,0,5,15
ppo_no_barriers,ppo,42,deterministic,49,50049,5.0,15,True,False,success,saved,True,False,False,85,15,0,0,5,15
ppo_no_barriers,ppo,42,deterministic,50,50050,5.0,15,True,False,success,saved,True,False,False,85,15,0,0,5,15
ppo_no_barriers,ppo,42,deterministic,51,50051,5.0,15,True,False,success,saved,True,False,False,85,15,0,0,5,15
ppo_no_barriers,ppo,42,deterministic,52,50052,5.0,15,True,False,success,saved,True,False,False,85,15,0,0,5,15
ppo_no_barriers,ppo,42,deterministic,53,50053,5.0,15,True,False,success,saved,True,False,False,85,15,0,0,5,15
ppo_no_barriers,ppo,42,deterministic,54,50054,5.0,15,True,False,success,saved,True,False,False,85,15,0,0,5,15
ppo_no_barriers,ppo,42,deterministic,55,50055,5.0,15,True,False,success,saved,True,False,False,85,15,0,0,5,15
ppo_no_barriers,ppo,42,deterministic,56,50056,5.0,15,True,False,success,saved,True,False,False,85,15,0,0,5,15
ppo_no_barriers,ppo,42,deterministic,57,50057,5.0,15,True,False,success,saved,True,False,False,85,15,0,0,5,15
ppo_no_barriers,ppo,42,deterministic,58,50058,5.0,15,True,False,success,saved,True,False,False,85,15,0,0,5,15
ppo_no_barriers,ppo,42,deterministic,59,50059,5.0,15,True,False,success,saved,True,False,False,85,15,0,0,5,15
ppo_no_barriers,ppo,42,deterministic,60,50060,5.0,15,True,False,success,saved,True,False,False,85,15,0,0,5,15
ppo_no_barriers,ppo,42,deterministic,61,50061,5.0,15,True,False,success,saved,True,False,False,85,15,0,0,5,15
ppo_no_barriers,ppo,42,deterministic,62,50062,5.0,15,True,False,success,saved,True,False,False,85,15,0,0,5,15
ppo_no_barriers,ppo,42,deterministic,63,50063,5.0,15,True,False,success,saved,True,False,False,85,15,0,0,5,15
ppo_no_barriers,ppo,42,deterministic,64,50064,5.0,15,True,False,success,saved,True,False,False,85,15,0,0,5,15
ppo_no_barriers,ppo,42,deterministic,65,50065,5.0,15,True,False,success,saved,True,False,False,85,15,0,0,5,15
ppo_no_barriers,ppo,42,deterministic,66,50066,5.0,15,True,False,success,saved,True,False,False,85,15,0,0,5,15
ppo_no_barriers,ppo,42,deterministic,67,50067,5.0,15,True,False,success,saved,True,False,False,85,15,0,0,5,15
ppo_no_barriers,ppo,42,deterministic,68,50068,5.0,15,True,False,success,saved,True,False,False,85,15,0,0,5,15
ppo_no_barriers,ppo,42,deterministic,69,50069,5.0,15,True,False,success,saved,True,False,False,85,15,0,0,5,15
ppo_no_barriers,ppo,42,deterministic,70,50070,5.0,15,True,False,success,saved,True,False,False,85,15,0,0,5,15
ppo_no_barriers,ppo,42,deterministic,71,50071,5.0,15,True,False,success,saved,True,False,False,85,15,0,0,5,15
ppo_no_barriers,ppo,42,deterministic,72,50072,5.0,15,True,False,success,saved,True,False,False,85,15,0,0,5,15
ppo_no_barriers,ppo,42,deterministic,73,50073,5.0,15,True,False,success,saved,True,False,False,85,15,0,0,5,15
ppo_no_barriers,ppo,42,deterministic,74,50074,5.0,15,True,False,success,saved,True,False,False,85,15,0,0,5,15
ppo_no_barriers,ppo,42,deterministic,75,50075,5.0,15,True,False,success,saved,True,False,False,85,15,0,0,5,15
ppo_no_barriers,ppo,42,deterministic,76,50076,5.0,15,True,False,success,saved,True,False,False,85,15,0,0,5,15
ppo_no_barriers,ppo,42,deterministic,77,50077,5.0,15,True,False,success,saved,True,False,False,85,15,0,0,5,15
ppo_no_barriers,ppo,42,deterministic,78,50078,5.0,15,True,False,success,saved,True,False,False,85,15,0,0,5,15
ppo_no_barriers,ppo,42,deterministic,79,50079,5.0,15,True,False,success,saved,True,False,False,85,15,0,0,5,15
ppo_no_barriers,ppo,42,deterministic,80,50080,5.0,15,True,False,success,saved,True,False,False,85,15,0,0,5,15
ppo_no_barriers,ppo,42,deterministic,81,50081,5.0,15,True,False,success,saved,True,False,False,85,15,0,0,5,15
ppo_no_barriers,ppo,42,deterministic,82,50082,5.0,15,True,False,success,saved,True,False,False,85,15,0,0,5,15
ppo_no_barriers,ppo,42,deterministic,83,50083,5.0,15,True,False,success,saved,True,False,False,85,15,0,0,5,15
ppo_no_barriers,ppo,42,deterministic,84,50084,5.0,15,True,False,success,saved,True,False,False,85,15,0,0,5,15
ppo_no_barriers,ppo,42,deterministic,85,50085,5.0,15,True,False,success,saved,True,False,False,85,15,0,0,5,15
ppo_no_barriers,ppo,42,deterministic,86,50086,5.0,15,True,False,success,saved,True,False,False,85,15,0,0,5,15
ppo_no_barriers,ppo,42,deterministic,87,50087,5.0,15,True,False,success,saved,True,False,False,85,15,0,0,5,15
ppo_no_barriers,ppo,42,deterministic,88,50088,5.0,15,True,False,success,saved,True,False,False,85,15,0,0,5,15
ppo_no_barriers,ppo,42,deterministic,89,50089,5.0,15,True,False,success,saved,True,False,False,85,15,0,0,5,15
ppo_no_barriers,ppo,42,deterministic,90,50090,5.0,15,True,False,success,saved,True,False,False,85,15,0,0,5,15
ppo_no_barriers,ppo,42,deterministic,91,50091,5.0,15,True,False,success,saved,True,False,False,85,15,0,0,5,15
ppo_no_barriers,ppo,42,deterministic,92,50092,5.0,15,True,False,success,saved,True,False,False,85,15,0,0,5,15
ppo_no_barriers,ppo,42,deterministic,93,50093,5.0,15,True,False,success,saved,True,False,False,85,15,0,0,5,15
ppo_no_barriers,ppo,42,deterministic,94,50094,5.0,15,True,False,success,saved,True,False,False,85,15,0,0,5,15
ppo_no_barriers,ppo,42,deterministic,95,50095,5.0,15,True,False,success,saved,True,False,False,85,15,0,0,5,15
ppo_no_barriers,ppo,42,deterministic,96,50096,5.0,15,True,False,success,saved,True,False,False,85,15,0,0,5,15
ppo_no_barriers,ppo,42,deterministic,97,50097,5.0,15,True,False,success,saved,True,False,False,85,15,0,0,5,15
ppo_no_barriers,ppo,42,deterministic,98,50098,5.0,15,True,False,success,saved,True,False,False,85,15,0,0,5,15
ppo_no_barriers,ppo,42,deterministic,99,50099,5.0,15,True,False,success,saved,True,False,False,85,15,0,0,5,15
ppo_no_barriers,ppo,42,stochastic,0,50000,5.0,15,True,False,success,saved,True,False,False,85,15,0,0,5,15
ppo_no_barriers,ppo,42,stochastic,1,50001,5.0,15,True,False,success,saved,True,False,False,85,15,0,0,5,15
ppo_no_barriers,ppo,42,stochastic,2,50002,5.0,15,True,False,success,saved,True,False,False,85,15,0,0,5,15
ppo_no_barriers,ppo,42,stochastic,3,50003,5.0,15,True,False,success,saved,True,False,False,85,15,0,0,5,15
ppo_no_barriers,ppo,42,stochastic,4,50004,5.0,15,True,False,success,saved,True,False,False,85,15,0,0,5,15
ppo_no_barriers,ppo,42,stochastic,5,50005,5.0,15,True,False,success,saved,True,False,False,85,15,0,0,5,15
ppo_no_barriers,ppo,42,stochastic,6,50006,5.0,15,True,False,success,saved,True,False,False,85,15,0,0,5,15
ppo_no_barriers,ppo,42,stochastic,7,50007,5.0,15,True,False,success,saved,True,False,False,85,15,0,0,5,15
ppo_no_barriers,ppo,42,stochastic,8,50008,5.0,15,True,False,success,saved,True,False,False,85,15,0,0,5,15
ppo_no_barriers,ppo,42,stochastic,9,50009,5.0,15,True,False,success,saved,True,False,False,85,15,0,0,5,15
ppo_no_barriers,ppo,42,stochastic,10,50010,5.0,15,True,False,success,saved,True,False,False,85,15,0,0,5,15
ppo_no_barriers,ppo,42,stochastic,11,50011,5.0,15,True,False,success,saved,True,False,False,85,15,0,0,5,15
ppo_no_barriers,ppo,42,stochastic,12,50012,5.0,15,True,False,success,saved,True,False,False,85,15,0,0,5,15
ppo_no_barriers,ppo,42,stochastic,13,50013,5.0,15,True,False,success,saved,True,False,False,85,15,0,0,5,15
ppo_no_barriers,ppo,42,stochastic,14,50014,5.0,15,True,False,success,saved,True,False,False,85,15,0,0,5,15
ppo_no_barriers,ppo,42,stochastic,15,50015,4.0,16,True,False,success,saved,True,False,False,85,15,0,0,5,16
ppo_no_barriers,ppo,42,stochastic,16,50016,5.0,15,True,False,success,saved,True,False,False,85,15,0,0,5,15
ppo_no_barriers,ppo,42,stochastic,17,50017,5.0,15,True,False,success,saved,True,False,False,85,15,0,0,5,15
ppo_no_barriers,ppo,42,stochastic,18,50018,5.0,15,True,False,success,saved,True,False,False,85,15,0,0,5,15
ppo_no_barriers,ppo,42,stochastic,19,50019,5.0,15,True,False,success,saved,True,False,False,85,15,0,0,5,15
ppo_no_barriers,ppo,42,stochastic,20,50020,5.0,15,True,False,success,saved,True,False,False,85,15,0,0,5,15
ppo_no_barriers,ppo,42,stochastic,21,50021,5.0,15,True,False,success,saved,True,False,False,85,15,0,0,5,15
ppo_no_barriers,ppo,42,stochastic,22,50022,5.0,15,True,False,success,saved,True,False,False,85,15,0,0,5,15
ppo_no_barriers,ppo,42,stochastic,23,50023,5.0,15,True,False,success,saved,True,False,False,85,15,0,0,5,15
ppo_no_barriers,ppo,42,stochastic,24,50024,5.0,15,True,False,success,saved,True,False,False,85,15,0,0,5,15
ppo_no_barriers,ppo,42,stochastic,25,50025,5.0,15,True,False,success,saved,True,False,False,85,15,0,0,5,15
ppo_no_barriers,ppo,42,stochastic,26,50026,5.0,15,True,False,success,saved,True,False,False,85,15,0,0,5,15
ppo_no_barriers,ppo,42,stochastic,27,50027,5.0,15,True,False,success,saved,True,False,False,85,15,0,0,5,15
ppo_no_barriers,ppo,42,stochastic,28,50028,5.0,15,True,False,success,saved,True,False,False,85,15,0,0,5,15
ppo_no_barriers,ppo,42,stochastic,29,50029,5.0,15,True,False,success,saved,True,False,False,85,15,0,0,5,15
ppo_no_barriers,ppo,42,stochastic,30,50030,5.0,15,True,False,success,saved,True,False,False,85,15,0,0,5,15
ppo_no_barriers,ppo,42,stochastic,31,50031,5.0,15,True,False,success,saved,True,False,False,85,15,0,0,5,15
ppo_no_barriers,ppo,42,stochastic,32,50032,5.0,15,True,False,success,saved,True,False,False,85,15,0,0,5,15
ppo_no_barriers,ppo,42,stochastic,33,50033,5.0,15,True,False,success,saved,True,False,False,85,15,0,0,5,15
ppo_no_barriers,ppo,42,stochastic,34,50034,5.0,15,True,False,success,saved,True,False,False,85,15,0,0,5,15
ppo_no_barriers,ppo,42,stochastic,35,50035,5.0,15,True,False,success,saved,True,False,False,85,15,0,0,5,15
ppo_no_barriers,ppo,42,stochastic,36,50036,5.0,15,True,False,success,saved,True,False,False,85,15,0,0,5,15
ppo_no_barriers,ppo,42,stochastic,37,50037,5.0,15,True,False,success,saved,True,False,False,85,15,0,0,5,15
ppo_no_barriers,ppo,42,stochastic,38,50038,5.0,15,True,False,success,saved,True,False,False,85,15,0,0,5,15
ppo_no_barriers,ppo,42,stochastic,39,50039,5.0,15,True,False,success,saved,True,False,False,85,15,0,0,5,15
ppo_no_barriers,ppo,42,stochastic,40,50040,5.0,15,True,False,success,saved,True,False,False,85,15,0,0,5,15
ppo_no_barriers,ppo,42,stochastic,41,50041,5.0,15,True,False,success,saved,True,False,False,85,15,0,0,5,15
ppo_no_barriers,ppo,42,stochastic,42,50042,5.0,15,True,False,success,saved,True,False,False,85,15,0,0,5,15
ppo_no_barriers,ppo,42,stochastic,43,50043,5.0,15,True,False,success,saved,True,False,False,85,15,0,0,5,15
ppo_no_barriers,ppo,42,stochastic,44,50044,5.0,15,True,False,success,saved,True,False,False,85,15,0,0,5,15
ppo_no_barriers,ppo,42,stochastic,45,50045,5.0,15,True,False,success,saved,True,False,False,85,15,0,0,5,15
ppo_no_barriers,ppo,42,stochastic,46,50046,5.0,15,True,False,success,saved,True,False,False,85,15,0,0,5,15
ppo_no_barriers,ppo,42,stochastic,47,50047,5.0,15,True,False,success,saved,True,False,False,85,15,0,0,5,15
ppo_no_barriers,ppo,42,stochastic,48,50048,5.0,15,True,False,success,saved,True,False,False,85,15,0,0,5,15
ppo_no_barriers,ppo,42,stochastic,49,50049,5.0,15,True,False,success,saved,True,False,False,85,15,0,0,5,15
ppo_no_barriers,ppo,42,stochastic,50,50050,5.0,15,True,False,success,saved,True,False,False,85,15,0,0,5,15
ppo_no_barriers,ppo,42,stochastic,51,50051,5.0,15,True,False,success,saved,True,False,False,85,15,0,0,5,15
ppo_no_barriers,ppo,42,stochastic,52,50052,5.0,15,True,False,success,saved,True,False,False,85,15,0,0,5,15
ppo_no_barriers,ppo,42,stochastic,53,50053,5.0,15,True,False,success,saved,True,False,False,85,15,0,0,5,15
ppo_no_barriers,ppo,42,stochastic,54,50054,5.0,15,True,False,success,saved,True,False,False,85,15,0,0,5,15
ppo_no_barriers,ppo,42,stochastic,55,50055,5.0,15,True,False,success,saved,True,False,False,85,15,0,0,5,15
ppo_no_barriers,ppo,42,stochastic,56,50056,5.0,15,True,False,success,saved,True,False,False,85,15,0,0,5,15
ppo_no_barriers,ppo,42,stochastic,57,50057,5.0,15,True,False,success,saved,True,False,False,85,15,0,0,5,15
ppo_no_barriers,ppo,42,stochastic,58,50058,5.0,15,True,False,success,saved,True,False,False,85,15,0,0,5,15
ppo_no_barriers,ppo,42,stochastic,59,50059,5.0,15,True,False,success,saved,True,False,False,85,15,0,0,5,15
ppo_no_barriers,ppo,42,stochastic,60,50060,5.0,15,True,False,success,saved,True,False,False,85,15,0,0,5,15
ppo_no_barriers,ppo,42,stochastic,61,50061,5.0,15,True,False,success,saved,True,False,False,85,15,0,0,5,15
ppo_no_barriers,ppo,42,stochastic,62,50062,5.0,15,True,False,success,saved,True,False,False,85,15,0,0,5,15
ppo_no_barriers,ppo,42,stochastic,63,50063,5.0,15,True,False,success,saved,True,False,False,85,15,0,0,5,15
ppo_no_barriers,ppo,42,stochastic,64,50064,5.0,15,True,False,success,saved,True,False,False,85,15,0,0,5,15
ppo_no_barriers,ppo,42,stochastic,65,50065,5.0,15,True,False,success,saved,True,False,False,85,15,0,0,5,15
ppo_no_barriers,ppo,42,stochastic,66,50066,5.0,15,True,False,success,saved,True,False,False,85,15,0,0,5,15
ppo_no_barriers,ppo,42,stochastic,67,50067,5.0,15,True,False,success,saved,True,False,False,85,15,0,0,5,15
ppo_no_barriers,ppo,42,stochastic,68,50068,5.0,15,True,False,success,saved,True,False,False,85,15,0,0,5,15
ppo_no_barriers,ppo,42,stochastic,69,50069,5.0,15,True,False,success,saved,True,False,False,85,15,0,0,5,15
ppo_no_barriers,ppo,42,stochastic,70,50070,5.0,15,True,False,success,saved,True,False,False,85,15,0,0,5,15
ppo_no_barriers,ppo,42,stochastic,71,50071,5.0,15,True,False,success,saved,True,False,False,85,15,0,0,5,15
ppo_no_barriers,ppo,42,stochastic,72,50072,5.0,15,True,False,success,saved,True,False,False,85,15,0,0,5,15
ppo_no_barriers,ppo,42,stochastic,73,50073,5.0,15,True,False,success,saved,True,False,False,85,15,0,0,5,15
ppo_no_barriers,ppo,42,stochastic,74,50074,5.0,15,True,False,success,saved,True,False,False,85,15,0,0,5,15
ppo_no_barriers,ppo,42,stochastic,75,50075,5.0,15,True,False,success,saved,True,False,False,85,15,0,0,5,15
ppo_no_barriers,ppo,42,stochastic,76,50076,5.0,15,True,False,success,saved,True,False,False,85,15,0,0,5,15
ppo_no_barriers,ppo,42,stochastic,77,50077,5.0,15,True,False,success,saved,True,False,False,85,15,0,0,5,15
ppo_no_barriers,ppo,42,stochastic,78,50078,5.0,15,True,False,success,saved,True,False,False,85,15,0,0,5,15
ppo_no_barriers,ppo,42,stochastic,79,50079,5.0,15,True,False,success,saved,True,False,False,85,15,0,0,5,15
ppo_no_barriers,ppo,42,stochastic,80,50080,5.0,15,True,False,success,saved,True,False,False,85,15,0,0,5,15
ppo_no_barriers,ppo,42,stochastic,81,50081,5.0,15,True,False,success,saved,True,False,False,85,15,0,0,5,15
ppo_no_barriers,ppo,42,stochastic,82,50082,5.0,15,True,False,success,saved,True,False,False,85,15,0,0,5,15
ppo_no_barriers,ppo,42,stochastic,83,50083,5.0,15,True,False,success,saved,True,False,False,85,15,0,0,5,15
ppo_no_barriers,ppo,42,stochastic,84,50084,5.0,15,True,False,success,saved,True,False,False,85,15,0,0,5,15
ppo_no_barriers,ppo,42,stochastic,85,50085,5.0,15,True,False,success,saved,True,False,False,85,15,0,0,5,15
ppo_no_barriers,ppo,42,stochastic,86,50086,5.0,15,True,False,success,saved,True,False,False,85,15,0,0,5,15
ppo_no_barriers,ppo,42,stochastic,87,50087,5.0,15,True,False,success,saved,True,False,False,85,15,0,0,5,15
ppo_no_barriers,ppo,42,stochastic,88,50088,5.0,15,True,False,success,saved,True,False,False,85,15,0,0,5,15
ppo_no_barriers,ppo,42,stochastic,89,50089,5.0,15,True,False,success,saved,True,False,False,85,15,0,0,5,15
ppo_no_barriers,ppo,42,stochastic,90,50090,5.0,15,True,False,success,saved,True,False,False,85,15,0,0,5,15
ppo_no_barriers,ppo,42,stochastic,91,50091,5.0,15,True,False,success,saved,True,False,False,85,15,0,0,5,15
ppo_no_barriers,ppo,42,stochastic,92,50092,5.0,15,True,False,success,saved,True,False,False,85,15,0,0,5,15
ppo_no_barriers,ppo,42,stochastic,93,50093,5.0,15,True,False,success,saved,True,False,False,85,15,0,0,5,15
ppo_no_barriers,ppo,42,stochastic,94,50094,5.0,15,True,False,success,saved,True,False,False,85,15,0,0,5,15
ppo_no_barriers,ppo,42,stochastic,95,50095,5.0,15,True,False,success,saved,True,False,False,85,15,0,0,5,15
ppo_no_barriers,ppo,42,stochastic,96,50096,5.0,15,True,False,success,saved,True,False,False,85,15,0,0,5,15
ppo_no_barriers,ppo,42,stochastic,97,50097,5.0,15,True,False,success,saved,True,False,False,85,15,0,0,5,15
ppo_no_barriers,ppo,42,stochastic,98,50098,5.0,15,True,False,success,saved,True,False,False,85,15,0,0,5,15
ppo_no_barriers,ppo,42,stochastic,99,50099,5.0,15,True,False,success,saved,True,False,False,85,15,0,0,5,15
ppo_no_barriers,ppo,123,deterministic,0,50000,5.0,15,True,False,success,saved,True,False,False,85,15,0,0,5,15
ppo_no_barriers,ppo,123,deterministic,1,50001,5.0,15,True,False,success,saved,True,False,False,85,15,0,0,5,15
ppo_no_barriers,ppo,123,deterministic,2,50002,5.0,15,True,False,success,saved,True,False,False,85,15,0,0,5,15
ppo_no_barriers,ppo,123,deterministic,3,50003,5.0,15,True,False,success,saved,True,False,False,85,15,0,0,5,15
ppo_no_barriers,ppo,123,deterministic,4,50004,5.0,15,True,False,success,saved,True,False,False,85,15,0,0,5,15
ppo_no_barriers,ppo,123,deterministic,5,50005,5.0,15,True,False,success,saved,True,False,False,85,15,0,0,5,15
ppo_no_barriers,ppo,123,deterministic,6,50006,5.0,15,True,False,success,saved,True,False,False,85,15,0,0,5,15
ppo_no_barriers,ppo,123,deterministic,7,50007,5.0,15,True,False,success,saved,True,False,False,85,15,0,0,5,15
ppo_no_barriers,ppo,123,deterministic,8,50008,5.0,15,True,False,success,saved,True,False,False,85,15,0,0,5,15
ppo_no_barriers,ppo,123,deterministic,9,50009,5.0,15,True,False,success,saved,True,False,False,85,15,0,0,5,15
ppo_no_barriers,ppo,123,deterministic,10,50010,5.0,15,True,False,success,saved,True,False,False,85,15,0,0,5,15
ppo_no_barriers,ppo,123,deterministic,11,50011,5.0,15,True,False,success,saved,True,False,False,85,15,0,0,5,15
ppo_no_barriers,ppo,123,deterministic,12,50012,5.0,15,True,False,success,saved,True,False,False,85,15,0,0,5,15
ppo_no_barriers,ppo,123,deterministic,13,50013,5.0,15,True,False,success,saved,True,False,False,85,15,0,0,5,15
ppo_no_barriers,ppo,123,deterministic,14,50014,5.0,15,True,False,success,saved,True,False,False,85,15,0,0,5,15
ppo_no_barriers,ppo,123,deterministic,15,50015,5.0,15,True,False,success,saved,True,False,False,85,15,0,0,5,15
ppo_no_barriers,ppo,123,deterministic,16,50016,5.0,15,True,False,success,saved,True,False,False,85,15,0,0,5,15
ppo_no_barriers,ppo,123,deterministic,17,50017,5.0,15,True,False,success,saved,True,False,False,85,15,0,0,5,15
ppo_no_barriers,ppo,123,deterministic,18,50018,5.0,15,True,False,success,saved,True,False,False,85,15,0,0,5,15
ppo_no_barriers,ppo,123,deterministic,19,50019,5.0,15,True,False,success,saved,True,False,False,85,15,0,0,5,15
ppo_no_barriers,ppo,123,deterministic,20,50020,5.0,15,True,False,success,saved,True,False,False,85,15,0,0,5,15
ppo_no_barriers,ppo,123,deterministic,21,50021,5.0,15,True,False,success,saved,True,False,False,85,15,0,0,5,15
ppo_no_barriers,ppo,123,deterministic,22,50022,5.0,15,True,False,success,saved,True,False,False,85,15,0,0,5,15
ppo_no_barriers,ppo,123,deterministic,23,50023,5.0,15,True,False,success,saved,True,False,False,85,15,0,0,5,15
ppo_no_barriers,ppo,123,deterministic,24,50024,5.0,15,True,False,success,saved,True,False,False,85,15,0,0,5,15
ppo_no_barriers,ppo,123,deterministic,25,50025,5.0,15,True,False,success,saved,True,False,False,85,15,0,0,5,15
ppo_no_barriers,ppo,123,deterministic,26,50026,5.0,15,True,False,success,saved,True,False,False,85,15,0,0,5,15
ppo_no_barriers,ppo,123,deterministic,27,50027,5.0,15,True,False,success,saved,True,False,False,85,15,0,0,5,15
ppo_no_barriers,ppo,123,deterministic,28,50028,5.0,15,True,False,success,saved,True,False,False,85,15,0,0,5,15
ppo_no_barriers,ppo,123,deterministic,29,50029,5.0,15,True,False,success,saved,True,False,False,85,15,0,0,5,15
ppo_no_barriers,ppo,123,deterministic,30,50030,5.0,15,True,False,success,saved,True,False,False,85,15,0,0,5,15
ppo_no_barriers,ppo,123,deterministic,31,50031,5.0,15,True,False,success,saved,True,False,False,85,15,0,0,5,15
ppo_no_barriers,ppo,123,deterministic,32,50032,5.0,15,True,False,success,saved,True,False,False,85,15,0,0,5,15
ppo_no_barriers,ppo,123,deterministic,33,50033,5.0,15,True,False,success,saved,True,False,False,85,15,0,0,5,15
ppo_no_barriers,ppo,123,deterministic,34,50034,5.0,15,True,False,success,saved,True,False,False,85,15,0,0,5,15
ppo_no_barriers,ppo,123,deterministic,35,50035,5.0,15,True,False,success,saved,True,False,False,85,15,0,0,5,15
ppo_no_barriers,ppo,123,deterministic,36,50036,5.0,15,True,False,success,saved,True,False,False,85,15,0,0,5,15
ppo_no_barriers,ppo,123,deterministic,37,50037,5.0,15,True,False,success,saved,True,False,False,85,15,0,0,5,15
ppo_no_barriers,ppo,123,deterministic,38,50038,5.0,15,True,False,success,saved,True,False,False,85,15,0,0,5,15
ppo_no_barriers,ppo,123,deterministic,39,50039,5.0,15,True,False,success,saved,True,False,False,85,15,0,0,5,15
ppo_no_barriers,ppo,123,deterministic,40,50040,5.0,15,True,False,success,saved,True,False,False,85,15,0,0,5,15
ppo_no_barriers,ppo,123,deterministic,41,50041,5.0,15,True,False,success,saved,True,False,False,85,15,0,0,5,15
ppo_no_barriers,ppo,123,deterministic,42,50042,5.0,15,True,False,success,saved,True,False,False,85,15,0,0,5,15
ppo_no_barriers,ppo,123,deterministic,43,50043,5.0,15,True,False,success,saved,True,False,False,85,15,0,0,5,15
ppo_no_barriers,ppo,123,deterministic,44,50044,5.0,15,True,False,success,saved,True,False,False,85,15,0,0,5,15
ppo_no_barriers,ppo,123,deterministic,45,50045,5.0,15,True,False,success,saved,True,False,False,85,15,0,0,5,15
ppo_no_barriers,ppo,123,deterministic,46,50046,5.0,15,True,False,success,saved,True,False,False,85,15,0,0,5,15
ppo_no_barriers,ppo,123,deterministic,47,50047,5.0,15,True,False,success,saved,True,False,False,83,17,0,0,5,15
ppo_no_barriers,ppo,123,deterministic,48,50048,5.0,15,True,False,success,saved,True,False,False,85,15,0,0,5,15
ppo_no_barriers,ppo,123,deterministic,49,50049,5.0,15,True,False,success,saved,True,False,False,85,15,0,0,5,15
ppo_no_barriers,ppo,123,deterministic,50,50050,5.0,15,True,False,success,saved,True,False,False,85,15,0,0,5,15
ppo_no_barriers,ppo,123,deterministic,51,50051,5.0,15,True,False,success,saved,True,False,False,85,15,0,0,5,15
ppo_no_barriers,ppo,123,deterministic,52,50052,5.0,15,True,False,success,saved,True,False,False,85,15,0,0,5,15
ppo_no_barriers,ppo,123,deterministic,53,50053,5.0,15,True,False,success,saved,True,False,False,85,15,0,0,5,15
ppo_no_barriers,ppo,123,deterministic,54,50054,5.0,15,True,False,success,saved,True,False,False,85,15,0,0,5,15
ppo_no_barriers,ppo,123,deterministic,55,50055,5.0,15,True,False,success,saved,True,False,False,85,15,0,0,5,15
ppo_no_barriers,ppo,123,deterministic,56,50056,5.0,15,True,False,success,saved,True,False,False,85,15,0,0,5,15
ppo_no_barriers,ppo,123,deterministic,57,50057,5.0,15,True,False,success,saved,True,False,False,85,15,0,0,5,15
ppo_no_barriers,ppo,123,deterministic,58,50058,5.0,15,True,False,success,saved,True,False,False,85,15,0,0,5,15
ppo_no_barriers,ppo,123,deterministic,59,50059,5.0,15,True,False,success,saved,True,False,False,85,15,0,0,5,15
ppo_no_barriers,ppo,123,deterministic,60,50060,5.0,15,True,False,success,saved,True,False,False,85,15,0,0,5,15
ppo_no_barriers,ppo,123,deterministic,61,50061,5.0,15,True,False,success,saved,True,False,False,85,15,0,0,5,15
ppo_no_barriers,ppo,123,deterministic,62,50062,5.0,15,True,False,success,saved,True,False,False,85,15,0,0,5,15
ppo_no_barriers,ppo,123,deterministic,63,50063,5.0,15,True,False,success,saved,True,False,False,85,15,0,0,5,15
ppo_no_barriers,ppo,123,deterministic,64,50064,5.0,15,True,False,success,saved,True,False,False,83,17,0,0,5,15
ppo_no_barriers,ppo,123,deterministic,65,50065,5.0,15,True,False,success,saved,True,False,False,85,15,0,0,5,15
ppo_no_barriers,ppo,123,deterministic,66,50066,5.0,15,True,False,success,saved,True,False,False,85,15,0,0,5,15
ppo_no_barriers,ppo,123,deterministic,67,50067,5.0,15,True,False,success,saved,True,False,False,85,15,0,0,5,15
ppo_no_barriers,ppo,123,deterministic,68,50068,5.0,15,True,False,success,saved,True,False,False,85,15,0,0,5,15
ppo_no_barriers,ppo,123,deterministic,69,50069,5.0,15,True,False,success,saved,True,False,False,85,15,0,0,5,15
ppo_no_barriers,ppo,123,deterministic,70,50070,5.0,15,True,False,success,saved,True,False,False,85,15,0,0,5,15
ppo_no_barriers,ppo,123,deterministic,71,50071,5.0,15,True,False,success,saved,True,False,False,85,15,0,0,5,15
ppo_no_barriers,ppo,123,deterministic,72,50072,5.0,15,True,False,success,saved,True,False,False,85,15,0,0,5,15
ppo_no_barriers,ppo,123,deterministic,73,50073,5.0,15,True,False,success,saved,True,False,False,85,15,0,0,5,15
ppo_no_barriers,ppo,123,deterministic,74,50074,5.0,15,True,False,success,saved,True,False,False,85,15,0,0,5,15
ppo_no_barriers,ppo,123,deterministic,75,50075,5.0,15,True,False,success,saved,True,False,False,85,15,0,0,5,15
ppo_no_barriers,ppo,123,deterministic,76,50076,5.0,15,True,False,success,saved,True,False,False,85,15,0,0,5,15
ppo_no_barriers,ppo,123,deterministic,77,50077,5.0,15,True,False,success,saved,True,False,False,85,15,0,0,5,15
ppo_no_barriers,ppo,123,deterministic,78,50078,5.0,15,True,False,success,saved,True,False,False,85,15,0,0,5,15
ppo_no_barriers,ppo,123,deterministic,79,50079,5.0,15,True,False,success,saved,True,False,False,85,15,0,0,5,15
ppo_no_barriers,ppo,123,deterministic,80,50080,5.0,15,True,False,success,saved,True,False,False,85,15,0,0,5,15
ppo_no_barriers,ppo,123,deterministic,81,50081,5.0,15,True,False,success,saved,True,False,False,85,15,0,0,5,15
ppo_no_barriers,ppo,123,deterministic,82,50082,5.0,15,True,False,success,saved,True,False,False,85,15,0,0,5,15
ppo_no_barriers,ppo,123,deterministic,83,50083,5.0,15,True,False,success,saved,True,False,False,85,15,0,0,5,15
ppo_no_barriers,ppo,123,deterministic,84,50084,5.0,15,True,False,success,saved,True,False,False,85,15,0,0,5,15
ppo_no_barriers,ppo,123,deterministic,85,50085,5.0,15,True,False,success,saved,True,False,False,85,15,0,0,5,15
ppo_no_barriers,ppo,123,deterministic,86,50086,5.0,15,True,False,success,saved,True,False,False,83,17,0,0,5,15
ppo_no_barriers,ppo,123,deterministic,87,50087,5.0,15,True,False,success,saved,True,False,False,85,15,0,0,5,15
ppo_no_barriers,ppo,123,deterministic,88,50088,5.0,15,True,False,success,saved,True,False,False,85,15,0,0,5,15
ppo_no_barriers,ppo,123,deterministic,89,50089,5.0,15,True,False,success,saved,True,False,False,85,15,0,0,5,15
ppo_no_barriers,ppo,123,deterministic,90,50090,5.0,15,True,False,success,saved,True,False,False,85,15,0,0,5,15
ppo_no_barriers,ppo,123,deterministic,91,50091,5.0,15,True,False,success,saved,True,False,False,85,15,0,0,5,15
ppo_no_barriers,ppo,123,deterministic,92,50092,5.0,15,True,False,success,saved,True,False,False,85,15,0,0,5,15
ppo_no_barriers,ppo,123,deterministic,93,50093,5.0,15,True,False,success,saved,True,False,False,85,15,0,0,5,15
ppo_no_barriers,ppo,123,deterministic,94,50094,5.0,15,True,False,success,saved,True,False,False,85,15,0,0,5,15
ppo_no_barriers,ppo,123,deterministic,95,50095,5.0,15,True,False,success,saved,True,False,False,85,15,0,0,5,15
ppo_no_barriers,ppo,123,deterministic,96,50096,5.0,15,True,False,success,saved,True,False,False,85,15,0,0,5,15
ppo_no_barriers,ppo,123,deterministic,97,50097,5.0,15,True,False,success,saved,True,False,False,85,15,0,0,5,15
ppo_no_barriers,ppo,123,deterministic,98,50098,5.0,15,True,False,success,saved,True,False,False,85,15,0,0,5,15
ppo_no_barriers,ppo,123,deterministic,99,50099,5.0,15,True,False,success,saved,True,False,False,85,15,0,0,5,15
ppo_no_barriers,ppo,123,stochastic,0,50000,5.0,15,True,False,success,saved,True,False,False,85,15,0,0,5,15
ppo_no_barriers,ppo,123,stochastic,1,50001,5.0,15,True,False,success,saved,True,False,False,85,15,0,0,5,15
ppo_no_barriers,ppo,123,stochastic,2,50002,5.0,15,True,False,success,saved,True,False,False,85,15,0,0,5,15
ppo_no_barriers,ppo,123,stochastic,3,50003,5.0,15,True,False,success,saved,True,False,False,85,15,0,0,5,15
ppo_no_barriers,ppo,123,stochastic,4,50004,5.0,15,True,False,success,saved,True,False,False,85,15,0,0,5,15
ppo_no_barriers,ppo,123,stochastic,5,50005,5.0,15,True,False,success,saved,True,False,False,85,15,0,0,5,15
ppo_no_barriers,ppo,123,stochastic,6,50006,5.0,15,True,False,success,saved,True,False,False,85,15,0,0,5,15
ppo_no_barriers,ppo,123,stochastic,7,50007,5.0,15,True,False,success,saved,True,False,False,85,15,0,0,5,15
ppo_no_barriers,ppo,123,stochastic,8,50008,5.0,15,True,False,success,saved,True,False,False,85,15,0,0,5,15
ppo_no_barriers,ppo,123,stochastic,9,50009,5.0,15,True,False,success,saved,True,False,False,85,15,0,0,5,15
ppo_no_barriers,ppo,123,stochastic,10,50010,5.0,15,True,False,success,saved,True,False,False,85,15,0,0,5,15
ppo_no_barriers,ppo,123,stochastic,11,50011,5.0,15,True,False,success,saved,True,False,False,85,15,0,0,5,15
ppo_no_barriers,ppo,123,stochastic,12,50012,5.0,15,True,False,success,saved,True,False,False,85,15,0,0,5,15
ppo_no_barriers,ppo,123,stochastic,13,50013,5.0,15,True,False,success,saved,True,False,False,85,15,0,0,5,15
ppo_no_barriers,ppo,123,stochastic,14,50014,5.0,15,True,False,success,saved,True,False,False,85,15,0,0,5,15
ppo_no_barriers,ppo,123,stochastic,15,50015,5.0,15,True,False,success,saved,True,False,False,85,15,0,0,5,15
ppo_no_barriers,ppo,123,stochastic,16,50016,5.0,15,True,False,success,saved,True,False,False,85,15,0,0,5,15
ppo_no_barriers,ppo,123,stochastic,17,50017,5.0,15,True,False,success,saved,True,False,False,85,15,0,0,5,15
ppo_no_barriers,ppo,123,stochastic,18,50018,5.0,15,True,False,success,saved,True,False,False,85,15,0,0,5,15
ppo_no_barriers,ppo,123,stochastic,19,50019,5.0,15,True,False,success,saved,True,False,False,85,15,0,0,5,15
ppo_no_barriers,ppo,123,stochastic,20,50020,5.0,15,True,False,success,saved,True,False,False,85,15,0,0,5,15
ppo_no_barriers,ppo,123,stochastic,21,50021,5.0,15,True,False,success,saved,True,False,False,85,15,0,0,5,15
ppo_no_barriers,ppo,123,stochastic,22,50022,5.0,15,True,False,success,saved,True,False,False,85,15,0,0,5,15
ppo_no_barriers,ppo,123,stochastic,23,50023,5.0,15,True,False,success,saved,True,False,False,81,19,0,0,5,15
ppo_no_barriers,ppo,123,stochastic,24,50024,5.0,15,True,False,success,saved,True,False,False,85,15,0,0,5,15
ppo_no_barriers,ppo,123,stochastic,25,50025,5.0,15,True,False,success,saved,True,False,False,85,15,0,0,5,15
ppo_no_barriers,ppo,123,stochastic,26,50026,5.0,15,True,False,success,saved,True,False,False,85,15,0,0,5,15
ppo_no_barriers,ppo,123,stochastic,27,50027,5.0,15,True,False,success,saved,True,False,False,85,15,0,0,5,15
ppo_no_barriers,ppo,123,stochastic,28,50028,5.0,15,True,False,success,saved,True,False,False,85,15,0,0,5,15
ppo_no_barriers,ppo,123,stochastic,29,50029,5.0,15,True,False,success,saved,True,False,False,85,15,0,0,5,15
ppo_no_barriers,ppo,123,stochastic,30,50030,5.0,15,True,False,success,saved,True,False,False,85,15,0,0,5,15
ppo_no_barriers,ppo,123,stochastic,31,50031,5.0,15,True,False,success,saved,True,False,False,85,15,0,0,5,15
ppo_no_barriers,ppo,123,stochastic,32,50032,5.0,15,True,False,success,saved,True,False,False,83,17,0,0,5,15
ppo_no_barriers,ppo,123,stochastic,33,50033,5.0,15,True,False,success,saved,True,False,False,85,15,0,0,5,15
ppo_no_barriers,ppo,123,stochastic,34,50034,5.0,15,True,False,success,saved,True,False,False,85,15,0,0,5,15
ppo_no_barriers,ppo,123,stochastic,35,50035,5.0,15,True,False,success,saved,True,False,False,85,15,0,0,5,15
ppo_no_barriers,ppo,123,stochastic,36,50036,5.0,15,True,False,success,saved,True,False,False,85,15,0,0,5,15
ppo_no_barriers,ppo,123,stochastic,37,50037,5.0,15,True,False,success,saved,True,False,False,85,15,0,0,5,15
ppo_no_barriers,ppo,123,stochastic,38,50038,5.0,15,True,False,success,saved,True,False,False,83,17,0,0,5,15
ppo_no_barriers,ppo,123,stochastic,39,50039,5.0,15,True,False,success,saved,True,False,False,85,15,0,0,5,15
ppo_no_barriers,ppo,123,stochastic,40,50040,5.0,15,True,False,success,saved,True,False,False,85,15,0,0,5,15
ppo_no_barriers,ppo,123,stochastic,41,50041,5.0,15,True,False,success,saved,True,False,False,85,15,0,0,5,15
ppo_no_barriers,ppo,123,stochastic,42,50042,5.0,15,True,False,success,saved,True,False,False,85,15,0,0,5,15
ppo_no_barriers,ppo,123,stochastic,43,50043,5.0,15,True,False,success,saved,True,False,False,85,15,0,0,5,15
ppo_no_barriers,ppo,123,stochastic,44,50044,4.0,16,True,False,success,saved,True,False,False,85,15,0,0,5,16
ppo_no_barriers,ppo,123,stochastic,45,50045,5.0,15,True,False,success,saved,True,False,False,85,15,0,0,5,15
ppo_no_barriers,ppo,123,stochastic,46,50046,5.0,15,True,False,success,saved,True,False,False,85,15,0,0,5,15
ppo_no_barriers,ppo,123,stochastic,47,50047,5.0,15,True,False,success,saved,True,False,False,83,17,0,0,5,15
ppo_no_barriers,ppo,123,stochastic,48,50048,5.0,15,True,False,success,saved,True,False,False,85,15,0,0,5,15
ppo_no_barriers,ppo,123,stochastic,49,50049,5.0,15,True,False,success,saved,True,False,False,85,15,0,0,5,15
ppo_no_barriers,ppo,123,stochastic,50,50050,5.0,15,True,False,success,saved,True,False,False,85,15,0,0,5,15
ppo_no_barriers,ppo,123,stochastic,51,50051,5.0,15,True,False,success,saved,True,False,False,85,15,0,0,5,15
ppo_no_barriers,ppo,123,stochastic,52,50052,5.0,15,True,False,success,saved,True,False,False,85,15,0,0,5,15
ppo_no_barriers,ppo,123,stochastic,53,50053,5.0,15,True,False,success,saved,True,False,False,85,15,0,0,5,15
ppo_no_barriers,ppo,123,stochastic,54,50054,5.0,15,True,False,success,saved,True,False,False,85,15,0,0,5,15
ppo_no_barriers,ppo,123,stochastic,55,50055,5.0,15,True,False,success,saved,True,False,False,83,17,0,0,5,15
ppo_no_barriers,ppo,123,stochastic,56,50056,5.0,15,True,False,success,saved,True,False,False,85,15,0,0,5,15
ppo_no_barriers,ppo,123,stochastic,57,50057,5.0,15,True,False,success,saved,True,False,False,85,15,0,0,5,15
ppo_no_barriers,ppo,123,stochastic,58,50058,5.0,15,True,False,success,saved,True,False,False,85,15,0,0,5,15
ppo_no_barriers,ppo,123,stochastic,59,50059,5.0,15,True,False,success,saved,True,False,False,85,15,0,0,5,15
ppo_no_barriers,ppo,123,stochastic,60,50060,5.0,15,True,False,success,saved,True,False,False,85,15,0,0,5,15
ppo_no_barriers,ppo,123,stochastic,61,50061,5.0,15,True,False,success,saved,True,False,False,85,15,0,0,5,15
ppo_no_barriers,ppo,123,stochastic,62,50062,5.0,15,True,False,success,saved,True,False,False,85,15,0,0,5,15
ppo_no_barriers,ppo,123,stochastic,63,50063,5.0,15,True,False,success,saved,True,False,False,85,15,0,0,5,15
ppo_no_barriers,ppo,123,stochastic,64,50064,5.0,15,True,False,success,saved,True,False,False,83,17,0,0,5,15
ppo_no_barriers,ppo,123,stochastic,65,50065,5.0,15,True,False,success,saved,True,False,False,85,15,0,0,5,15
ppo_no_barriers,ppo,123,stochastic,66,50066,5.0,15,True,False,success,saved,True,False,False,85,15,0,0,5,15
ppo_no_barriers,ppo,123,stochastic,67,50067,5.0,15,True,False,success,saved,True,False,False,85,15,0,0,5,15
ppo_no_barriers,ppo,123,stochastic,68,50068,5.0,15,True,False,success,saved,True,False,False,85,15,0,0,5,15
ppo_no_barriers,ppo,123,stochastic,69,50069,5.0,15,True,False,success,saved,True,False,False,85,15,0,0,5,15
ppo_no_barriers,ppo,123,stochastic,70,50070,5.0,15,True,False,success,saved,True,False,False,83,17,0,0,5,15
ppo_no_barriers,ppo,123,stochastic,71,50071,5.0,15,True,False,success,saved,True,False,False,83,17,0,0,5,15
ppo_no_barriers,ppo,123,stochastic,72,50072,5.0,15,True,False,success,saved,True,False,False,85,15,0,0,5,15
ppo_no_barriers,ppo,123,stochastic,73,50073,5.0,15,True,False,success,saved,True,False,False,85,15,0,0,5,15
ppo_no_barriers,ppo,123,stochastic,74,50074,5.0,15,True,False,success,saved,True,False,False,85,15,0,0,5,15
ppo_no_barriers,ppo,123,stochastic,75,50075,5.0,15,True,False,success,saved,True,False,False,85,15,0,0,5,15
ppo_no_barriers,ppo,123,stochastic,76,50076,5.0,15,True,False,success,saved,True,False,False,85,15,0,0,5,15
ppo_no_barriers,ppo,123,stochastic,77,50077,5.0,15,True,False,success,saved,True,False,False,85,15,0,0,5,15
ppo_no_barriers,ppo,123,stochastic,78,50078,5.0,15,True,False,success,saved,True,False,False,85,15,0,0,5,15
ppo_no_barriers,ppo,123,stochastic,79,50079,5.0,15,True,False,success,saved,True,False,False,85,15,0,0,5,15
ppo_no_barriers,ppo,123,stochastic,80,50080,5.0,15,True,False,success,saved,True,False,False,85,15,0,0,5,15
ppo_no_barriers,ppo,123,stochastic,81,50081,5.0,15,True,False,success,saved,True,False,False,85,15,0,0,5,15
ppo_no_barriers,ppo,123,stochastic,82,50082,5.0,15,True,False,success,saved,True,False,False,85,15,0,0,5,15
ppo_no_barriers,ppo,123,stochastic,83,50083,5.0,15,True,False,success,saved,True,False,False,85,15,0,0,5,15
ppo_no_barriers,ppo,123,stochastic,84,50084,5.0,15,True,False,success,saved,True,False,False,85,15,0,0,5,15
ppo_no_barriers,ppo,123,stochastic,85,50085,5.0,15,True,False,success,saved,True,False,False,83,17,0,0,5,15
ppo_no_barriers,ppo,123,stochastic,86,50086,5.0,15,True,False,success,saved,True,False,False,83,17,0,0,5,15
ppo_no_barriers,ppo,123,stochastic,87,50087,5.0,15,True,False,success,saved,True,False,False,85,15,0,0,5,15
ppo_no_barriers,ppo,123,stochastic,88,50088,5.0,15,True,False,success,saved,True,False,False,85,15,0,0,5,15
ppo_no_barriers,ppo,123,stochastic,89,50089,4.0,16,True,False,success,saved,True,False,False,85,15,0,0,5,16
ppo_no_barriers,ppo,123,stochastic,90,50090,5.0,15,True,False,success,saved,True,False,False,85,15,0,0,5,15
ppo_no_barriers,ppo,123,stochastic,91,50091,5.0,15,True,False,success,saved,True,False,False,85,15,0,0,5,15
ppo_no_barriers,ppo,123,stochastic,92,50092,5.0,15,True,False,success,saved,True,False,False,85,15,0,0,5,15
ppo_no_barriers,ppo,123,stochastic,93,50093,5.0,15,True,False,success,saved,True,False,False,85,15,0,0,5,15
ppo_no_barriers,ppo,123,stochastic,94,50094,5.0,15,True,False,success,saved,True,False,False,85,15,0,0,5,15
ppo_no_barriers,ppo,123,stochastic,95,50095,5.0,15,True,False,success,saved,True,False,False,83,17,0,0,5,15
ppo_no_barriers,ppo,123,stochastic,96,50096,5.0,15,True,False,success,saved,True,False,False,85,15,0,0,5,15
ppo_no_barriers,ppo,123,stochastic,97,50097,5.0,15,True,False,success,saved,True,False,False,85,15,0,0,5,15
ppo_no_barriers,ppo,123,stochastic,98,50098,5.0,15,True,False,success,saved,True,False,False,85,15,0,0,5,15
ppo_no_barriers,ppo,123,stochastic,99,50099,5.0,15,True,False,success,saved,True,False,False,85,15,0,0,5,15
ppo_no_barriers,ppo,2024,deterministic,0,50000,5.0,15,True,False,success,saved,True,False,False,85,15,0,0,5,15
ppo_no_barriers,ppo,2024,deterministic,1,50001,5.0,15,True,False,success,saved,True,False,False,85,15,0,0,5,15
ppo_no_barriers,ppo,2024,deterministic,2,50002,4.0,16,True,False,success,saved,True,False,False,85,15,0,0,5,16
ppo_no_barriers,ppo,2024,deterministic,3,50003,5.0,15,True,False,success,saved,True,False,False,85,15,0,0,5,15
ppo_no_barriers,ppo,2024,deterministic,4,50004,5.0,15,True,False,success,saved,True,False,False,85,15,0,0,5,15
ppo_no_barriers,ppo,2024,deterministic,5,50005,5.0,15,True,False,success,saved,True,False,False,85,15,0,0,5,15
ppo_no_barriers,ppo,2024,deterministic,6,50006,5.0,15,True,False,success,saved,True,False,False,85,15,0,0,5,15
ppo_no_barriers,ppo,2024,deterministic,7,50007,5.0,15,True,False,success,saved,True,False,False,83,17,0,0,5,15
ppo_no_barriers,ppo,2024,deterministic,8,50008,5.0,15,True,False,success,saved,True,False,False,85,15,0,0,5,15
ppo_no_barriers,ppo,2024,deterministic,9,50009,5.0,15,True,False,success,saved,True,False,False,83,17,0,0,5,15
ppo_no_barriers,ppo,2024,deterministic,10,50010,5.0,15,True,False,success,saved,True,False,False,85,15,0,0,5,15
ppo_no_barriers,ppo,2024,deterministic,11,50011,5.0,15,True,False,success,saved,True,False,False,85,15,0,0,5,15
ppo_no_barriers,ppo,2024,deterministic,12,50012,5.0,15,True,False,success,saved,True,False,False,85,15,0,0,5,15
ppo_no_barriers,ppo,2024,deterministic,13,50013,4.0,16,True,False,success,saved,True,False,False,85,15,0,0,5,16
ppo_no_barriers,ppo,2024,deterministic,14,50014,5.0,15,True,False,success,saved,True,False,False,85,15,0,0,5,15
ppo_no_barriers,ppo,2024,deterministic,15,50015,5.0,15,True,False,success,saved,True,False,False,85,15,0,0,5,15
ppo_no_barriers,ppo,2024,deterministic,16,50016,5.0,15,True,False,success,saved,True,False,False,85,15,0,0,5,15
ppo_no_barriers,ppo,2024,deterministic,17,50017,5.0,15,True,False,success,saved,True,False,False,85,15,0,0,5,15
ppo_no_barriers,ppo,2024,deterministic,18,50018,5.0,15,True,False,success,saved,True,False,False,85,15,0,0,5,15
ppo_no_barriers,ppo,2024,deterministic,19,50019,5.0,15,True,False,success,saved,True,False,False,85,15,0,0,5,15
ppo_no_barriers,ppo,2024,deterministic,20,50020,5.0,15,True,False,success,saved,True,False,False,85,15,0,0,5,15
ppo_no_barriers,ppo,2024,deterministic,21,50021,5.0,15,True,False,success,saved,True,False,False,85,15,0,0,5,15
ppo_no_barriers,ppo,2024,deterministic,22,50022,5.0,15,True,False,success,saved,True,False,False,85,15,0,0,5,15
ppo_no_barriers,ppo,2024,deterministic,23,50023,5.0,15,True,False,success,saved,True,False,False,85,15,0,0,5,15
ppo_no_barriers,ppo,2024,deterministic,24,50024,5.0,15,True,False,success,saved,True,False,False,85,15,0,0,5,15
ppo_no_barriers,ppo,2024,deterministic,25,50025,5.0,15,True,False,success,saved,True,False,False,85,15,0,0,5,15
ppo_no_barriers,ppo,2024,deterministic,26,50026,5.0,15,True,False,success,saved,True,False,False,85,15,0,0,5,15
ppo_no_barriers,ppo,2024,deterministic,27,50027,5.0,15,True,False,success,saved,True,False,False,85,15,0,0,5,15
ppo_no_barriers,ppo,2024,deterministic,28,50028,5.0,15,True,False,success,saved,True,False,False,85,15,0,0,5,15
ppo_no_barriers,ppo,2024,deterministic,29,50029,5.0,15,True,False,success,saved,True,False,False,85,15,0,0,5,15
ppo_no_barriers,ppo,2024,deterministic,30,50030,5.0,15,True,False,success,saved,True,False,False,85,15,0,0,5,15
ppo_no_barriers,ppo,2024,deterministic,31,50031,5.0,15,True,False,success,saved,True,False,False,85,15,0,0,5,15
ppo_no_barriers,ppo,2024,deterministic,32,50032,5.0,15,True,False,success,saved,True,False,False,85,15,0,0,5,15
ppo_no_barriers,ppo,2024,deterministic,33,50033,5.0,15,True,False,success,saved,True,False,False,85,15,0,0,5,15
ppo_no_barriers,ppo,2024,deterministic,34,50034,5.0,15,True,False,success,saved,True,False,False,85,15,0,0,5,15
ppo_no_barriers,ppo,2024,deterministic,35,50035,4.0,16,True,False,success,saved,True,False,False,85,15,0,0,5,16
ppo_no_barriers,ppo,2024,deterministic,36,50036,5.0,15,True,False,success,saved,True,False,False,85,15,0,0,5,15
ppo_no_barriers,ppo,2024,deterministic,37,50037,5.0,15,True,False,success,saved,True,False,False,85,15,0,0,5,15
ppo_no_barriers,ppo,2024,deterministic,38,50038,5.0,15,True,False,success,saved,True,False,False,85,15,0,0,5,15
ppo_no_barriers,ppo,2024,deterministic,39,50039,5.0,15,True,False,success,saved,True,False,False,85,15,0,0,5,15
ppo_no_barriers,ppo,2024,deterministic,40,50040,5.0,15,True,False,success,saved,True,False,False,85,15,0,0,5,15
ppo_no_barriers,ppo,2024,deterministic,41,50041,5.0,15,True,False,success,saved,True,False,False,85,15,0,0,5,15
ppo_no_barriers,ppo,2024,deterministic,42,50042,5.0,15,True,False,success,saved,True,False,False,85,15,0,0,5,15
ppo_no_barriers,ppo,2024,deterministic,43,50043,5.0,15,True,False,success,saved,True,False,False,85,15,0,0,5,15
ppo_no_barriers,ppo,2024,deterministic,44,50044,5.0,15,True,False,success,saved,True,False,False,85,15,0,0,5,15
ppo_no_barriers,ppo,2024,deterministic,45,50045,5.0,15,True,False,success,saved,True,False,False,85,15,0,0,5,15
ppo_no_barriers,ppo,2024,deterministic,46,50046,5.0,15,True,False,success,saved,True,False,False,85,15,0,0,5,15
ppo_no_barriers,ppo,2024,deterministic,47,50047,5.0,15,True,False,success,saved,True,False,False,85,15,0,0,5,15
ppo_no_barriers,ppo,2024,deterministic,48,50048,5.0,15,True,False,success,saved,True,False,False,85,15,0,0,5,15
ppo_no_barriers,ppo,2024,deterministic,49,50049,5.0,15,True,False,success,saved,True,False,False,85,15,0,0,5,15
ppo_no_barriers,ppo,2024,deterministic,50,50050,5.0,15,True,False,success,saved,True,False,False,85,15,0,0,5,15
ppo_no_barriers,ppo,2024,deterministic,51,50051,5.0,15,True,False,success,saved,True,False,False,85,15,0,0,5,15
ppo_no_barriers,ppo,2024,deterministic,52,50052,5.0,15,True,False,success,saved,True,False,False,85,15,0,0,5,15
ppo_no_barriers,ppo,2024,deterministic,53,50053,4.0,16,True,False,success,saved,True,False,False,85,15,0,0,5,16
ppo_no_barriers,ppo,2024,deterministic,54,50054,5.0,15,True,False,success,saved,True,False,False,85,15,0,0,5,15
ppo_no_barriers,ppo,2024,deterministic,55,50055,4.0,16,True,False,success,saved,True,False,False,85,15,0,0,5,16
ppo_no_barriers,ppo,2024,deterministic,56,50056,5.0,15,True,False,success,saved,True,False,False,85,15,0,0,5,15
ppo_no_barriers,ppo,2024,deterministic,57,50057,5.0,15,True,False,success,saved,True,False,False,85,15,0,0,5,15
ppo_no_barriers,ppo,2024,deterministic,58,50058,5.0,15,True,False,success,saved,True,False,False,85,15,0,0,5,15
ppo_no_barriers,ppo,2024,deterministic,59,50059,5.0,15,True,False,success,saved,True,False,False,85,15,0,0,5,15
ppo_no_barriers,ppo,2024,deterministic,60,50060,5.0,15,True,False,success,saved,True,False,False,85,15,0,0,5,15
ppo_no_barriers,ppo,2024,deterministic,61,50061,5.0,15,True,False,success,saved,True,False,False,85,15,0,0,5,15
ppo_no_barriers,ppo,2024,deterministic,62,50062,5.0,15,True,False,success,saved,True,False,False,85,15,0,0,5,15
ppo_no_barriers,ppo,2024,deterministic,63,50063,5.0,15,True,False,success,saved,True,False,False,85,15,0,0,5,15
ppo_no_barriers,ppo,2024,deterministic,64,50064,5.0,15,True,False,success,saved,True,False,False,85,15,0,0,5,15
ppo_no_barriers,ppo,2024,deterministic,65,50065,5.0,15,True,False,success,saved,True,False,False,85,15,0,0,5,15
ppo_no_barriers,ppo,2024,deterministic,66,50066,5.0,15,True,False,success,saved,True,False,False,85,15,0,0,5,15
ppo_no_barriers,ppo,2024,deterministic,67,50067,5.0,15,True,False,success,saved,True,False,False,85,15,0,0,5,15
ppo_no_barriers,ppo,2024,deterministic,68,50068,5.0,15,True,False,success,saved,True,False,False,85,15,0,0,5,15
ppo_no_barriers,ppo,2024,deterministic,69,50069,5.0,15,True,False,success,saved,True,False,False,85,15,0,0,5,15
ppo_no_barriers,ppo,2024,deterministic,70,50070,5.0,15,True,False,success,saved,True,False,False,85,15,0,0,5,15
ppo_no_barriers,ppo,2024,deterministic,71,50071,5.0,15,True,False,success,saved,True,False,False,85,15,0,0,5,15
ppo_no_barriers,ppo,2024,deterministic,72,50072,5.0,15,True,False,success,saved,True,False,False,85,15,0,0,5,15
ppo_no_barriers,ppo,2024,deterministic,73,50073,5.0,15,True,False,success,saved,True,False,False,85,15,0,0,5,15
ppo_no_barriers,ppo,2024,deterministic,74,50074,5.0,15,True,False,success,saved,True,False,False,85,15,0,0,5,15
ppo_no_barriers,ppo,2024,deterministic,75,50075,5.0,15,True,False,success,saved,True,False,False,85,15,0,0,5,15
ppo_no_barriers,ppo,2024,deterministic,76,50076,5.0,15,True,False,success,saved,True,False,False,85,15,0,0,5,15
ppo_no_barriers,ppo,2024,deterministic,77,50077,5.0,15,True,False,success,saved,True,False,False,85,15,0,0,5,15
ppo_no_barriers,ppo,2024,deterministic,78,50078,-7.0,27,True,False,success,saved,True,False,False,85,15,0,0,5,27
ppo_no_barriers,ppo,2024,deterministic,79,50079,5.0,15,True,False,success,saved,True,False,False,85,15,0,0,5,15
ppo_no_barriers,ppo,2024,deterministic,80,50080,5.0,15,True,False,success,saved,True,False,False,85,15,0,0,5,15
ppo_no_barriers,ppo,2024,deterministic,81,50081,5.0,15,True,False,success,saved,True,False,False,85,15,0,0,5,15
ppo_no_barriers,ppo,2024,deterministic,82,50082,5.0,15,True,False,success,saved,True,False,False,85,15,0,0,5,15
ppo_no_barriers,ppo,2024,deterministic,83,50083,5.0,15,True,False,success,saved,True,False,False,85,15,0,0,5,15
ppo_no_barriers,ppo,2024,deterministic,84,50084,5.0,15,True,False,success,saved,True,False,False,85,15,0,0,5,15
ppo_no_barriers,ppo,2024,deterministic,85,50085,5.0,15,True,False,success,saved,True,False,False,85,15,0,0,5,15
ppo_no_barriers,ppo,2024,deterministic,86,50086,5.0,15,True,False,success,saved,True,False,False,85,15,0,0,5,15
ppo_no_barriers,ppo,2024,deterministic,87,50087,5.0,15,True,False,success,saved,True,False,False,85,15,0,0,5,15
ppo_no_barriers,ppo,2024,deterministic,88,50088,5.0,15,True,False,success,saved,True,False,False,85,15,0,0,5,15
ppo_no_barriers,ppo,2024,deterministic,89,50089,5.0,15,True,False,success,saved,True,False,False,85,15,0,0,5,15
ppo_no_barriers,ppo,2024,deterministic,90,50090,5.0,15,True,False,success,saved,True,False,False,85,15,0,0,5,15
ppo_no_barriers,ppo,2024,deterministic,91,50091,5.0,15,True,False,success,saved,True,False,False,85,15,0,0,5,15
ppo_no_barriers,ppo,2024,deterministic,92,50092,5.0,15,True,False,success,saved,True,False,False,85,15,0,0,5,15
ppo_no_barriers,ppo,2024,deterministic,93,50093,5.0,15,True,False,success,saved,True,False,False,85,15,0,0,5,15
ppo_no_barriers,ppo,2024,deterministic,94,50094,5.0,15,True,False,success,saved,True,False,False,85,15,0,0,5,15
ppo_no_barriers,ppo,2024,deterministic,95,50095,5.0,15,True,False,success,saved,True,False,False,85,15,0,0,5,15
ppo_no_barriers,ppo,2024,deterministic,96,50096,5.0,15,True,False,success,saved,True,False,False,85,15,0,0,5,15
ppo_no_barriers,ppo,2024,deterministic,97,50097,5.0,15,True,False,success,saved,True,False,False,85,15,0,0,5,15
ppo_no_barriers,ppo,2024,deterministic,98,50098,5.0,15,True,False,success,saved,True,False,False,85,15,0,0,5,15
ppo_no_barriers,ppo,2024,deterministic,99,50099,5.0,15,True,False,success,saved,True,False,False,85,15,0,0,5,15
ppo_no_barriers,ppo,2024,stochastic,0,50000,5.0,15,True,False,success,saved,True,False,False,85,15,0,0,5,15
ppo_no_barriers,ppo,2024,stochastic,1,50001,5.0,15,True,False,success,saved,True,False,False,85,15,0,0,5,15
ppo_no_barriers,ppo,2024,stochastic,2,50002,4.0,16,True,False,success,saved,True,False,False,85,15,0,0,5,16
ppo_no_barriers,ppo,2024,stochastic,3,50003,5.0,15,True,False,success,saved,True,False,False,85,15,0,0,5,15
ppo_no_barriers,ppo,2024,stochastic,4,50004,3.0,17,True,False,success,saved,True,False,False,85,15,0,0,5,17
ppo_no_barriers,ppo,2024,stochastic,5,50005,5.0,15,True,False,success,saved,True,False,False,85,15,0,0,5,15
ppo_no_barriers,ppo,2024,stochastic,6,50006,5.0,15,True,False,success,saved,True,False,False,85,15,0,0,5,15
ppo_no_barriers,ppo,2024,stochastic,7,50007,5.0,15,True,False,success,saved,True,False,False,83,17,0,0,5,15
ppo_no_barriers,ppo,2024,stochastic,8,50008,5.0,15,True,False,success,saved,True,False,False,85,15,0,0,5,15
ppo_no_barriers,ppo,2024,stochastic,9,50009,5.0,15,True,False,success,saved,True,False,False,83,17,0,0,5,15
ppo_no_barriers,ppo,2024,stochastic,10,50010,1.0,19,True,False,success,saved,True,False,False,85,15,0,0,5,19
ppo_no_barriers,ppo,2024,stochastic,11,50011,4.0,16,True,False,success,saved,True,False,False,85,15,0,0,5,16
ppo_no_barriers,ppo,2024,stochastic,12,50012,5.0,15,True,False,success,saved,True,False,False,85,15,0,0,5,15
ppo_no_barriers,ppo,2024,stochastic,13,50013,4.0,16,True,False,success,saved,True,False,False,85,15,0,0,5,16
ppo_no_barriers,ppo,2024,stochastic,14,50014,5.0,15,True,False,success,saved,True,False,False,85,15,0,0,5,15
ppo_no_barriers,ppo,2024,stochastic,15,50015,5.0,15,True,False,success,saved,True,False,False,85,15,0,0,5,15
ppo_no_barriers,ppo,2024,stochastic,16,50016,5.0,15,True,False,success,saved,True,False,False,85,15,0,0,5,15
ppo_no_barriers,ppo,2024,stochastic,17,50017,5.0,15,True,False,success,saved,True,False,False,85,15,0,0,5,15
ppo_no_barriers,ppo,2024,stochastic,18,50018,3.0,17,True,False,success,saved,True,False,False,85,15,0,0,5,17
ppo_no_barriers,ppo,2024,stochastic,19,50019,5.0,15,True,False,success,saved,True,False,False,85,15,0,0,5,15
ppo_no_barriers,ppo,2024,stochastic,20,50020,5.0,15,True,False,success,saved,True,False,False,85,15,0,0,5,15
ppo_no_barriers,ppo,2024,stochastic,21,50021,5.0,15,True,False,success,saved,True,False,False,85,15,0,0,5,15
ppo_no_barriers,ppo,2024,stochastic,22,50022,5.0,15,True,False,success,saved,True,False,False,85,15,0,0,5,15
ppo_no_barriers,ppo,2024,stochastic,23,50023,5.0,15,True,False,success,saved,True,False,False,85,15,0,0,5,15
ppo_no_barriers,ppo,2024,stochastic,24,50024,5.0,15,True,False,success,saved,True,False,False,85,15,0,0,5,15
ppo_no_barriers,ppo,2024,stochastic,25,50025,5.0,15,True,False,success,saved,True,False,False,85,15,0,0,5,15
ppo_no_barriers,ppo,2024,stochastic,26,50026,5.0,15,True,False,success,saved,True,False,False,85,15,0,0,5,15
ppo_no_barriers,ppo,2024,stochastic,27,50027,5.0,15,True,False,success,saved,True,False,False,85,15,0,0,5,15
ppo_no_barriers,ppo,2024,stochastic,28,50028,2.0,18,True,False,success,saved,True,False,False,85,15,0,0,5,18
ppo_no_barriers,ppo,2024,stochastic,29,50029,4.0,16,True,False,success,saved,True,False,False,85,15,0,0,5,16
ppo_no_barriers,ppo,2024,stochastic,30,50030,5.0,15,True,False,success,saved,True,False,False,85,15,0,0,5,15
ppo_no_barriers,ppo,2024,stochastic,31,50031,5.0,15,True,False,success,saved,True,False,False,85,15,0,0,5,15
ppo_no_barriers,ppo,2024,stochastic,32,50032,5.0,15,True,False,success,saved,True,False,False,85,15,0,0,5,15
ppo_no_barriers,ppo,2024,stochastic,33,50033,5.0,15,True,False,success,saved,True,False,False,85,15,0,0,5,15
ppo_no_barriers,ppo,2024,stochastic,34,50034,5.0,15,True,False,success,saved,True,False,False,85,15,0,0,5,15
ppo_no_barriers,ppo,2024,stochastic,35,50035,3.0,17,True,False,success,saved,True,False,False,85,15,0,0,5,17
ppo_no_barriers,ppo,2024,stochastic,36,50036,5.0,15,True,False,success,saved,True,False,False,85,15,0,0,5,15
ppo_no_barriers,ppo,2024,stochastic,37,50037,5.0,15,True,False,success,saved,True,False,False,85,15,0,0,5,15
ppo_no_barriers,ppo,2024,stochastic,38,50038,5.0,15,True,False,success,saved,True,False,False,85,15,0,0,5,15
ppo_no_barriers,ppo,2024,stochastic,39,50039,4.0,16,True,False,success,saved,True,False,False,85,15,0,0,5,16
ppo_no_barriers,ppo,2024,stochastic,40,50040,5.0,15,True,False,success,saved,True,False,False,85,15,0,0,5,15
ppo_no_barriers,ppo,2024,stochastic,41,50041,5.0,15,True,False,success,saved,True,False,False,85,15,0,0,5,15
ppo_no_barriers,ppo,2024,stochastic,42,50042,5.0,15,True,False,success,saved,True,False,False,85,15,0,0,5,15
ppo_no_barriers,ppo,2024,stochastic,43,50043,5.0,15,True,False,success,saved,True,False,False,85,15,0,0,5,15
ppo_no_barriers,ppo,2024,stochastic,44,50044,4.0,16,True,False,success,saved,True,False,False,85,15,0,0,5,16
ppo_no_barriers,ppo,2024,stochastic,45,50045,4.0,16,True,False,success,saved,True,False,False,85,15,0,0,5,16
ppo_no_barriers,ppo,2024,stochastic,46,50046,5.0,15,True,False,success,saved,True,False,False,85,15,0,0,5,15
ppo_no_barriers,ppo,2024,stochastic,47,50047,5.0,15,True,False,success,saved,True,False,False,83,17,0,0,5,15
ppo_no_barriers,ppo,2024,stochastic,48,50048,5.0,15,True,False,success,saved,True,False,False,85,15,0,0,5,15
ppo_no_barriers,ppo,2024,stochastic,49,50049,5.0,15,True,False,success,saved,True,False,False,85,15,0,0,5,15
ppo_no_barriers,ppo,2024,stochastic,50,50050,5.0,15,True,False,success,saved,True,False,False,85,15,0,0,5,15
ppo_no_barriers,ppo,2024,stochastic,51,50051,4.0,16,True,False,success,saved,True,False,False,85,15,0,0,5,16
ppo_no_barriers,ppo,2024,stochastic,52,50052,5.0,15,True,False,success,saved,True,False,False,85,15,0,0,5,15
ppo_no_barriers,ppo,2024,stochastic,53,50053,5.0,15,True,False,success,saved,True,False,False,85,15,0,0,5,15
ppo_no_barriers,ppo,2024,stochastic,54,50054,5.0,15,True,False,success,saved,True,False,False,85,15,0,0,5,15
ppo_no_barriers,ppo,2024,stochastic,55,50055,1.0,19,True,False,success,saved,True,False,False,85,15,0,0,5,19
ppo_no_barriers,ppo,2024,stochastic,56,50056,5.0,15,True,False,success,saved,True,False,False,85,15,0,0,5,15
ppo_no_barriers,ppo,2024,stochastic,57,50057,2.0,18,True,False,success,saved,True,False,False,85,15,0,0,5,18
ppo_no_barriers,ppo,2024,stochastic,58,50058,1.0,19,True,False,success,saved,True,False,False,85,15,0,0,5,19
ppo_no_barriers,ppo,2024,stochastic,59,50059,4.0,16,True,False,success,saved,True,False,False,85,15,0,0,5,16
ppo_no_barriers,ppo,2024,stochastic,60,50060,3.0,17,True,False,success,saved,True,False,False,85,15,0,0,5,17
ppo_no_barriers,ppo,2024,stochastic,61,50061,4.0,16,True,False,success,saved,True,False,False,85,15,0,0,5,16
ppo_no_barriers,ppo,2024,stochastic,62,50062,5.0,15,True,False,success,saved,True,False,False,85,15,0,0,5,15
ppo_no_barriers,ppo,2024,stochastic,63,50063,5.0,15,True,False,success,saved,True,False,False,85,15,0,0,5,15
ppo_no_barriers,ppo,2024,stochastic,64,50064,5.0,15,True,False,success,saved,True,False,False,85,15,0,0,5,15
ppo_no_barriers,ppo,2024,stochastic,65,50065,5.0,15,True,False,success,saved,True,False,False,85,15,0,0,5,15
ppo_no_barriers,ppo,2024,stochastic,66,50066,5.0,15,True,False,success,saved,True,False,False,85,15,0,0,5,15
ppo_no_barriers,ppo,2024,stochastic,67,50067,5.0,15,True,False,success,saved,True,False,False,85,15,0,0,5,15
ppo_no_barriers,ppo,2024,stochastic,68,50068,5.0,15,True,False,success,saved,True,False,False,85,15,0,0,5,15
ppo_no_barriers,ppo,2024,stochastic,69,50069,5.0,15,True,False,success,saved,True,False,False,85,15,0,0,5,15
ppo_no_barriers,ppo,2024,stochastic,70,50070,5.0,15,True,False,success,saved,True,False,False,85,15,0,0,5,15
ppo_no_barriers,ppo,2024,stochastic,71,50071,5.0,15,True,False,success,saved,True,False,False,85,15,0,0,5,15
ppo_no_barriers,ppo,2024,stochastic,72,50072,5.0,15,True,False,success,saved,True,False,False,85,15,0,0,5,15
ppo_no_barriers,ppo,2024,stochastic,73,50073,5.0,15,True,False,success,saved,True,False,False,85,15,0,0,5,15
ppo_no_barriers,ppo,2024,stochastic,74,50074,5.0,15,True,False,success,saved,True,False,False,85,15,0,0,5,15
ppo_no_barriers,ppo,2024,stochastic,75,50075,5.0,15,True,False,success,saved,True,False,False,85,15,0,0,5,15
ppo_no_barriers,ppo,2024,stochastic,76,50076,5.0,15,True,False,success,saved,True,False,False,85,15,0,0,5,15
ppo_no_barriers,ppo,2024,stochastic,77,50077,5.0,15,True,False,success,saved,True,False,False,85,15,0,0,5,15
ppo_no_barriers,ppo,2024,stochastic,78,50078,4.0,16,True,False,success,saved,True,False,False,85,15,0,0,5,16
ppo_no_barriers,ppo,2024,stochastic,79,50079,5.0,15,True,False,success,saved,True,False,False,85,15,0,0,5,15
ppo_no_barriers,ppo,2024,stochastic,80,50080,5.0,15,True,False,success,saved,True,False,False,85,15,0,0,5,15
ppo_no_barriers,ppo,2024,stochastic,81,50081,5.0,15,True,False,success,saved,True,False,False,85,15,0,0,5,15
ppo_no_barriers,ppo,2024,stochastic,82,50082,5.0,15,True,False,success,saved,True,False,False,85,15,0,0,5,15
ppo_no_barriers,ppo,2024,stochastic,83,50083,5.0,15,True,False,success,saved,True,False,False,85,15,0,0,5,15
ppo_no_barriers,ppo,2024,stochastic,84,50084,5.0,15,True,False,success,saved,True,False,False,85,15,0,0,5,15
ppo_no_barriers,ppo,2024,stochastic,85,50085,5.0,15,True,False,success,saved,True,False,False,85,15,0,0,5,15
ppo_no_barriers,ppo,2024,stochastic,86,50086,4.0,16,True,False,success,saved,True,False,False,85,15,0,0,5,16
ppo_no_barriers,ppo,2024,stochastic,87,50087,5.0,15,True,False,success,saved,True,False,False,85,15,0,0,5,15
ppo_no_barriers,ppo,2024,stochastic,88,50088,5.0,15,True,False,success,saved,True,False,False,85,15,0,0,5,15
ppo_no_barriers,ppo,2024,stochastic,89,50089,3.0,17,True,False,success,saved,True,False,False,85,15,0,0,5,17
ppo_no_barriers,ppo,2024,stochastic,90,50090,3.0,17,True,False,success,saved,True,False,False,85,15,0,0,5,17
ppo_no_barriers,ppo,2024,stochastic,91,50091,5.0,15,True,False,success,saved,True,False,False,85,15,0,0,5,15
ppo_no_barriers,ppo,2024,stochastic,92,50092,5.0,15,True,False,success,saved,True,False,False,85,15,0,0,5,15
ppo_no_barriers,ppo,2024,stochastic,93,50093,5.0,15,True,False,success,saved,True,False,False,85,15,0,0,5,15
ppo_no_barriers,ppo,2024,stochastic,94,50094,5.0,15,True,False,success,saved,True,False,False,85,15,0,0,5,15
ppo_no_barriers,ppo,2024,stochastic,95,50095,5.0,15,True,False,success,saved,True,False,False,85,15,0,0,5,15
ppo_no_barriers,ppo,2024,stochastic,96,50096,5.0,15,True,False,success,saved,True,False,False,85,15,0,0,5,15
ppo_no_barriers,ppo,2024,stochastic,97,50097,5.0,15,True,False,success,saved,True,False,False,85,15,0,0,5,15
ppo_no_barriers,ppo,2024,stochastic,98,50098,5.0,15,True,False,success,saved,True,False,False,85,15,0,0,5,15
ppo_no_barriers,ppo,2024,stochastic,99,50099,5.0,15,True,False,success,saved,True,False,False,85,15,0,0,5,15
ppo_no_barriers,ppo,7,deterministic,0,50000,5.0,15,True,False,success,saved,True,False,False,85,15,0,0,5,15
ppo_no_barriers,ppo,7,deterministic,1,50001,5.0,15,True,False,success,saved,True,False,False,85,15,0,0,5,15
ppo_no_barriers,ppo,7,deterministic,2,50002,5.0,15,True,False,success,saved,True,False,False,85,15,0,0,5,15
ppo_no_barriers,ppo,7,deterministic,3,50003,5.0,15,True,False,success,saved,True,False,False,85,15,0,0,5,15
ppo_no_barriers,ppo,7,deterministic,4,50004,5.0,15,True,False,success,saved,True,False,False,85,15,0,0,5,15
ppo_no_barriers,ppo,7,deterministic,5,50005,5.0,15,True,False,success,saved,True,False,False,85,15,0,0,5,15
ppo_no_barriers,ppo,7,deterministic,6,50006,5.0,15,True,False,success,saved,True,False,False,85,15,0,0,5,15
ppo_no_barriers,ppo,7,deterministic,7,50007,5.0,15,True,False,success,saved,True,False,False,81,19,0,0,5,15
ppo_no_barriers,ppo,7,deterministic,8,50008,5.0,15,True,False,success,saved,True,False,False,85,15,0,0,5,15
ppo_no_barriers,ppo,7,deterministic,9,50009,5.0,15,True,False,success,saved,True,False,False,83,17,0,0,5,15
ppo_no_barriers,ppo,7,deterministic,10,50010,5.0,15,True,False,success,saved,True,False,False,85,15,0,0,5,15
ppo_no_barriers,ppo,7,deterministic,11,50011,5.0,15,True,False,success,saved,True,False,False,85,15,0,0,5,15
ppo_no_barriers,ppo,7,deterministic,12,50012,5.0,15,True,False,success,saved,True,False,False,85,15,0,0,5,15
ppo_no_barriers,ppo,7,deterministic,13,50013,5.0,15,True,False,success,saved,True,False,False,85,15,0,0,5,15
ppo_no_barriers,ppo,7,deterministic,14,50014,5.0,15,True,False,success,saved,True,False,False,85,15,0,0,5,15
ppo_no_barriers,ppo,7,deterministic,15,50015,5.0,15,True,False,success,saved,True,False,False,83,17,0,0,5,15
ppo_no_barriers,ppo,7,deterministic,16,50016,5.0,15,True,False,success,saved,True,False,False,85,15,0,0,5,15
ppo_no_barriers,ppo,7,deterministic,17,50017,5.0,15,True,False,success,saved,True,False,False,85,15,0,0,5,15
ppo_no_barriers,ppo,7,deterministic,18,50018,5.0,15,True,False,success,saved,True,False,False,85,15,0,0,5,15
ppo_no_barriers,ppo,7,deterministic,19,50019,5.0,15,True,False,success,saved,True,False,False,85,15,0,0,5,15
ppo_no_barriers,ppo,7,deterministic,20,50020,5.0,15,True,False,success,saved,True,False,False,85,15,0,0,5,15
ppo_no_barriers,ppo,7,deterministic,21,50021,5.0,15,True,False,success,saved,True,False,False,85,15,0,0,5,15
ppo_no_barriers,ppo,7,deterministic,22,50022,5.0,15,True,False,success,saved,True,False,False,85,15,0,0,5,15
ppo_no_barriers,ppo,7,deterministic,23,50023,5.0,15,True,False,success,saved,True,False,False,83,17,0,0,5,15
ppo_no_barriers,ppo,7,deterministic,24,50024,5.0,15,True,False,success,saved,True,False,False,85,15,0,0,5,15
ppo_no_barriers,ppo,7,deterministic,25,50025,5.0,15,True,False,success,saved,True,False,False,85,15,0,0,5,15
ppo_no_barriers,ppo,7,deterministic,26,50026,5.0,15,True,False,success,saved,True,False,False,85,15,0,0,5,15
ppo_no_barriers,ppo,7,deterministic,27,50027,5.0,15,True,False,success,saved,True,False,False,85,15,0,0,5,15
ppo_no_barriers,ppo,7,deterministic,28,50028,5.0,15,True,False,success,saved,True,False,False,85,15,0,0,5,15
ppo_no_barriers,ppo,7,deterministic,29,50029,5.0,15,True,False,success,saved,True,False,False,85,15,0,0,5,15
ppo_no_barriers,ppo,7,deterministic,30,50030,5.0,15,True,False,success,saved,True,False,False,85,15,0,0,5,15
ppo_no_barriers,ppo,7,deterministic,31,50031,5.0,15,True,False,success,saved,True,False,False,85,15,0,0,5,15
ppo_no_barriers,ppo,7,deterministic,32,50032,5.0,15,True,False,success,saved,True,False,False,85,15,0,0,5,15
ppo_no_barriers,ppo,7,deterministic,33,50033,5.0,15,True,False,success,saved,True,False,False,85,15,0,0,5,15
ppo_no_barriers,ppo,7,deterministic,34,50034,5.0,15,True,False,success,saved,True,False,False,85,15,0,0,5,15
ppo_no_barriers,ppo,7,deterministic,35,50035,5.0,15,True,False,success,saved,True,False,False,85,15,0,0,5,15
ppo_no_barriers,ppo,7,deterministic,36,50036,5.0,15,True,False,success,saved,True,False,False,85,15,0,0,5,15
ppo_no_barriers,ppo,7,deterministic,37,50037,5.0,15,True,False,success,saved,True,False,False,85,15,0,0,5,15
ppo_no_barriers,ppo,7,deterministic,38,50038,5.0,15,True,False,success,saved,True,False,False,85,15,0,0,5,15
ppo_no_barriers,ppo,7,deterministic,39,50039,5.0,15,True,False,success,saved,True,False,False,85,15,0,0,5,15
ppo_no_barriers,ppo,7,deterministic,40,50040,5.0,15,True,False,success,saved,True,False,False,85,15,0,0,5,15
ppo_no_barriers,ppo,7,deterministic,41,50041,5.0,15,True,False,success,saved,True,False,False,85,15,0,0,5,15
ppo_no_barriers,ppo,7,deterministic,42,50042,5.0,15,True,False,success,saved,True,False,False,85,15,0,0,5,15
ppo_no_barriers,ppo,7,deterministic,43,50043,5.0,15,True,False,success,saved,True,False,False,85,15,0,0,5,15
ppo_no_barriers,ppo,7,deterministic,44,50044,5.0,15,True,False,success,saved,True,False,False,85,15,0,0,5,15
ppo_no_barriers,ppo,7,deterministic,45,50045,5.0,15,True,False,success,saved,True,False,False,85,15,0,0,5,15
ppo_no_barriers,ppo,7,deterministic,46,50046,5.0,15,True,False,success,saved,True,False,False,85,15,0,0,5,15
ppo_no_barriers,ppo,7,deterministic,47,50047,5.0,15,True,False,success,saved,True,False,False,85,15,0,0,5,15
ppo_no_barriers,ppo,7,deterministic,48,50048,-1.0,21,True,False,success,saved,True,False,False,85,15,0,0,5,21
ppo_no_barriers,ppo,7,deterministic,49,50049,5.0,15,True,False,success,saved,True,False,False,85,15,0,0,5,15
ppo_no_barriers,ppo,7,deterministic,50,50050,5.0,15,True,False,success,saved,True,False,False,85,15,0,0,5,15
ppo_no_barriers,ppo,7,deterministic,51,50051,5.0,15,True,False,success,saved,True,False,False,85,15,0,0,5,15
ppo_no_barriers,ppo,7,deterministic,52,50052,5.0,15,True,False,success,saved,True,False,False,85,15,0,0,5,15
ppo_no_barriers,ppo,7,deterministic,53,50053,5.0,15,True,False,success,saved,True,False,False,85,15,0,0,5,15
ppo_no_barriers,ppo,7,deterministic,54,50054,5.0,15,True,False,success,saved,True,False,False,85,15,0,0,5,15
ppo_no_barriers,ppo,7,deterministic,55,50055,5.0,15,True,False,success,saved,True,False,False,85,15,0,0,5,15
ppo_no_barriers,ppo,7,deterministic,56,50056,5.0,15,True,False,success,saved,True,False,False,85,15,0,0,5,15
ppo_no_barriers,ppo,7,deterministic,57,50057,5.0,15,True,False,success,saved,True,False,False,85,15,0,0,5,15
ppo_no_barriers,ppo,7,deterministic,58,50058,5.0,15,True,False,success,saved,True,False,False,85,15,0,0,5,15
ppo_no_barriers,ppo,7,deterministic,59,50059,5.0,15,True,False,success,saved,True,False,False,85,15,0,0,5,15
ppo_no_barriers,ppo,7,deterministic,60,50060,5.0,15,True,False,success,saved,True,False,False,85,15,0,0,5,15
ppo_no_barriers,ppo,7,deterministic,61,50061,5.0,15,True,False,success,saved,True,False,False,85,15,0,0,5,15
ppo_no_barriers,ppo,7,deterministic,62,50062,5.0,15,True,False,success,saved,True,False,False,85,15,0,0,5,15
ppo_no_barriers,ppo,7,deterministic,63,50063,5.0,15,True,False,success,saved,True,False,False,85,15,0,0,5,15
ppo_no_barriers,ppo,7,deterministic,64,50064,5.0,15,True,False,success,saved,True,False,False,85,15,0,0,5,15
ppo_no_barriers,ppo,7,deterministic,65,50065,5.0,15,True,False,success,saved,True,False,False,85,15,0,0,5,15
ppo_no_barriers,ppo,7,deterministic,66,50066,5.0,15,True,False,success,saved,True,False,False,85,15,0,0,5,15
ppo_no_barriers,ppo,7,deterministic,67,50067,5.0,15,True,False,success,saved,True,False,False,85,15,0,0,5,15
ppo_no_barriers,ppo,7,deterministic,68,50068,5.0,15,True,False,success,saved,True,False,False,85,15,0,0,5,15
ppo_no_barriers,ppo,7,deterministic,69,50069,5.0,15,True,False,success,saved,True,False,False,85,15,0,0,5,15
ppo_no_barriers,ppo,7,deterministic,70,50070,5.0,15,True,False,success,saved,True,False,False,85,15,0,0,5,15
ppo_no_barriers,ppo,7,deterministic,71,50071,5.0,15,True,False,success,saved,True,False,False,85,15,0,0,5,15
ppo_no_barriers,ppo,7,deterministic,72,50072,5.0,15,True,False,success,saved,True,False,False,85,15,0,0,5,15
ppo_no_barriers,ppo,7,deterministic,73,50073,5.0,15,True,False,success,saved,True,False,False,85,15,0,0,5,15
ppo_no_barriers,ppo,7,deterministic,74,50074,5.0,15,True,False,success,saved,True,False,False,85,15,0,0,5,15
ppo_no_barriers,ppo,7,deterministic,75,50075,5.0,15,True,False,success,saved,True,False,False,85,15,0,0,5,15
ppo_no_barriers,ppo,7,deterministic,76,50076,5.0,15,True,False,success,saved,True,False,False,85,15,0,0,5,15
ppo_no_barriers,ppo,7,deterministic,77,50077,5.0,15,True,False,success,saved,True,False,False,85,15,0,0,5,15
ppo_no_barriers,ppo,7,deterministic,78,50078,5.0,15,True,False,success,saved,True,False,False,85,15,0,0,5,15
ppo_no_barriers,ppo,7,deterministic,79,50079,5.0,15,True,False,success,saved,True,False,False,85,15,0,0,5,15
ppo_no_barriers,ppo,7,deterministic,80,50080,5.0,15,True,False,success,saved,True,False,False,85,15,0,0,5,15
ppo_no_barriers,ppo,7,deterministic,81,50081,5.0,15,True,False,success,saved,True,False,False,85,15,0,0,5,15
ppo_no_barriers,ppo,7,deterministic,82,50082,5.0,15,True,False,success,saved,True,False,False,85,15,0,0,5,15
ppo_no_barriers,ppo,7,deterministic,83,50083,5.0,15,True,False,success,saved,True,False,False,85,15,0,0,5,15
ppo_no_barriers,ppo,7,deterministic,84,50084,5.0,15,True,False,success,saved,True,False,False,85,15,0,0,5,15
ppo_no_barriers,ppo,7,deterministic,85,50085,5.0,15,True,False,success,saved,True,False,False,85,15,0,0,5,15
ppo_no_barriers,ppo,7,deterministic,86,50086,2.0,18,True,False,success,saved,True,False,False,85,15,0,0,5,18
ppo_no_barriers,ppo,7,deterministic,87,50087,5.0,15,True,False,success,saved,True,False,False,85,15,0,0,5,15
ppo_no_barriers,ppo,7,deterministic,88,50088,5.0,15,True,False,success,saved,True,False,False,85,15,0,0,5,15
ppo_no_barriers,ppo,7,deterministic,89,50089,5.0,15,True,False,success,saved,True,False,False,85,15,0,0,5,15
ppo_no_barriers,ppo,7,deterministic,90,50090,5.0,15,True,False,success,saved,True,False,False,85,15,0,0,5,15
ppo_no_barriers,ppo,7,deterministic,91,50091,5.0,15,True,False,success,saved,True,False,False,85,15,0,0,5,15
ppo_no_barriers,ppo,7,deterministic,92,50092,5.0,15,True,False,success,saved,True,False,False,85,15,0,0,5,15
ppo_no_barriers,ppo,7,deterministic,93,50093,5.0,15,True,False,success,saved,True,False,False,85,15,0,0,5,15
ppo_no_barriers,ppo,7,deterministic,94,50094,5.0,15,True,False,success,saved,True,False,False,85,15,0,0,5,15
ppo_no_barriers,ppo,7,deterministic,95,50095,5.0,15,True,False,success,saved,True,False,False,85,15,0,0,5,15
ppo_no_barriers,ppo,7,deterministic,96,50096,5.0,15,True,False,success,saved,True,False,False,85,15,0,0,5,15
ppo_no_barriers,ppo,7,deterministic,97,50097,5.0,15,True,False,success,saved,True,False,False,85,15,0,0,5,15
ppo_no_barriers,ppo,7,deterministic,98,50098,5.0,15,True,False,success,saved,True,False,False,85,15,0,0,5,15
ppo_no_barriers,ppo,7,deterministic,99,50099,5.0,15,True,False,success,saved,True,False,False,85,15,0,0,5,15
ppo_no_barriers,ppo,7,stochastic,0,50000,5.0,15,True,False,success,saved,True,False,False,85,15,0,0,5,15
ppo_no_barriers,ppo,7,stochastic,1,50001,5.0,15,True,False,success,saved,True,False,False,85,15,0,0,5,15
ppo_no_barriers,ppo,7,stochastic,2,50002,5.0,15,True,False,success,saved,True,False,False,85,15,0,0,5,15
ppo_no_barriers,ppo,7,stochastic,3,50003,5.0,15,True,False,success,saved,True,False,False,85,15,0,0,5,15
ppo_no_barriers,ppo,7,stochastic,4,50004,5.0,15,True,False,success,saved,True,False,False,85,15,0,0,5,15
ppo_no_barriers,ppo,7,stochastic,5,50005,5.0,15,True,False,success,saved,True,False,False,85,15,0,0,5,15
ppo_no_barriers,ppo,7,stochastic,6,50006,5.0,15,True,False,success,saved,True,False,False,85,15,0,0,5,15
ppo_no_barriers,ppo,7,stochastic,7,50007,5.0,15,True,False,success,saved,True,False,False,81,19,0,0,5,15
ppo_no_barriers,ppo,7,stochastic,8,50008,5.0,15,True,False,success,saved,True,False,False,85,15,0,0,5,15
ppo_no_barriers,ppo,7,stochastic,9,50009,5.0,15,True,False,success,saved,True,False,False,83,17,0,0,5,15
ppo_no_barriers,ppo,7,stochastic,10,50010,5.0,15,True,False,success,saved,True,False,False,85,15,0,0,5,15
ppo_no_barriers,ppo,7,stochastic,11,50011,5.0,15,True,False,success,saved,True,False,False,85,15,0,0,5,15
ppo_no_barriers,ppo,7,stochastic,12,50012,5.0,15,True,False,success,saved,True,False,False,85,15,0,0,5,15
ppo_no_barriers,ppo,7,stochastic,13,50013,5.0,15,True,False,success,saved,True,False,False,85,15,0,0,5,15
ppo_no_barriers,ppo,7,stochastic,14,50014,5.0,15,True,False,success,saved,True,False,False,85,15,0,0,5,15
ppo_no_barriers,ppo,7,stochastic,15,50015,5.0,15,True,False,success,saved,True,False,False,83,17,0,0,5,15
ppo_no_barriers,ppo,7,stochastic,16,50016,5.0,15,True,False,success,saved,True,False,False,85,15,0,0,5,15
ppo_no_barriers,ppo,7,stochastic,17,50017,5.0,15,True,False,success,saved,True,False,False,85,15,0,0,5,15
ppo_no_barriers,ppo,7,stochastic,18,50018,4.0,16,True,False,success,saved,True,False,False,85,15,0,0,5,16
ppo_no_barriers,ppo,7,stochastic,19,50019,5.0,15,True,False,success,saved,True,False,False,85,15,0,0,5,15
ppo_no_barriers,ppo,7,stochastic,20,50020,5.0,15,True,False,success,saved,True,False,False,85,15,0,0,5,15
ppo_no_barriers,ppo,7,stochastic,21,50021,5.0,15,True,False,success,saved,True,False,False,85,15,0,0,5,15
ppo_no_barriers,ppo,7,stochastic,22,50022,5.0,15,True,False,success,saved,True,False,False,85,15,0,0,5,15
ppo_no_barriers,ppo,7,stochastic,23,50023,5.0,15,True,False,success,saved,True,False,False,85,15,0,0,5,15
ppo_no_barriers,ppo,7,stochastic,24,50024,5.0,15,True,False,success,saved,True,False,False,85,15,0,0,5,15
ppo_no_barriers,ppo,7,stochastic,25,50025,5.0,15,True,False,success,saved,True,False,False,85,15,0,0,5,15
ppo_no_barriers,ppo,7,stochastic,26,50026,5.0,15,True,False,success,saved,True,False,False,85,15,0,0,5,15
ppo_no_barriers,ppo,7,stochastic,27,50027,5.0,15,True,False,success,saved,True,False,False,85,15,0,0,5,15
ppo_no_barriers,ppo,7,stochastic,28,50028,5.0,15,True,False,success,saved,True,False,False,85,15,0,0,5,15
ppo_no_barriers,ppo,7,stochastic,29,50029,5.0,15,True,False,success,saved,True,False,False,85,15,0,0,5,15
ppo_no_barriers,ppo,7,stochastic,30,50030,5.0,15,True,False,success,saved,True,False,False,85,15,0,0,5,15
ppo_no_barriers,ppo,7,stochastic,31,50031,5.0,15,True,False,success,saved,True,False,False,85,15,0,0,5,15
ppo_no_barriers,ppo,7,stochastic,32,50032,5.0,15,True,False,success,saved,True,False,False,85,15,0,0,5,15
ppo_no_barriers,ppo,7,stochastic,33,50033,5.0,15,True,False,success,saved,True,False,False,85,15,0,0,5,15
ppo_no_barriers,ppo,7,stochastic,34,50034,5.0,15,True,False,success,saved,True,False,False,85,15,0,0,5,15
ppo_no_barriers,ppo,7,stochastic,35,50035,5.0,15,True,False,success,saved,True,False,False,85,15,0,0,5,15
ppo_no_barriers,ppo,7,stochastic,36,50036,5.0,15,True,False,success,saved,True,False,False,85,15,0,0,5,15
ppo_no_barriers,ppo,7,stochastic,37,50037,5.0,15,True,False,success,saved,True,False,False,85,15,0,0,5,15
ppo_no_barriers,ppo,7,stochastic,38,50038,5.0,15,True,False,success,saved,True,False,False,85,15,0,0,5,15
ppo_no_barriers,ppo,7,stochastic,39,50039,5.0,15,True,False,success,saved,True,False,False,85,15,0,0,5,15
ppo_no_barriers,ppo,7,stochastic,40,50040,5.0,15,True,False,success,saved,True,False,False,85,15,0,0,5,15
ppo_no_barriers,ppo,7,stochastic,41,50041,5.0,15,True,False,success,saved,True,False,False,85,15,0,0,5,15
ppo_no_barriers,ppo,7,stochastic,42,50042,5.0,15,True,False,success,saved,True,False,False,85,15,0,0,5,15
ppo_no_barriers,ppo,7,stochastic,43,50043,5.0,15,True,False,success,saved,True,False,False,85,15,0,0,5,15
ppo_no_barriers,ppo,7,stochastic,44,50044,5.0,15,True,False,success,saved,True,False,False,85,15,0,0,5,15
ppo_no_barriers,ppo,7,stochastic,45,50045,5.0,15,True,False,success,saved,True,False,False,85,15,0,0,5,15
ppo_no_barriers,ppo,7,stochastic,46,50046,5.0,15,True,False,success,saved,True,False,False,85,15,0,0,5,15
ppo_no_barriers,ppo,7,stochastic,47,50047,5.0,15,True,False,success,saved,True,False,False,85,15,0,0,5,15
ppo_no_barriers,ppo,7,stochastic,48,50048,3.0,17,True,False,success,saved,True,False,False,85,15,0,0,5,17
ppo_no_barriers,ppo,7,stochastic,49,50049,5.0,15,True,False,success,saved,True,False,False,85,15,0,0,5,15
ppo_no_barriers,ppo,7,stochastic,50,50050,5.0,15,True,False,success,saved,True,False,False,85,15,0,0,5,15
ppo_no_barriers,ppo,7,stochastic,51,50051,4.0,16,True,False,success,saved,True,False,False,85,15,0,0,5,16
ppo_no_barriers,ppo,7,stochastic,52,50052,5.0,15,True,False,success,saved,True,False,False,85,15,0,0,5,15
ppo_no_barriers,ppo,7,stochastic,53,50053,5.0,15,True,False,success,saved,True,False,False,85,15,0,0,5,15
ppo_no_barriers,ppo,7,stochastic,54,50054,5.0,15,True,False,success,saved,True,False,False,85,15,0,0,5,15
ppo_no_barriers,ppo,7,stochastic,55,50055,5.0,15,True,False,success,saved,True,False,False,85,15,0,0,5,15
ppo_no_barriers,ppo,7,stochastic,56,50056,5.0,15,True,False,success,saved,True,False,False,85,15,0,0,5,15
ppo_no_barriers,ppo,7,stochastic,57,50057,5.0,15,True,False,success,saved,True,False,False,85,15,0,0,5,15
ppo_no_barriers,ppo,7,stochastic,58,50058,5.0,15,True,False,success,saved,True,False,False,85,15,0,0,5,15
ppo_no_barriers,ppo,7,stochastic,59,50059,5.0,15,True,False,success,saved,True,False,False,85,15,0,0,5,15
ppo_no_barriers,ppo,7,stochastic,60,50060,5.0,15,True,False,success,saved,True,False,False,85,15,0,0,5,15
ppo_no_barriers,ppo,7,stochastic,61,50061,5.0,15,True,False,success,saved,True,False,False,85,15,0,0,5,15
ppo_no_barriers,ppo,7,stochastic,62,50062,5.0,15,True,False,success,saved,True,False,False,85,15,0,0,5,15
ppo_no_barriers,ppo,7,stochastic,63,50063,5.0,15,True,False,success,saved,True,False,False,85,15,0,0,5,15
ppo_no_barriers,ppo,7,stochastic,64,50064,5.0,15,True,False,success,saved,True,False,False,85,15,0,0,5,15
ppo_no_barriers,ppo,7,stochastic,65,50065,5.0,15,True,False,success,saved,True,False,False,85,15,0,0,5,15
ppo_no_barriers,ppo,7,stochastic,66,50066,5.0,15,True,False,success,saved,True,False,False,85,15,0,0,5,15
ppo_no_barriers,ppo,7,stochastic,67,50067,5.0,15,True,False,success,saved,True,False,False,85,15,0,0,5,15
ppo_no_barriers,ppo,7,stochastic,68,50068,5.0,15,True,False,success,saved,True,False,False,85,15,0,0,5,15
ppo_no_barriers,ppo,7,stochastic,69,50069,5.0,15,True,False,success,saved,True,False,False,85,15,0,0,5,15
ppo_no_barriers,ppo,7,stochastic,70,50070,5.0,15,True,False,success,saved,True,False,False,85,15,0,0,5,15
ppo_no_barriers,ppo,7,stochastic,71,50071,5.0,15,True,False,success,saved,True,False,False,85,15,0,0,5,15
ppo_no_barriers,ppo,7,stochastic,72,50072,5.0,15,True,False,success,saved,True,False,False,85,15,0,0,5,15
ppo_no_barriers,ppo,7,stochastic,73,50073,5.0,15,True,False,success,saved,True,False,False,85,15,0,0,5,15
ppo_no_barriers,ppo,7,stochastic,74,50074,5.0,15,True,False,success,saved,True,False,False,85,15,0,0,5,15
ppo_no_barriers,ppo,7,stochastic,75,50075,5.0,15,True,False,success,saved,True,False,False,85,15,0,0,5,15
ppo_no_barriers,ppo,7,stochastic,76,50076,5.0,15,True,False,success,saved,True,False,False,85,15,0,0,5,15
ppo_no_barriers,ppo,7,stochastic,77,50077,5.0,15,True,False,success,saved,True,False,False,85,15,0,0,5,15
ppo_no_barriers,ppo,7,stochastic,78,50078,5.0,15,True,False,success,saved,True,False,False,85,15,0,0,5,15
ppo_no_barriers,ppo,7,stochastic,79,50079,5.0,15,True,False,success,saved,True,False,False,85,15,0,0,5,15
ppo_no_barriers,ppo,7,stochastic,80,50080,5.0,15,True,False,success,saved,True,False,False,85,15,0,0,5,15
ppo_no_barriers,ppo,7,stochastic,81,50081,5.0,15,True,False,success,saved,True,False,False,85,15,0,0,5,15
ppo_no_barriers,ppo,7,stochastic,82,50082,5.0,15,True,False,success,saved,True,False,False,85,15,0,0,5,15
ppo_no_barriers,ppo,7,stochastic,83,50083,5.0,15,True,False,success,saved,True,False,False,85,15,0,0,5,15
ppo_no_barriers,ppo,7,stochastic,84,50084,5.0,15,True,False,success,saved,True,False,False,85,15,0,0,5,15
ppo_no_barriers,ppo,7,stochastic,85,50085,5.0,15,True,False,success,saved,True,False,False,85,15,0,0,5,15
ppo_no_barriers,ppo,7,stochastic,86,50086,5.0,15,True,False,success,saved,True,False,False,85,15,0,0,5,15
ppo_no_barriers,ppo,7,stochastic,87,50087,5.0,15,True,False,success,saved,True,False,False,85,15,0,0,5,15
ppo_no_barriers,ppo,7,stochastic,88,50088,5.0,15,True,False,success,saved,True,False,False,85,15,0,0,5,15
ppo_no_barriers,ppo,7,stochastic,89,50089,5.0,15,True,False,success,saved,True,False,False,85,15,0,0,5,15
ppo_no_barriers,ppo,7,stochastic,90,50090,5.0,15,True,False,success,saved,True,False,False,85,15,0,0,5,15
ppo_no_barriers,ppo,7,stochastic,91,50091,5.0,15,True,False,success,saved,True,False,False,85,15,0,0,5,15
ppo_no_barriers,ppo,7,stochastic,92,50092,5.0,15,True,False,success,saved,True,False,False,85,15,0,0,5,15
ppo_no_barriers,ppo,7,stochastic,93,50093,5.0,15,True,False,success,saved,True,False,False,85,15,0,0,5,15
ppo_no_barriers,ppo,7,stochastic,94,50094,5.0,15,True,False,success,saved,True,False,False,85,15,0,0,5,15
ppo_no_barriers,ppo,7,stochastic,95,50095,5.0,15,True,False,success,saved,True,False,False,85,15,0,0,5,15
ppo_no_barriers,ppo,7,stochastic,96,50096,5.0,15,True,False,success,saved,True,False,False,85,15,0,0,5,15
ppo_no_barriers,ppo,7,stochastic,97,50097,5.0,15,True,False,success,saved,True,False,False,85,15,0,0,5,15
ppo_no_barriers,ppo,7,stochastic,98,50098,5.0,15,True,False,success,saved,True,False,False,85,15,0,0,5,15
ppo_no_barriers,ppo,7,stochastic,99,50099,5.0,15,True,False,success,saved,True,False,False,85,15,0,0,5,15
ppo_no_barriers,ppo,314,deterministic,0,50000,5.0,15,True,False,success,saved,True,False,False,85,15,0,0,5,15
ppo_no_barriers,ppo,314,deterministic,1,50001,5.0,15,True,False,success,saved,True,False,False,85,15,0,0,5,15
ppo_no_barriers,ppo,314,deterministic,2,50002,5.0,15,True,False,success,saved,True,False,False,85,15,0,0,5,15
ppo_no_barriers,ppo,314,deterministic,3,50003,5.0,15,True,False,success,saved,True,False,False,85,15,0,0,5,15
ppo_no_barriers,ppo,314,deterministic,4,50004,5.0,15,True,False,success,saved,True,False,False,85,15,0,0,5,15
ppo_no_barriers,ppo,314,deterministic,5,50005,5.0,15,True,False,success,saved,True,False,False,85,15,0,0,5,15
ppo_no_barriers,ppo,314,deterministic,6,50006,5.0,15,True,False,success,saved,True,False,False,85,15,0,0,5,15
ppo_no_barriers,ppo,314,deterministic,7,50007,5.0,15,True,False,success,saved,True,False,False,79,21,0,0,5,15
ppo_no_barriers,ppo,314,deterministic,8,50008,5.0,15,True,False,success,saved,True,False,False,85,15,0,0,5,15
ppo_no_barriers,ppo,314,deterministic,9,50009,5.0,15,True,False,success,saved,True,False,False,83,17,0,0,5,15
ppo_no_barriers,ppo,314,deterministic,10,50010,5.0,15,True,False,success,saved,True,False,False,85,15,0,0,5,15
ppo_no_barriers,ppo,314,deterministic,11,50011,5.0,15,True,False,success,saved,True,False,False,85,15,0,0,5,15
ppo_no_barriers,ppo,314,deterministic,12,50012,5.0,15,True,False,success,saved,True,False,False,85,15,0,0,5,15
ppo_no_barriers,ppo,314,deterministic,13,50013,5.0,15,True,False,success,saved,True,False,False,85,15,0,0,5,15
ppo_no_barriers,ppo,314,deterministic,14,50014,5.0,15,True,False,success,saved,True,False,False,85,15,0,0,5,15
ppo_no_barriers,ppo,314,deterministic,15,50015,-100.0,100,False,True,max_steps,with_robot,False,False,False,85,15,0,0,5,
ppo_no_barriers,ppo,314,deterministic,16,50016,5.0,15,True,False,success,saved,True,False,False,85,15,0,0,5,15
ppo_no_barriers,ppo,314,deterministic,17,50017,5.0,15,True,False,success,saved,True,False,False,85,15,0,0,5,15
ppo_no_barriers,ppo,314,deterministic,18,50018,5.0,15,True,False,success,saved,True,False,False,85,15,0,0,5,15
ppo_no_barriers,ppo,314,deterministic,19,50019,5.0,15,True,False,success,saved,True,False,False,85,15,0,0,5,15
ppo_no_barriers,ppo,314,deterministic,20,50020,5.0,15,True,False,success,saved,True,False,False,85,15,0,0,5,15
ppo_no_barriers,ppo,314,deterministic,21,50021,5.0,15,True,False,success,saved,True,False,False,85,15,0,0,5,15
ppo_no_barriers,ppo,314,deterministic,22,50022,5.0,15,True,False,success,saved,True,False,False,85,15,0,0,5,15
ppo_no_barriers,ppo,314,deterministic,23,50023,5.0,15,True,False,success,saved,True,False,False,85,15,0,0,5,15
ppo_no_barriers,ppo,314,deterministic,24,50024,5.0,15,True,False,success,saved,True,False,False,85,15,0,0,5,15
ppo_no_barriers,ppo,314,deterministic,25,50025,5.0,15,True,False,success,saved,True,False,False,85,15,0,0,5,15
ppo_no_barriers,ppo,314,deterministic,26,50026,5.0,15,True,False,success,saved,True,False,False,85,15,0,0,5,15
ppo_no_barriers,ppo,314,deterministic,27,50027,2.0,18,True,False,success,saved,True,False,False,85,15,0,0,5,18
ppo_no_barriers,ppo,314,deterministic,28,50028,5.0,15,True,False,success,saved,True,False,False,85,15,0,0,5,15
ppo_no_barriers,ppo,314,deterministic,29,50029,5.0,15,True,False,success,saved,True,False,False,85,15,0,0,5,15
ppo_no_barriers,ppo,314,deterministic,30,50030,5.0,15,True,False,success,saved,True,False,False,85,15,0,0,5,15
ppo_no_barriers,ppo,314,deterministic,31,50031,5.0,15,True,False,success,saved,True,False,False,85,15,0,0,5,15
ppo_no_barriers,ppo,314,deterministic,32,50032,5.0,15,True,False,success,saved,True,False,False,85,15,0,0,5,15
ppo_no_barriers,ppo,314,deterministic,33,50033,5.0,15,True,False,success,saved,True,False,False,85,15,0,0,5,15
ppo_no_barriers,ppo,314,deterministic,34,50034,5.0,15,True,False,success,saved,True,False,False,85,15,0,0,5,15
ppo_no_barriers,ppo,314,deterministic,35,50035,5.0,15,True,False,success,saved,True,False,False,85,15,0,0,5,15
ppo_no_barriers,ppo,314,deterministic,36,50036,5.0,15,True,False,success,saved,True,False,False,85,15,0,0,5,15
ppo_no_barriers,ppo,314,deterministic,37,50037,5.0,15,True,False,success,saved,True,False,False,85,15,0,0,5,15
ppo_no_barriers,ppo,314,deterministic,38,50038,5.0,15,True,False,success,saved,True,False,False,85,15,0,0,5,15
ppo_no_barriers,ppo,314,deterministic,39,50039,5.0,15,True,False,success,saved,True,False,False,85,15,0,0,5,15
ppo_no_barriers,ppo,314,deterministic,40,50040,5.0,15,True,False,success,saved,True,False,False,85,15,0,0,5,15
ppo_no_barriers,ppo,314,deterministic,41,50041,5.0,15,True,False,success,saved,True,False,False,85,15,0,0,5,15
ppo_no_barriers,ppo,314,deterministic,42,50042,5.0,15,True,False,success,saved,True,False,False,85,15,0,0,5,15
ppo_no_barriers,ppo,314,deterministic,43,50043,5.0,15,True,False,success,saved,True,False,False,85,15,0,0,5,15
ppo_no_barriers,ppo,314,deterministic,44,50044,5.0,15,True,False,success,saved,True,False,False,85,15,0,0,5,15
ppo_no_barriers,ppo,314,deterministic,45,50045,5.0,15,True,False,success,saved,True,False,False,85,15,0,0,5,15
ppo_no_barriers,ppo,314,deterministic,46,50046,5.0,15,True,False,success,saved,True,False,False,85,15,0,0,5,15
ppo_no_barriers,ppo,314,deterministic,47,50047,5.0,15,True,False,success,saved,True,False,False,85,15,0,0,5,15
ppo_no_barriers,ppo,314,deterministic,48,50048,5.0,15,True,False,success,saved,True,False,False,83,17,0,0,5,15
ppo_no_barriers,ppo,314,deterministic,49,50049,5.0,15,True,False,success,saved,True,False,False,85,15,0,0,5,15
ppo_no_barriers,ppo,314,deterministic,50,50050,5.0,15,True,False,success,saved,True,False,False,85,15,0,0,5,15
ppo_no_barriers,ppo,314,deterministic,51,50051,5.0,15,True,False,success,saved,True,False,False,85,15,0,0,5,15
ppo_no_barriers,ppo,314,deterministic,52,50052,5.0,15,True,False,success,saved,True,False,False,85,15,0,0,5,15
ppo_no_barriers,ppo,314,deterministic,53,50053,5.0,15,True,False,success,saved,True,False,False,85,15,0,0,5,15
ppo_no_barriers,ppo,314,deterministic,54,50054,5.0,15,True,False,success,saved,True,False,False,85,15,0,0,5,15
ppo_no_barriers,ppo,314,deterministic,55,50055,5.0,15,True,False,success,saved,True,False,False,85,15,0,0,5,15
ppo_no_barriers,ppo,314,deterministic,56,50056,5.0,15,True,False,success,saved,True,False,False,85,15,0,0,5,15
ppo_no_barriers,ppo,314,deterministic,57,50057,5.0,15,True,False,success,saved,True,False,False,85,15,0,0,5,15
ppo_no_barriers,ppo,314,deterministic,58,50058,5.0,15,True,False,success,saved,True,False,False,85,15,0,0,5,15
ppo_no_barriers,ppo,314,deterministic,59,50059,5.0,15,True,False,success,saved,True,False,False,85,15,0,0,5,15
ppo_no_barriers,ppo,314,deterministic,60,50060,5.0,15,True,False,success,saved,True,False,False,85,15,0,0,5,15
ppo_no_barriers,ppo,314,deterministic,61,50061,5.0,15,True,False,success,saved,True,False,False,85,15,0,0,5,15
ppo_no_barriers,ppo,314,deterministic,62,50062,5.0,15,True,False,success,saved,True,False,False,85,15,0,0,5,15
ppo_no_barriers,ppo,314,deterministic,63,50063,5.0,15,True,False,success,saved,True,False,False,85,15,0,0,5,15
ppo_no_barriers,ppo,314,deterministic,64,50064,5.0,15,True,False,success,saved,True,False,False,85,15,0,0,5,15
ppo_no_barriers,ppo,314,deterministic,65,50065,5.0,15,True,False,success,saved,True,False,False,85,15,0,0,5,15
ppo_no_barriers,ppo,314,deterministic,66,50066,5.0,15,True,False,success,saved,True,False,False,85,15,0,0,5,15
ppo_no_barriers,ppo,314,deterministic,67,50067,5.0,15,True,False,success,saved,True,False,False,85,15,0,0,5,15
ppo_no_barriers,ppo,314,deterministic,68,50068,5.0,15,True,False,success,saved,True,False,False,85,15,0,0,5,15
ppo_no_barriers,ppo,314,deterministic,69,50069,5.0,15,True,False,success,saved,True,False,False,85,15,0,0,5,15
ppo_no_barriers,ppo,314,deterministic,70,50070,5.0,15,True,False,success,saved,True,False,False,85,15,0,0,5,15
ppo_no_barriers,ppo,314,deterministic,71,50071,5.0,15,True,False,success,saved,True,False,False,85,15,0,0,5,15
ppo_no_barriers,ppo,314,deterministic,72,50072,5.0,15,True,False,success,saved,True,False,False,85,15,0,0,5,15
ppo_no_barriers,ppo,314,deterministic,73,50073,5.0,15,True,False,success,saved,True,False,False,85,15,0,0,5,15
ppo_no_barriers,ppo,314,deterministic,74,50074,5.0,15,True,False,success,saved,True,False,False,85,15,0,0,5,15
ppo_no_barriers,ppo,314,deterministic,75,50075,5.0,15,True,False,success,saved,True,False,False,85,15,0,0,5,15
ppo_no_barriers,ppo,314,deterministic,76,50076,5.0,15,True,False,success,saved,True,False,False,85,15,0,0,5,15
ppo_no_barriers,ppo,314,deterministic,77,50077,5.0,15,True,False,success,saved,True,False,False,85,15,0,0,5,15
ppo_no_barriers,ppo,314,deterministic,78,50078,5.0,15,True,False,success,saved,True,False,False,85,15,0,0,5,15
ppo_no_barriers,ppo,314,deterministic,79,50079,5.0,15,True,False,success,saved,True,False,False,85,15,0,0,5,15
ppo_no_barriers,ppo,314,deterministic,80,50080,5.0,15,True,False,success,saved,True,False,False,85,15,0,0,5,15
ppo_no_barriers,ppo,314,deterministic,81,50081,5.0,15,True,False,success,saved,True,False,False,85,15,0,0,5,15
ppo_no_barriers,ppo,314,deterministic,82,50082,5.0,15,True,False,success,saved,True,False,False,85,15,0,0,5,15
ppo_no_barriers,ppo,314,deterministic,83,50083,5.0,15,True,False,success,saved,True,False,False,85,15,0,0,5,15
ppo_no_barriers,ppo,314,deterministic,84,50084,5.0,15,True,False,success,saved,True,False,False,85,15,0,0,5,15
ppo_no_barriers,ppo,314,deterministic,85,50085,5.0,15,True,False,success,saved,True,False,False,85,15,0,0,5,15
ppo_no_barriers,ppo,314,deterministic,86,50086,5.0,15,True,False,success,saved,True,False,False,85,15,0,0,5,15
ppo_no_barriers,ppo,314,deterministic,87,50087,5.0,15,True,False,success,saved,True,False,False,85,15,0,0,5,15
ppo_no_barriers,ppo,314,deterministic,88,50088,5.0,15,True,False,success,saved,True,False,False,85,15,0,0,5,15
ppo_no_barriers,ppo,314,deterministic,89,50089,5.0,15,True,False,success,saved,True,False,False,85,15,0,0,5,15
ppo_no_barriers,ppo,314,deterministic,90,50090,5.0,15,True,False,success,saved,True,False,False,85,15,0,0,5,15
ppo_no_barriers,ppo,314,deterministic,91,50091,5.0,15,True,False,success,saved,True,False,False,85,15,0,0,5,15
ppo_no_barriers,ppo,314,deterministic,92,50092,5.0,15,True,False,success,saved,True,False,False,85,15,0,0,5,15
ppo_no_barriers,ppo,314,deterministic,93,50093,-7.0,27,True,False,success,saved,True,False,False,85,15,0,0,5,27
ppo_no_barriers,ppo,314,deterministic,94,50094,5.0,15,True,False,success,saved,True,False,False,85,15,0,0,5,15
ppo_no_barriers,ppo,314,deterministic,95,50095,5.0,15,True,False,success,saved,True,False,False,85,15,0,0,5,15
ppo_no_barriers,ppo,314,deterministic,96,50096,5.0,15,True,False,success,saved,True,False,False,85,15,0,0,5,15
ppo_no_barriers,ppo,314,deterministic,97,50097,5.0,15,True,False,success,saved,True,False,False,85,15,0,0,5,15
ppo_no_barriers,ppo,314,deterministic,98,50098,5.0,15,True,False,success,saved,True,False,False,85,15,0,0,5,15
ppo_no_barriers,ppo,314,deterministic,99,50099,5.0,15,True,False,success,saved,True,False,False,85,15,0,0,5,15
ppo_no_barriers,ppo,314,stochastic,0,50000,5.0,15,True,False,success,saved,True,False,False,85,15,0,0,5,15
ppo_no_barriers,ppo,314,stochastic,1,50001,5.0,15,True,False,success,saved,True,False,False,85,15,0,0,5,15
ppo_no_barriers,ppo,314,stochastic,2,50002,5.0,15,True,False,success,saved,True,False,False,85,15,0,0,5,15
ppo_no_barriers,ppo,314,stochastic,3,50003,5.0,15,True,False,success,saved,True,False,False,85,15,0,0,5,15
ppo_no_barriers,ppo,314,stochastic,4,50004,5.0,15,True,False,success,saved,True,False,False,85,15,0,0,5,15
ppo_no_barriers,ppo,314,stochastic,5,50005,5.0,15,True,False,success,saved,True,False,False,85,15,0,0,5,15
ppo_no_barriers,ppo,314,stochastic,6,50006,5.0,15,True,False,success,saved,True,False,False,85,15,0,0,5,15
ppo_no_barriers,ppo,314,stochastic,7,50007,5.0,15,True,False,success,saved,True,False,False,79,21,0,0,5,15
ppo_no_barriers,ppo,314,stochastic,8,50008,5.0,15,True,False,success,saved,True,False,False,85,15,0,0,5,15
ppo_no_barriers,ppo,314,stochastic,9,50009,5.0,15,True,False,success,saved,True,False,False,83,17,0,0,5,15
ppo_no_barriers,ppo,314,stochastic,10,50010,5.0,15,True,False,success,saved,True,False,False,85,15,0,0,5,15
ppo_no_barriers,ppo,314,stochastic,11,50011,5.0,15,True,False,success,saved,True,False,False,85,15,0,0,5,15
ppo_no_barriers,ppo,314,stochastic,12,50012,5.0,15,True,False,success,saved,True,False,False,85,15,0,0,5,15
ppo_no_barriers,ppo,314,stochastic,13,50013,5.0,15,True,False,success,saved,True,False,False,85,15,0,0,5,15
ppo_no_barriers,ppo,314,stochastic,14,50014,5.0,15,True,False,success,saved,True,False,False,85,15,0,0,5,15
ppo_no_barriers,ppo,314,stochastic,15,50015,-100.0,100,False,True,max_steps,with_robot,False,False,False,81,19,0,0,5,
ppo_no_barriers,ppo,314,stochastic,16,50016,5.0,15,True,False,success,saved,True,False,False,85,15,0,0,5,15
ppo_no_barriers,ppo,314,stochastic,17,50017,5.0,15,True,False,success,saved,True,False,False,85,15,0,0,5,15
ppo_no_barriers,ppo,314,stochastic,18,50018,5.0,15,True,False,success,saved,True,False,False,85,15,0,0,5,15
ppo_no_barriers,ppo,314,stochastic,19,50019,5.0,15,True,False,success,saved,True,False,False,85,15,0,0,5,15
ppo_no_barriers,ppo,314,stochastic,20,50020,5.0,15,True,False,success,saved,True,False,False,85,15,0,0,5,15
ppo_no_barriers,ppo,314,stochastic,21,50021,5.0,15,True,False,success,saved,True,False,False,85,15,0,0,5,15
ppo_no_barriers,ppo,314,stochastic,22,50022,5.0,15,True,False,success,saved,True,False,False,85,15,0,0,5,15
ppo_no_barriers,ppo,314,stochastic,23,50023,5.0,15,True,False,success,saved,True,False,False,85,15,0,0,5,15
ppo_no_barriers,ppo,314,stochastic,24,50024,5.0,15,True,False,success,saved,True,False,False,85,15,0,0,5,15
ppo_no_barriers,ppo,314,stochastic,25,50025,5.0,15,True,False,success,saved,True,False,False,85,15,0,0,5,15
ppo_no_barriers,ppo,314,stochastic,26,50026,5.0,15,True,False,success,saved,True,False,False,85,15,0,0,5,15
ppo_no_barriers,ppo,314,stochastic,27,50027,1.0,19,True,False,success,saved,True,False,False,85,15,0,0,5,19
ppo_no_barriers,ppo,314,stochastic,28,50028,5.0,15,True,False,success,saved,True,False,False,85,15,0,0,5,15
ppo_no_barriers,ppo,314,stochastic,29,50029,5.0,15,True,False,success,saved,True,False,False,85,15,0,0,5,15
ppo_no_barriers,ppo,314,stochastic,30,50030,5.0,15,True,False,success,saved,True,False,False,85,15,0,0,5,15
ppo_no_barriers,ppo,314,stochastic,31,50031,5.0,15,True,False,success,saved,True,False,False,85,15,0,0,5,15
ppo_no_barriers,ppo,314,stochastic,32,50032,5.0,15,True,False,success,saved,True,False,False,85,15,0,0,5,15
ppo_no_barriers,ppo,314,stochastic,33,50033,5.0,15,True,False,success,saved,True,False,False,85,15,0,0,5,15
ppo_no_barriers,ppo,314,stochastic,34,50034,5.0,15,True,False,success,saved,True,False,False,85,15,0,0,5,15
ppo_no_barriers,ppo,314,stochastic,35,50035,5.0,15,True,False,success,saved,True,False,False,85,15,0,0,5,15
ppo_no_barriers,ppo,314,stochastic,36,50036,5.0,15,True,False,success,saved,True,False,False,85,15,0,0,5,15
ppo_no_barriers,ppo,314,stochastic,37,50037,5.0,15,True,False,success,saved,True,False,False,85,15,0,0,5,15
ppo_no_barriers,ppo,314,stochastic,38,50038,5.0,15,True,False,success,saved,True,False,False,85,15,0,0,5,15
ppo_no_barriers,ppo,314,stochastic,39,50039,5.0,15,True,False,success,saved,True,False,False,85,15,0,0,5,15
ppo_no_barriers,ppo,314,stochastic,40,50040,5.0,15,True,False,success,saved,True,False,False,85,15,0,0,5,15
ppo_no_barriers,ppo,314,stochastic,41,50041,5.0,15,True,False,success,saved,True,False,False,85,15,0,0,5,15
ppo_no_barriers,ppo,314,stochastic,42,50042,5.0,15,True,False,success,saved,True,False,False,85,15,0,0,5,15
ppo_no_barriers,ppo,314,stochastic,43,50043,5.0,15,True,False,success,saved,True,False,False,85,15,0,0,5,15
ppo_no_barriers,ppo,314,stochastic,44,50044,5.0,15,True,False,success,saved,True,False,False,85,15,0,0,5,15
ppo_no_barriers,ppo,314,stochastic,45,50045,5.0,15,True,False,success,saved,True,False,False,85,15,0,0,5,15
ppo_no_barriers,ppo,314,stochastic,46,50046,5.0,15,True,False,success,saved,True,False,False,85,15,0,0,5,15
ppo_no_barriers,ppo,314,stochastic,47,50047,5.0,15,True,False,success,saved,True,False,False,85,15,0,0,5,15
ppo_no_barriers,ppo,314,stochastic,48,50048,5.0,15,True,False,success,saved,True,False,False,83,17,0,0,5,15
ppo_no_barriers,ppo,314,stochastic,49,50049,5.0,15,True,False,success,saved,True,False,False,85,15,0,0,5,15
ppo_no_barriers,ppo,314,stochastic,50,50050,5.0,15,True,False,success,saved,True,False,False,85,15,0,0,5,15
ppo_no_barriers,ppo,314,stochastic,51,50051,5.0,15,True,False,success,saved,True,False,False,85,15,0,0,5,15
ppo_no_barriers,ppo,314,stochastic,52,50052,5.0,15,True,False,success,saved,True,False,False,85,15,0,0,5,15
ppo_no_barriers,ppo,314,stochastic,53,50053,5.0,15,True,False,success,saved,True,False,False,85,15,0,0,5,15
ppo_no_barriers,ppo,314,stochastic,54,50054,5.0,15,True,False,success,saved,True,False,False,85,15,0,0,5,15
ppo_no_barriers,ppo,314,stochastic,55,50055,5.0,15,True,False,success,saved,True,False,False,85,15,0,0,5,15
ppo_no_barriers,ppo,314,stochastic,56,50056,5.0,15,True,False,success,saved,True,False,False,85,15,0,0,5,15
ppo_no_barriers,ppo,314,stochastic,57,50057,5.0,15,True,False,success,saved,True,False,False,85,15,0,0,5,15
ppo_no_barriers,ppo,314,stochastic,58,50058,5.0,15,True,False,success,saved,True,False,False,85,15,0,0,5,15
ppo_no_barriers,ppo,314,stochastic,59,50059,5.0,15,True,False,success,saved,True,False,False,85,15,0,0,5,15
ppo_no_barriers,ppo,314,stochastic,60,50060,5.0,15,True,False,success,saved,True,False,False,85,15,0,0,5,15
ppo_no_barriers,ppo,314,stochastic,61,50061,5.0,15,True,False,success,saved,True,False,False,85,15,0,0,5,15
ppo_no_barriers,ppo,314,stochastic,62,50062,5.0,15,True,False,success,saved,True,False,False,85,15,0,0,5,15
ppo_no_barriers,ppo,314,stochastic,63,50063,5.0,15,True,False,success,saved,True,False,False,85,15,0,0,5,15
ppo_no_barriers,ppo,314,stochastic,64,50064,5.0,15,True,False,success,saved,True,False,False,85,15,0,0,5,15
ppo_no_barriers,ppo,314,stochastic,65,50065,5.0,15,True,False,success,saved,True,False,False,85,15,0,0,5,15
ppo_no_barriers,ppo,314,stochastic,66,50066,5.0,15,True,False,success,saved,True,False,False,85,15,0,0,5,15
ppo_no_barriers,ppo,314,stochastic,67,50067,5.0,15,True,False,success,saved,True,False,False,85,15,0,0,5,15
ppo_no_barriers,ppo,314,stochastic,68,50068,5.0,15,True,False,success,saved,True,False,False,85,15,0,0,5,15
ppo_no_barriers,ppo,314,stochastic,69,50069,5.0,15,True,False,success,saved,True,False,False,85,15,0,0,5,15
ppo_no_barriers,ppo,314,stochastic,70,50070,5.0,15,True,False,success,saved,True,False,False,85,15,0,0,5,15
ppo_no_barriers,ppo,314,stochastic,71,50071,5.0,15,True,False,success,saved,True,False,False,85,15,0,0,5,15
ppo_no_barriers,ppo,314,stochastic,72,50072,5.0,15,True,False,success,saved,True,False,False,85,15,0,0,5,15
ppo_no_barriers,ppo,314,stochastic,73,50073,5.0,15,True,False,success,saved,True,False,False,85,15,0,0,5,15
ppo_no_barriers,ppo,314,stochastic,74,50074,5.0,15,True,False,success,saved,True,False,False,85,15,0,0,5,15
ppo_no_barriers,ppo,314,stochastic,75,50075,5.0,15,True,False,success,saved,True,False,False,85,15,0,0,5,15
ppo_no_barriers,ppo,314,stochastic,76,50076,5.0,15,True,False,success,saved,True,False,False,85,15,0,0,5,15
ppo_no_barriers,ppo,314,stochastic,77,50077,5.0,15,True,False,success,saved,True,False,False,85,15,0,0,5,15
ppo_no_barriers,ppo,314,stochastic,78,50078,5.0,15,True,False,success,saved,True,False,False,85,15,0,0,5,15
ppo_no_barriers,ppo,314,stochastic,79,50079,5.0,15,True,False,success,saved,True,False,False,85,15,0,0,5,15
ppo_no_barriers,ppo,314,stochastic,80,50080,5.0,15,True,False,success,saved,True,False,False,85,15,0,0,5,15
ppo_no_barriers,ppo,314,stochastic,81,50081,5.0,15,True,False,success,saved,True,False,False,85,15,0,0,5,15
ppo_no_barriers,ppo,314,stochastic,82,50082,5.0,15,True,False,success,saved,True,False,False,85,15,0,0,5,15
ppo_no_barriers,ppo,314,stochastic,83,50083,5.0,15,True,False,success,saved,True,False,False,85,15,0,0,5,15
ppo_no_barriers,ppo,314,stochastic,84,50084,5.0,15,True,False,success,saved,True,False,False,85,15,0,0,5,15
ppo_no_barriers,ppo,314,stochastic,85,50085,5.0,15,True,False,success,saved,True,False,False,85,15,0,0,5,15
ppo_no_barriers,ppo,314,stochastic,86,50086,5.0,15,True,False,success,saved,True,False,False,85,15,0,0,5,15
ppo_no_barriers,ppo,314,stochastic,87,50087,5.0,15,True,False,success,saved,True,False,False,85,15,0,0,5,15
ppo_no_barriers,ppo,314,stochastic,88,50088,5.0,15,True,False,success,saved,True,False,False,85,15,0,0,5,15
ppo_no_barriers,ppo,314,stochastic,89,50089,5.0,15,True,False,success,saved,True,False,False,85,15,0,0,5,15
ppo_no_barriers,ppo,314,stochastic,90,50090,5.0,15,True,False,success,saved,True,False,False,85,15,0,0,5,15
ppo_no_barriers,ppo,314,stochastic,91,50091,5.0,15,True,False,success,saved,True,False,False,85,15,0,0,5,15
ppo_no_barriers,ppo,314,stochastic,92,50092,5.0,15,True,False,success,saved,True,False,False,85,15,0,0,5,15
ppo_no_barriers,ppo,314,stochastic,93,50093,0.0,20,True,False,success,saved,True,False,False,85,15,0,0,5,20
ppo_no_barriers,ppo,314,stochastic,94,50094,5.0,15,True,False,success,saved,True,False,False,85,15,0,0,5,15
ppo_no_barriers,ppo,314,stochastic,95,50095,5.0,15,True,False,success,saved,True,False,False,85,15,0,0,5,15
ppo_no_barriers,ppo,314,stochastic,96,50096,5.0,15,True,False,success,saved,True,False,False,85,15,0,0,5,15
ppo_no_barriers,ppo,314,stochastic,97,50097,5.0,15,True,False,success,saved,True,False,False,85,15,0,0,5,15
ppo_no_barriers,ppo,314,stochastic,98,50098,5.0,15,True,False,success,saved,True,False,False,85,15,0,0,5,15
ppo_no_barriers,ppo,314,stochastic,99,50099,5.0,15,True,False,success,saved,True,False,False,85,15,0,0,5,15
ppo_no_shaping,ppo,42,deterministic,0,50000,5.0,15,True,False,success,saved,True,False,False,85,15,0,0,5,15
ppo_no_shaping,ppo,42,deterministic,1,50001,5.0,15,True,False,success,saved,True,False,False,85,15,0,0,5,15
ppo_no_shaping,ppo,42,deterministic,2,50002,5.0,15,True,False,success,saved,True,False,False,85,15,0,0,5,15
ppo_no_shaping,ppo,42,deterministic,3,50003,5.0,15,True,False,success,saved,True,False,False,85,15,0,0,5,15
ppo_no_shaping,ppo,42,deterministic,4,50004,5.0,15,True,False,success,saved,True,False,False,85,15,0,0,5,15
ppo_no_shaping,ppo,42,deterministic,5,50005,5.0,15,True,False,success,saved,True,False,False,85,15,0,0,5,15
ppo_no_shaping,ppo,42,deterministic,6,50006,5.0,15,True,False,success,saved,True,False,False,85,15,0,0,5,15
ppo_no_shaping,ppo,42,deterministic,7,50007,5.0,15,True,False,success,saved,True,False,False,85,15,0,0,5,15
ppo_no_shaping,ppo,42,deterministic,8,50008,5.0,15,True,False,success,saved,True,False,False,85,15,0,0,5,15
ppo_no_shaping,ppo,42,deterministic,9,50009,5.0,15,True,False,success,saved,True,False,False,85,15,0,0,5,15
ppo_no_shaping,ppo,42,deterministic,10,50010,5.0,15,True,False,success,saved,True,False,False,85,15,0,0,5,15
ppo_no_shaping,ppo,42,deterministic,11,50011,5.0,15,True,False,success,saved,True,False,False,85,15,0,0,5,15
ppo_no_shaping,ppo,42,deterministic,12,50012,5.0,15,True,False,success,saved,True,False,False,85,15,0,0,5,15
ppo_no_shaping,ppo,42,deterministic,13,50013,5.0,15,True,False,success,saved,True,False,False,85,15,0,0,5,15
ppo_no_shaping,ppo,42,deterministic,14,50014,5.0,15,True,False,success,saved,True,False,False,85,15,0,0,5,15
ppo_no_shaping,ppo,42,deterministic,15,50015,5.0,15,True,False,success,saved,True,False,False,85,15,0,0,5,15
ppo_no_shaping,ppo,42,deterministic,16,50016,5.0,15,True,False,success,saved,True,False,False,85,15,0,0,5,15
ppo_no_shaping,ppo,42,deterministic,17,50017,5.0,15,True,False,success,saved,True,False,False,85,15,0,0,5,15
ppo_no_shaping,ppo,42,deterministic,18,50018,5.0,15,True,False,success,saved,True,False,False,85,15,0,0,5,15
ppo_no_shaping,ppo,42,deterministic,19,50019,5.0,15,True,False,success,saved,True,False,False,85,15,0,0,5,15
ppo_no_shaping,ppo,42,deterministic,20,50020,5.0,15,True,False,success,saved,True,False,False,85,15,0,0,5,15
ppo_no_shaping,ppo,42,deterministic,21,50021,5.0,15,True,False,success,saved,True,False,False,85,15,0,0,5,15
ppo_no_shaping,ppo,42,deterministic,22,50022,5.0,15,True,False,success,saved,True,False,False,85,15,0,0,5,15
ppo_no_shaping,ppo,42,deterministic,23,50023,5.0,15,True,False,success,saved,True,False,False,85,15,0,0,5,15
ppo_no_shaping,ppo,42,deterministic,24,50024,5.0,15,True,False,success,saved,True,False,False,85,15,0,0,5,15
ppo_no_shaping,ppo,42,deterministic,25,50025,5.0,15,True,False,success,saved,True,False,False,85,15,0,0,5,15
ppo_no_shaping,ppo,42,deterministic,26,50026,5.0,15,True,False,success,saved,True,False,False,85,15,0,0,5,15
ppo_no_shaping,ppo,42,deterministic,27,50027,5.0,15,True,False,success,saved,True,False,False,85,15,0,0,5,15
ppo_no_shaping,ppo,42,deterministic,28,50028,5.0,15,True,False,success,saved,True,False,False,85,15,0,0,5,15
ppo_no_shaping,ppo,42,deterministic,29,50029,5.0,15,True,False,success,saved,True,False,False,85,15,0,0,5,15
ppo_no_shaping,ppo,42,deterministic,30,50030,5.0,15,True,False,success,saved,True,False,False,85,15,0,0,5,15
ppo_no_shaping,ppo,42,deterministic,31,50031,5.0,15,True,False,success,saved,True,False,False,85,15,0,0,5,15
ppo_no_shaping,ppo,42,deterministic,32,50032,5.0,15,True,False,success,saved,True,False,False,85,15,0,0,5,15
ppo_no_shaping,ppo,42,deterministic,33,50033,5.0,15,True,False,success,saved,True,False,False,85,15,0,0,5,15
ppo_no_shaping,ppo,42,deterministic,34,50034,5.0,15,True,False,success,saved,True,False,False,85,15,0,0,5,15
ppo_no_shaping,ppo,42,deterministic,35,50035,5.0,15,True,False,success,saved,True,False,False,85,15,0,0,5,15
ppo_no_shaping,ppo,42,deterministic,36,50036,5.0,15,True,False,success,saved,True,False,False,85,15,0,0,5,15
ppo_no_shaping,ppo,42,deterministic,37,50037,5.0,15,True,False,success,saved,True,False,False,85,15,0,0,5,15
ppo_no_shaping,ppo,42,deterministic,38,50038,5.0,15,True,False,success,saved,True,False,False,85,15,0,0,5,15
ppo_no_shaping,ppo,42,deterministic,39,50039,5.0,15,True,False,success,saved,True,False,False,85,15,0,0,5,15
ppo_no_shaping,ppo,42,deterministic,40,50040,5.0,15,True,False,success,saved,True,False,False,85,15,0,0,5,15
ppo_no_shaping,ppo,42,deterministic,41,50041,5.0,15,True,False,success,saved,True,False,False,85,15,0,0,5,15
ppo_no_shaping,ppo,42,deterministic,42,50042,5.0,15,True,False,success,saved,True,False,False,85,15,0,0,5,15
ppo_no_shaping,ppo,42,deterministic,43,50043,5.0,15,True,False,success,saved,True,False,False,85,15,0,0,5,15
ppo_no_shaping,ppo,42,deterministic,44,50044,5.0,15,True,False,success,saved,True,False,False,85,15,0,0,5,15
ppo_no_shaping,ppo,42,deterministic,45,50045,5.0,15,True,False,success,saved,True,False,False,85,15,0,0,5,15
ppo_no_shaping,ppo,42,deterministic,46,50046,5.0,15,True,False,success,saved,True,False,False,85,15,0,0,5,15
ppo_no_shaping,ppo,42,deterministic,47,50047,5.0,15,True,False,success,saved,True,False,False,85,15,0,0,5,15
ppo_no_shaping,ppo,42,deterministic,48,50048,5.0,15,True,False,success,saved,True,False,False,85,15,0,0,5,15
ppo_no_shaping,ppo,42,deterministic,49,50049,5.0,15,True,False,success,saved,True,False,False,85,15,0,0,5,15
ppo_no_shaping,ppo,42,deterministic,50,50050,5.0,15,True,False,success,saved,True,False,False,85,15,0,0,5,15
ppo_no_shaping,ppo,42,deterministic,51,50051,5.0,15,True,False,success,saved,True,False,False,85,15,0,0,5,15
ppo_no_shaping,ppo,42,deterministic,52,50052,5.0,15,True,False,success,saved,True,False,False,85,15,0,0,5,15
ppo_no_shaping,ppo,42,deterministic,53,50053,5.0,15,True,False,success,saved,True,False,False,85,15,0,0,5,15
ppo_no_shaping,ppo,42,deterministic,54,50054,5.0,15,True,False,success,saved,True,False,False,85,15,0,0,5,15
ppo_no_shaping,ppo,42,deterministic,55,50055,5.0,15,True,False,success,saved,True,False,False,85,15,0,0,5,15
ppo_no_shaping,ppo,42,deterministic,56,50056,5.0,15,True,False,success,saved,True,False,False,85,15,0,0,5,15
ppo_no_shaping,ppo,42,deterministic,57,50057,5.0,15,True,False,success,saved,True,False,False,85,15,0,0,5,15
ppo_no_shaping,ppo,42,deterministic,58,50058,5.0,15,True,False,success,saved,True,False,False,85,15,0,0,5,15
ppo_no_shaping,ppo,42,deterministic,59,50059,5.0,15,True,False,success,saved,True,False,False,85,15,0,0,5,15
ppo_no_shaping,ppo,42,deterministic,60,50060,5.0,15,True,False,success,saved,True,False,False,85,15,0,0,5,15
ppo_no_shaping,ppo,42,deterministic,61,50061,5.0,15,True,False,success,saved,True,False,False,85,15,0,0,5,15
ppo_no_shaping,ppo,42,deterministic,62,50062,5.0,15,True,False,success,saved,True,False,False,85,15,0,0,5,15
ppo_no_shaping,ppo,42,deterministic,63,50063,5.0,15,True,False,success,saved,True,False,False,85,15,0,0,5,15
ppo_no_shaping,ppo,42,deterministic,64,50064,5.0,15,True,False,success,saved,True,False,False,85,15,0,0,5,15
ppo_no_shaping,ppo,42,deterministic,65,50065,5.0,15,True,False,success,saved,True,False,False,85,15,0,0,5,15
ppo_no_shaping,ppo,42,deterministic,66,50066,5.0,15,True,False,success,saved,True,False,False,85,15,0,0,5,15
ppo_no_shaping,ppo,42,deterministic,67,50067,5.0,15,True,False,success,saved,True,False,False,85,15,0,0,5,15
ppo_no_shaping,ppo,42,deterministic,68,50068,5.0,15,True,False,success,saved,True,False,False,85,15,0,0,5,15
ppo_no_shaping,ppo,42,deterministic,69,50069,5.0,15,True,False,success,saved,True,False,False,85,15,0,0,5,15
ppo_no_shaping,ppo,42,deterministic,70,50070,5.0,15,True,False,success,saved,True,False,False,85,15,0,0,5,15
ppo_no_shaping,ppo,42,deterministic,71,50071,5.0,15,True,False,success,saved,True,False,False,85,15,0,0,5,15
ppo_no_shaping,ppo,42,deterministic,72,50072,5.0,15,True,False,success,saved,True,False,False,85,15,0,0,5,15
ppo_no_shaping,ppo,42,deterministic,73,50073,5.0,15,True,False,success,saved,True,False,False,85,15,0,0,5,15
ppo_no_shaping,ppo,42,deterministic,74,50074,5.0,15,True,False,success,saved,True,False,False,85,15,0,0,5,15
ppo_no_shaping,ppo,42,deterministic,75,50075,5.0,15,True,False,success,saved,True,False,False,85,15,0,0,5,15
ppo_no_shaping,ppo,42,deterministic,76,50076,5.0,15,True,False,success,saved,True,False,False,85,15,0,0,5,15
ppo_no_shaping,ppo,42,deterministic,77,50077,5.0,15,True,False,success,saved,True,False,False,85,15,0,0,5,15
ppo_no_shaping,ppo,42,deterministic,78,50078,5.0,15,True,False,success,saved,True,False,False,85,15,0,0,5,15
ppo_no_shaping,ppo,42,deterministic,79,50079,5.0,15,True,False,success,saved,True,False,False,85,15,0,0,5,15
ppo_no_shaping,ppo,42,deterministic,80,50080,5.0,15,True,False,success,saved,True,False,False,85,15,0,0,5,15
ppo_no_shaping,ppo,42,deterministic,81,50081,5.0,15,True,False,success,saved,True,False,False,85,15,0,0,5,15
ppo_no_shaping,ppo,42,deterministic,82,50082,5.0,15,True,False,success,saved,True,False,False,85,15,0,0,5,15
ppo_no_shaping,ppo,42,deterministic,83,50083,5.0,15,True,False,success,saved,True,False,False,85,15,0,0,5,15
ppo_no_shaping,ppo,42,deterministic,84,50084,5.0,15,True,False,success,saved,True,False,False,85,15,0,0,5,15
ppo_no_shaping,ppo,42,deterministic,85,50085,5.0,15,True,False,success,saved,True,False,False,85,15,0,0,5,15
ppo_no_shaping,ppo,42,deterministic,86,50086,5.0,15,True,False,success,saved,True,False,False,85,15,0,0,5,15
ppo_no_shaping,ppo,42,deterministic,87,50087,5.0,15,True,False,success,saved,True,False,False,85,15,0,0,5,15
ppo_no_shaping,ppo,42,deterministic,88,50088,5.0,15,True,False,success,saved,True,False,False,85,15,0,0,5,15
ppo_no_shaping,ppo,42,deterministic,89,50089,5.0,15,True,False,success,saved,True,False,False,85,15,0,0,5,15
ppo_no_shaping,ppo,42,deterministic,90,50090,5.0,15,True,False,success,saved,True,False,False,85,15,0,0,5,15
ppo_no_shaping,ppo,42,deterministic,91,50091,5.0,15,True,False,success,saved,True,False,False,85,15,0,0,5,15
ppo_no_shaping,ppo,42,deterministic,92,50092,5.0,15,True,False,success,saved,True,False,False,85,15,0,0,5,15
ppo_no_shaping,ppo,42,deterministic,93,50093,5.0,15,True,False,success,saved,True,False,False,85,15,0,0,5,15
ppo_no_shaping,ppo,42,deterministic,94,50094,5.0,15,True,False,success,saved,True,False,False,85,15,0,0,5,15
ppo_no_shaping,ppo,42,deterministic,95,50095,5.0,15,True,False,success,saved,True,False,False,85,15,0,0,5,15
ppo_no_shaping,ppo,42,deterministic,96,50096,5.0,15,True,False,success,saved,True,False,False,85,15,0,0,5,15
ppo_no_shaping,ppo,42,deterministic,97,50097,5.0,15,True,False,success,saved,True,False,False,85,15,0,0,5,15
ppo_no_shaping,ppo,42,deterministic,98,50098,5.0,15,True,False,success,saved,True,False,False,85,15,0,0,5,15
ppo_no_shaping,ppo,42,deterministic,99,50099,5.0,15,True,False,success,saved,True,False,False,85,15,0,0,5,15
ppo_no_shaping,ppo,42,stochastic,0,50000,5.0,15,True,False,success,saved,True,False,False,85,15,0,0,5,15
ppo_no_shaping,ppo,42,stochastic,1,50001,5.0,15,True,False,success,saved,True,False,False,85,15,0,0,5,15
ppo_no_shaping,ppo,42,stochastic,2,50002,5.0,15,True,False,success,saved,True,False,False,85,15,0,0,5,15
ppo_no_shaping,ppo,42,stochastic,3,50003,5.0,15,True,False,success,saved,True,False,False,85,15,0,0,5,15
ppo_no_shaping,ppo,42,stochastic,4,50004,5.0,15,True,False,success,saved,True,False,False,85,15,0,0,5,15
ppo_no_shaping,ppo,42,stochastic,5,50005,5.0,15,True,False,success,saved,True,False,False,85,15,0,0,5,15
ppo_no_shaping,ppo,42,stochastic,6,50006,5.0,15,True,False,success,saved,True,False,False,85,15,0,0,5,15
ppo_no_shaping,ppo,42,stochastic,7,50007,5.0,15,True,False,success,saved,True,False,False,85,15,0,0,5,15
ppo_no_shaping,ppo,42,stochastic,8,50008,5.0,15,True,False,success,saved,True,False,False,85,15,0,0,5,15
ppo_no_shaping,ppo,42,stochastic,9,50009,5.0,15,True,False,success,saved,True,False,False,85,15,0,0,5,15
ppo_no_shaping,ppo,42,stochastic,10,50010,5.0,15,True,False,success,saved,True,False,False,85,15,0,0,5,15
ppo_no_shaping,ppo,42,stochastic,11,50011,5.0,15,True,False,success,saved,True,False,False,85,15,0,0,5,15
ppo_no_shaping,ppo,42,stochastic,12,50012,5.0,15,True,False,success,saved,True,False,False,85,15,0,0,5,15
ppo_no_shaping,ppo,42,stochastic,13,50013,5.0,15,True,False,success,saved,True,False,False,85,15,0,0,5,15
ppo_no_shaping,ppo,42,stochastic,14,50014,5.0,15,True,False,success,saved,True,False,False,85,15,0,0,5,15
ppo_no_shaping,ppo,42,stochastic,15,50015,5.0,15,True,False,success,saved,True,False,False,85,15,0,0,5,15
ppo_no_shaping,ppo,42,stochastic,16,50016,5.0,15,True,False,success,saved,True,False,False,85,15,0,0,5,15
ppo_no_shaping,ppo,42,stochastic,17,50017,5.0,15,True,False,success,saved,True,False,False,85,15,0,0,5,15
ppo_no_shaping,ppo,42,stochastic,18,50018,5.0,15,True,False,success,saved,True,False,False,85,15,0,0,5,15
ppo_no_shaping,ppo,42,stochastic,19,50019,5.0,15,True,False,success,saved,True,False,False,85,15,0,0,5,15
ppo_no_shaping,ppo,42,stochastic,20,50020,5.0,15,True,False,success,saved,True,False,False,85,15,0,0,5,15
ppo_no_shaping,ppo,42,stochastic,21,50021,5.0,15,True,False,success,saved,True,False,False,85,15,0,0,5,15
ppo_no_shaping,ppo,42,stochastic,22,50022,5.0,15,True,False,success,saved,True,False,False,85,15,0,0,5,15
ppo_no_shaping,ppo,42,stochastic,23,50023,5.0,15,True,False,success,saved,True,False,False,85,15,0,0,5,15
ppo_no_shaping,ppo,42,stochastic,24,50024,5.0,15,True,False,success,saved,True,False,False,85,15,0,0,5,15
ppo_no_shaping,ppo,42,stochastic,25,50025,5.0,15,True,False,success,saved,True,False,False,85,15,0,0,5,15
ppo_no_shaping,ppo,42,stochastic,26,50026,5.0,15,True,False,success,saved,True,False,False,85,15,0,0,5,15
ppo_no_shaping,ppo,42,stochastic,27,50027,5.0,15,True,False,success,saved,True,False,False,85,15,0,0,5,15
ppo_no_shaping,ppo,42,stochastic,28,50028,5.0,15,True,False,success,saved,True,False,False,85,15,0,0,5,15
ppo_no_shaping,ppo,42,stochastic,29,50029,5.0,15,True,False,success,saved,True,False,False,85,15,0,0,5,15
ppo_no_shaping,ppo,42,stochastic,30,50030,5.0,15,True,False,success,saved,True,False,False,85,15,0,0,5,15
ppo_no_shaping,ppo,42,stochastic,31,50031,5.0,15,True,False,success,saved,True,False,False,85,15,0,0,5,15
ppo_no_shaping,ppo,42,stochastic,32,50032,5.0,15,True,False,success,saved,True,False,False,85,15,0,0,5,15
ppo_no_shaping,ppo,42,stochastic,33,50033,5.0,15,True,False,success,saved,True,False,False,85,15,0,0,5,15
ppo_no_shaping,ppo,42,stochastic,34,50034,5.0,15,True,False,success,saved,True,False,False,85,15,0,0,5,15
ppo_no_shaping,ppo,42,stochastic,35,50035,5.0,15,True,False,success,saved,True,False,False,85,15,0,0,5,15
ppo_no_shaping,ppo,42,stochastic,36,50036,5.0,15,True,False,success,saved,True,False,False,85,15,0,0,5,15
ppo_no_shaping,ppo,42,stochastic,37,50037,5.0,15,True,False,success,saved,True,False,False,85,15,0,0,5,15
ppo_no_shaping,ppo,42,stochastic,38,50038,5.0,15,True,False,success,saved,True,False,False,85,15,0,0,5,15
ppo_no_shaping,ppo,42,stochastic,39,50039,5.0,15,True,False,success,saved,True,False,False,85,15,0,0,5,15
ppo_no_shaping,ppo,42,stochastic,40,50040,5.0,15,True,False,success,saved,True,False,False,85,15,0,0,5,15
ppo_no_shaping,ppo,42,stochastic,41,50041,5.0,15,True,False,success,saved,True,False,False,85,15,0,0,5,15
ppo_no_shaping,ppo,42,stochastic,42,50042,5.0,15,True,False,success,saved,True,False,False,85,15,0,0,5,15
ppo_no_shaping,ppo,42,stochastic,43,50043,5.0,15,True,False,success,saved,True,False,False,85,15,0,0,5,15
ppo_no_shaping,ppo,42,stochastic,44,50044,5.0,15,True,False,success,saved,True,False,False,85,15,0,0,5,15
ppo_no_shaping,ppo,42,stochastic,45,50045,5.0,15,True,False,success,saved,True,False,False,85,15,0,0,5,15
ppo_no_shaping,ppo,42,stochastic,46,50046,5.0,15,True,False,success,saved,True,False,False,85,15,0,0,5,15
ppo_no_shaping,ppo,42,stochastic,47,50047,5.0,15,True,False,success,saved,True,False,False,85,15,0,0,5,15
ppo_no_shaping,ppo,42,stochastic,48,50048,5.0,15,True,False,success,saved,True,False,False,85,15,0,0,5,15
ppo_no_shaping,ppo,42,stochastic,49,50049,5.0,15,True,False,success,saved,True,False,False,85,15,0,0,5,15
ppo_no_shaping,ppo,42,stochastic,50,50050,5.0,15,True,False,success,saved,True,False,False,85,15,0,0,5,15
ppo_no_shaping,ppo,42,stochastic,51,50051,5.0,15,True,False,success,saved,True,False,False,85,15,0,0,5,15
ppo_no_shaping,ppo,42,stochastic,52,50052,5.0,15,True,False,success,saved,True,False,False,85,15,0,0,5,15
ppo_no_shaping,ppo,42,stochastic,53,50053,5.0,15,True,False,success,saved,True,False,False,85,15,0,0,5,15
ppo_no_shaping,ppo,42,stochastic,54,50054,5.0,15,True,False,success,saved,True,False,False,85,15,0,0,5,15
ppo_no_shaping,ppo,42,stochastic,55,50055,5.0,15,True,False,success,saved,True,False,False,85,15,0,0,5,15
ppo_no_shaping,ppo,42,stochastic,56,50056,5.0,15,True,False,success,saved,True,False,False,85,15,0,0,5,15
ppo_no_shaping,ppo,42,stochastic,57,50057,5.0,15,True,False,success,saved,True,False,False,85,15,0,0,5,15
ppo_no_shaping,ppo,42,stochastic,58,50058,5.0,15,True,False,success,saved,True,False,False,85,15,0,0,5,15
ppo_no_shaping,ppo,42,stochastic,59,50059,5.0,15,True,False,success,saved,True,False,False,85,15,0,0,5,15
ppo_no_shaping,ppo,42,stochastic,60,50060,5.0,15,True,False,success,saved,True,False,False,85,15,0,0,5,15
ppo_no_shaping,ppo,42,stochastic,61,50061,5.0,15,True,False,success,saved,True,False,False,85,15,0,0,5,15
ppo_no_shaping,ppo,42,stochastic,62,50062,5.0,15,True,False,success,saved,True,False,False,85,15,0,0,5,15
ppo_no_shaping,ppo,42,stochastic,63,50063,5.0,15,True,False,success,saved,True,False,False,85,15,0,0,5,15
ppo_no_shaping,ppo,42,stochastic,64,50064,5.0,15,True,False,success,saved,True,False,False,85,15,0,0,5,15
ppo_no_shaping,ppo,42,stochastic,65,50065,5.0,15,True,False,success,saved,True,False,False,85,15,0,0,5,15
ppo_no_shaping,ppo,42,stochastic,66,50066,5.0,15,True,False,success,saved,True,False,False,85,15,0,0,5,15
ppo_no_shaping,ppo,42,stochastic,67,50067,5.0,15,True,False,success,saved,True,False,False,85,15,0,0,5,15
ppo_no_shaping,ppo,42,stochastic,68,50068,5.0,15,True,False,success,saved,True,False,False,85,15,0,0,5,15
ppo_no_shaping,ppo,42,stochastic,69,50069,5.0,15,True,False,success,saved,True,False,False,85,15,0,0,5,15
ppo_no_shaping,ppo,42,stochastic,70,50070,5.0,15,True,False,success,saved,True,False,False,85,15,0,0,5,15
ppo_no_shaping,ppo,42,stochastic,71,50071,5.0,15,True,False,success,saved,True,False,False,85,15,0,0,5,15
ppo_no_shaping,ppo,42,stochastic,72,50072,5.0,15,True,False,success,saved,True,False,False,85,15,0,0,5,15
ppo_no_shaping,ppo,42,stochastic,73,50073,5.0,15,True,False,success,saved,True,False,False,85,15,0,0,5,15
ppo_no_shaping,ppo,42,stochastic,74,50074,5.0,15,True,False,success,saved,True,False,False,85,15,0,0,5,15
ppo_no_shaping,ppo,42,stochastic,75,50075,5.0,15,True,False,success,saved,True,False,False,85,15,0,0,5,15
ppo_no_shaping,ppo,42,stochastic,76,50076,5.0,15,True,False,success,saved,True,False,False,85,15,0,0,5,15
ppo_no_shaping,ppo,42,stochastic,77,50077,5.0,15,True,False,success,saved,True,False,False,85,15,0,0,5,15
ppo_no_shaping,ppo,42,stochastic,78,50078,5.0,15,True,False,success,saved,True,False,False,85,15,0,0,5,15
ppo_no_shaping,ppo,42,stochastic,79,50079,5.0,15,True,False,success,saved,True,False,False,85,15,0,0,5,15
ppo_no_shaping,ppo,42,stochastic,80,50080,5.0,15,True,False,success,saved,True,False,False,85,15,0,0,5,15
ppo_no_shaping,ppo,42,stochastic,81,50081,5.0,15,True,False,success,saved,True,False,False,85,15,0,0,5,15
ppo_no_shaping,ppo,42,stochastic,82,50082,5.0,15,True,False,success,saved,True,False,False,85,15,0,0,5,15
ppo_no_shaping,ppo,42,stochastic,83,50083,5.0,15,True,False,success,saved,True,False,False,85,15,0,0,5,15
ppo_no_shaping,ppo,42,stochastic,84,50084,5.0,15,True,False,success,saved,True,False,False,85,15,0,0,5,15
ppo_no_shaping,ppo,42,stochastic,85,50085,5.0,15,True,False,success,saved,True,False,False,85,15,0,0,5,15
ppo_no_shaping,ppo,42,stochastic,86,50086,5.0,15,True,False,success,saved,True,False,False,85,15,0,0,5,15
ppo_no_shaping,ppo,42,stochastic,87,50087,5.0,15,True,False,success,saved,True,False,False,85,15,0,0,5,15
ppo_no_shaping,ppo,42,stochastic,88,50088,5.0,15,True,False,success,saved,True,False,False,85,15,0,0,5,15
ppo_no_shaping,ppo,42,stochastic,89,50089,5.0,15,True,False,success,saved,True,False,False,85,15,0,0,5,15
ppo_no_shaping,ppo,42,stochastic,90,50090,5.0,15,True,False,success,saved,True,False,False,85,15,0,0,5,15
ppo_no_shaping,ppo,42,stochastic,91,50091,5.0,15,True,False,success,saved,True,False,False,85,15,0,0,5,15
ppo_no_shaping,ppo,42,stochastic,92,50092,5.0,15,True,False,success,saved,True,False,False,85,15,0,0,5,15
ppo_no_shaping,ppo,42,stochastic,93,50093,5.0,15,True,False,success,saved,True,False,False,85,15,0,0,5,15
ppo_no_shaping,ppo,42,stochastic,94,50094,5.0,15,True,False,success,saved,True,False,False,85,15,0,0,5,15
ppo_no_shaping,ppo,42,stochastic,95,50095,5.0,15,True,False,success,saved,True,False,False,85,15,0,0,5,15
ppo_no_shaping,ppo,42,stochastic,96,50096,5.0,15,True,False,success,saved,True,False,False,85,15,0,0,5,15
ppo_no_shaping,ppo,42,stochastic,97,50097,5.0,15,True,False,success,saved,True,False,False,85,15,0,0,5,15
ppo_no_shaping,ppo,42,stochastic,98,50098,5.0,15,True,False,success,saved,True,False,False,85,15,0,0,5,15
ppo_no_shaping,ppo,42,stochastic,99,50099,5.0,15,True,False,success,saved,True,False,False,85,15,0,0,5,15
ppo_no_shaping,ppo,123,deterministic,0,50000,13.0,17,True,False,success,saved,True,False,False,55,45,2,2,5,17
ppo_no_shaping,ppo,123,deterministic,1,50001,3.0,17,True,False,success,saved,True,False,False,55,45,2,0,5,17
ppo_no_shaping,ppo,123,deterministic,2,50002,13.0,17,True,False,success,saved,True,False,False,55,45,2,2,5,17
ppo_no_shaping,ppo,123,deterministic,3,50003,13.0,17,True,False,success,saved,True,False,False,53,47,2,2,5,17
ppo_no_shaping,ppo,123,deterministic,4,50004,13.0,17,True,False,success,saved,True,False,False,55,45,2,2,5,17
ppo_no_shaping,ppo,123,deterministic,5,50005,13.0,17,True,False,success,saved,True,False,False,55,45,2,2,5,17
ppo_no_shaping,ppo,123,deterministic,6,50006,13.0,17,True,False,success,saved,True,False,False,55,45,2,2,5,17
ppo_no_shaping,ppo,123,deterministic,7,50007,-90.0,100,False,True,max_steps,with_robot,False,False,False,50,50,2,2,5,
ppo_no_shaping,ppo,123,deterministic,8,50008,-5.0,35,True,False,success,saved,True,False,False,53,47,2,2,5,35
ppo_no_shaping,ppo,123,deterministic,9,50009,13.0,17,True,False,success,saved,True,False,False,53,47,2,2,5,17
ppo_no_shaping,ppo,123,deterministic,10,50010,13.0,17,True,False,success,saved,True,False,False,55,45,2,2,5,17
ppo_no_shaping,ppo,123,deterministic,11,50011,13.0,17,True,False,success,saved,True,False,False,55,45,2,2,5,17
ppo_no_shaping,ppo,123,deterministic,12,50012,13.0,17,True,False,success,saved,True,False,False,53,47,2,2,5,17
ppo_no_shaping,ppo,123,deterministic,13,50013,13.0,17,True,False,success,saved,True,False,False,55,45,2,2,5,17
ppo_no_shaping,ppo,123,deterministic,14,50014,13.0,17,True,False,success,saved,True,False,False,55,45,2,2,5,17
ppo_no_shaping,ppo,123,deterministic,15,50015,-18.0,43,True,False,success,saved,True,False,False,49,51,2,1,5,43
ppo_no_shaping,ppo,123,deterministic,16,50016,13.0,17,True,False,success,saved,True,False,False,55,45,2,2,5,17
ppo_no_shaping,ppo,123,deterministic,17,50017,13.0,17,True,False,success,saved,True,False,False,55,45,2,2,5,17
ppo_no_shaping,ppo,123,deterministic,18,50018,13.0,17,True,False,success,saved,True,False,False,55,45,2,2,5,17
ppo_no_shaping,ppo,123,deterministic,19,50019,13.0,17,True,False,success,saved,True,False,False,55,45,2,2,5,17
ppo_no_shaping,ppo,123,deterministic,20,50020,13.0,17,True,False,success,saved,True,False,False,55,45,2,2,5,17
ppo_no_shaping,ppo,123,deterministic,21,50021,13.0,17,True,False,success,saved,True,False,False,55,45,2,2,5,17
ppo_no_shaping,ppo,123,deterministic,22,50022,8.0,22,True,False,success,saved,True,False,False,55,45,2,2,5,22
ppo_no_shaping,ppo,123,deterministic,23,50023,8.0,17,True,False,success,saved,True,False,False,53,47,2,1,5,17
ppo_no_shaping,ppo,123,deterministic,24,50024,13.0,17,True,False,success,saved,True,False,False,55,45,2,2,5,17
ppo_no_shaping,ppo,123,deterministic,25,50025,13.0,17,True,False,success,saved,True,False,False,53,47,2,2,5,17
ppo_no_shaping,ppo,123,deterministic,26,50026,13.0,17,True,False,success,saved,True,False,False,55,45,2,2,5,17
ppo_no_shaping,ppo,123,deterministic,27,50027,13.0,17,True,False,success,saved,True,False,False,55,45,2,2,5,17
ppo_no_shaping,ppo,123,deterministic,28,50028,13.0,17,True,False,success,saved,True,False,False,55,45,2,2,5,17
ppo_no_shaping,ppo,123,deterministic,29,50029,13.0,17,True,False,success,saved,True,False,False,55,45,2,2,5,17
ppo_no_shaping,ppo,123,deterministic,30,50030,13.0,17,True,False,success,saved,True,False,False,55,45,2,2,5,17
ppo_no_shaping,ppo,123,deterministic,31,50031,13.0,17,True,False,success,saved,True,False,False,55,45,2,2,5,17
ppo_no_shaping,ppo,123,deterministic,32,50032,13.0,17,True,False,success,saved,True,False,False,55,45,2,2,5,17
ppo_no_shaping,ppo,123,deterministic,33,50033,13.0,17,True,False,success,saved,True,False,False,55,45,2,2,5,17
ppo_no_shaping,ppo,123,deterministic,34,50034,13.0,17,True,False,success,saved,True,False,False,55,45,2,2,5,17
ppo_no_shaping,ppo,123,deterministic,35,50035,13.0,17,True,False,success,saved,True,False,False,55,45,2,2,5,17
ppo_no_shaping,ppo,123,deterministic,36,50036,8.0,17,True,False,success,saved,True,False,False,55,45,2,1,5,17
ppo_no_shaping,ppo,123,deterministic,37,50037,2.0,28,True,False,success,saved,True,False,False,53,47,2,2,5,28
ppo_no_shaping,ppo,123,deterministic,38,50038,13.0,17,True,False,success,saved,True,False,False,55,45,2,2,5,17
ppo_no_shaping,ppo,123,deterministic,39,50039,13.0,17,True,False,success,saved,True,False,False,55,45,2,2,5,17
ppo_no_shaping,ppo,123,deterministic,40,50040,13.0,17,True,False,success,saved,True,False,False,55,45,2,2,5,17
ppo_no_shaping,ppo,123,deterministic,41,50041,-95.0,100,False,True,max_steps,with_robot,False,False,False,72,28,1,1,5,
ppo_no_shaping,ppo,123,deterministic,42,50042,13.0,17,True,False,success,saved,True,False,False,55,45,2,2,5,17
ppo_no_shaping,ppo,123,deterministic,43,50043,13.0,17,True,False,success,saved,True,False,False,55,45,2,2,5,17
ppo_no_shaping,ppo,123,deterministic,44,50044,13.0,17,True,False,success,saved,True,False,False,55,45,2,2,5,17
ppo_no_shaping,ppo,123,deterministic,45,50045,13.0,17,True,False,success,saved,True,False,False,55,45,2,2,5,17
ppo_no_shaping,ppo,123,deterministic,46,50046,13.0,17,True,False,success,saved,True,False,False,55,45,2,2,5,17
ppo_no_shaping,ppo,123,deterministic,47,50047,8.0,17,True,False,success,saved,True,False,False,51,49,2,1,5,17
ppo_no_shaping,ppo,123,deterministic,48,50048,3.0,17,True,False,success,saved,True,False,False,55,45,2,0,5,17
ppo_no_shaping,ppo,123,deterministic,49,50049,13.0,17,True,False,success,saved,True,False,False,55,45,2,2,5,17
ppo_no_shaping,ppo,123,deterministic,50,50050,13.0,17,True,False,success,saved,True,False,False,55,45,2,2,5,17
ppo_no_shaping,ppo,123,deterministic,51,50051,13.0,17,True,False,success,saved,True,False,False,55,45,2,2,5,17
ppo_no_shaping,ppo,123,deterministic,52,50052,13.0,17,True,False,success,saved,True,False,False,55,45,2,2,5,17
ppo_no_shaping,ppo,123,deterministic,53,50053,13.0,17,True,False,success,saved,True,False,False,55,45,2,2,5,17
ppo_no_shaping,ppo,123,deterministic,54,50054,13.0,17,True,False,success,saved,True,False,False,53,47,2,2,5,17
ppo_no_shaping,ppo,123,deterministic,55,50055,13.0,17,True,False,success,saved,True,False,False,55,45,2,2,5,17
ppo_no_shaping,ppo,123,deterministic,56,50056,13.0,17,True,False,success,saved,True,False,False,55,45,2,2,5,17
ppo_no_shaping,ppo,123,deterministic,57,50057,13.0,17,True,False,success,saved,True,False,False,55,45,2,2,5,17
ppo_no_shaping,ppo,123,deterministic,58,50058,13.0,17,True,False,success,saved,True,False,False,55,45,2,2,5,17
ppo_no_shaping,ppo,123,deterministic,59,50059,13.0,17,True,False,success,saved,True,False,False,55,45,2,2,5,17
ppo_no_shaping,ppo,123,deterministic,60,50060,13.0,17,True,False,success,saved,True,False,False,55,45,2,2,5,17
ppo_no_shaping,ppo,123,deterministic,61,50061,13.0,17,True,False,success,saved,True,False,False,55,45,2,2,5,17
ppo_no_shaping,ppo,123,deterministic,62,50062,13.0,17,True,False,success,saved,True,False,False,55,45,2,2,5,17
ppo_no_shaping,ppo,123,deterministic,63,50063,13.0,17,True,False,success,saved,True,False,False,55,45,2,2,5,17
ppo_no_shaping,ppo,123,deterministic,64,50064,13.0,17,True,False,success,saved,True,False,False,53,47,2,2,5,17
ppo_no_shaping,ppo,123,deterministic,65,50065,13.0,17,True,False,success,saved,True,False,False,55,45,2,2,5,17
ppo_no_shaping,ppo,123,deterministic,66,50066,13.0,17,True,False,success,saved,True,False,False,55,45,2,2,5,17
ppo_no_shaping,ppo,123,deterministic,67,50067,13.0,17,True,False,success,saved,True,False,False,55,45,2,2,5,17
ppo_no_shaping,ppo,123,deterministic,68,50068,13.0,17,True,False,success,saved,True,False,False,55,45,2,2,5,17
ppo_no_shaping,ppo,123,deterministic,69,50069,13.0,17,True,False,success,saved,True,False,False,55,45,2,2,5,17
ppo_no_shaping,ppo,123,deterministic,70,50070,12.0,18,True,False,success,saved,True,False,False,53,47,2,2,5,18
ppo_no_shaping,ppo,123,deterministic,71,50071,13.0,17,True,False,success,saved,True,False,False,53,47,2,2,5,17
ppo_no_shaping,ppo,123,deterministic,72,50072,13.0,17,True,False,success,saved,True,False,False,55,45,2,2,5,17
ppo_no_shaping,ppo,123,deterministic,73,50073,13.0,17,True,False,success,saved,True,False,False,53,47,2,2,5,17
ppo_no_shaping,ppo,123,deterministic,74,50074,13.0,17,True,False,success,saved,True,False,False,55,45,2,2,5,17
ppo_no_shaping,ppo,123,deterministic,75,50075,13.0,17,True,False,success,saved,True,False,False,55,45,2,2,5,17
ppo_no_shaping,ppo,123,deterministic,76,50076,13.0,17,True,False,success,saved,True,False,False,55,45,2,2,5,17
ppo_no_shaping,ppo,123,deterministic,77,50077,13.0,17,True,False,success,saved,True,False,False,55,45,2,2,5,17
ppo_no_shaping,ppo,123,deterministic,78,50078,13.0,17,True,False,success,saved,True,False,False,55,45,2,2,5,17
ppo_no_shaping,ppo,123,deterministic,79,50079,13.0,17,True,False,success,saved,True,False,False,55,45,2,2,5,17
ppo_no_shaping,ppo,123,deterministic,80,50080,8.0,17,True,False,success,saved,True,False,False,55,45,2,1,5,17
ppo_no_shaping,ppo,123,deterministic,81,50081,13.0,17,True,False,success,saved,True,False,False,55,45,2,2,5,17
ppo_no_shaping,ppo,123,deterministic,82,50082,13.0,17,True,False,success,saved,True,False,False,55,45,2,2,5,17
ppo_no_shaping,ppo,123,deterministic,83,50083,13.0,17,True,False,success,saved,True,False,False,55,45,2,2,5,17
ppo_no_shaping,ppo,123,deterministic,84,50084,13.0,17,True,False,success,saved,True,False,False,55,45,2,2,5,17
ppo_no_shaping,ppo,123,deterministic,85,50085,13.0,17,True,False,success,saved,True,False,False,53,47,2,2,5,17
ppo_no_shaping,ppo,123,deterministic,86,50086,13.0,17,True,False,success,saved,True,False,False,53,47,2,2,5,17
ppo_no_shaping,ppo,123,deterministic,87,50087,13.0,17,True,False,success,saved,True,False,False,55,45,2,2,5,17
ppo_no_shaping,ppo,123,deterministic,88,50088,13.0,17,True,False,success,saved,True,False,False,55,45,2,2,5,17
ppo_no_shaping,ppo,123,deterministic,89,50089,13.0,17,True,False,success,saved,True,False,False,55,45,2,2,5,17
ppo_no_shaping,ppo,123,deterministic,90,50090,13.0,17,True,False,success,saved,True,False,False,55,45,2,2,5,17
ppo_no_shaping,ppo,123,deterministic,91,50091,13.0,17,True,False,success,saved,True,False,False,55,45,2,2,5,17
ppo_no_shaping,ppo,123,deterministic,92,50092,13.0,17,True,False,success,saved,True,False,False,55,45,2,2,5,17
ppo_no_shaping,ppo,123,deterministic,93,50093,13.0,17,True,False,success,saved,True,False,False,55,45,2,2,5,17
ppo_no_shaping,ppo,123,deterministic,94,50094,13.0,17,True,False,success,saved,True,False,False,55,45,2,2,5,17
ppo_no_shaping,ppo,123,deterministic,95,50095,13.0,17,True,False,success,saved,True,False,False,55,45,2,2,5,17
ppo_no_shaping,ppo,123,deterministic,96,50096,13.0,17,True,False,success,saved,True,False,False,53,47,2,2,5,17
ppo_no_shaping,ppo,123,deterministic,97,50097,13.0,17,True,False,success,saved,True,False,False,55,45,2,2,5,17
ppo_no_shaping,ppo,123,deterministic,98,50098,13.0,17,True,False,success,saved,True,False,False,55,45,2,2,5,17
ppo_no_shaping,ppo,123,deterministic,99,50099,13.0,17,True,False,success,saved,True,False,False,55,45,2,2,5,17
ppo_no_shaping,ppo,123,stochastic,0,50000,13.0,17,True,False,success,saved,True,False,False,55,45,2,2,5,17
ppo_no_shaping,ppo,123,stochastic,1,50001,3.0,17,True,False,success,saved,True,False,False,55,45,2,0,5,17
ppo_no_shaping,ppo,123,stochastic,2,50002,13.0,17,True,False,success,saved,True,False,False,55,45,2,2,5,17
ppo_no_shaping,ppo,123,stochastic,3,50003,13.0,17,True,False,success,saved,True,False,False,53,47,2,2,5,17
ppo_no_shaping,ppo,123,stochastic,4,50004,13.0,17,True,False,success,saved,True,False,False,55,45,2,2,5,17
ppo_no_shaping,ppo,123,stochastic,5,50005,8.0,17,True,False,success,saved,True,False,False,55,45,2,1,5,17
ppo_no_shaping,ppo,123,stochastic,6,50006,13.0,17,True,False,success,saved,True,False,False,55,45,2,2,5,17
ppo_no_shaping,ppo,123,stochastic,7,50007,12.0,18,True,False,success,saved,True,False,False,55,45,2,2,5,18
ppo_no_shaping,ppo,123,stochastic,8,50008,-4.0,34,True,False,success,saved,True,False,False,53,47,2,2,5,34
ppo_no_shaping,ppo,123,stochastic,9,50009,12.0,18,True,False,success,saved,True,False,False,53,47,2,2,5,18
ppo_no_shaping,ppo,123,stochastic,10,50010,13.0,17,True,False,success,saved,True,False,False,55,45,2,2,5,17
ppo_no_shaping,ppo,123,stochastic,11,50011,13.0,17,True,False,success,saved,True,False,False,55,45,2,2,5,17
ppo_no_shaping,ppo,123,stochastic,12,50012,13.0,17,True,False,success,saved,True,False,False,53,47,2,2,5,17
ppo_no_shaping,ppo,123,stochastic,13,50013,13.0,17,True,False,success,saved,True,False,False,55,45,2,2,5,17
ppo_no_shaping,ppo,123,stochastic,14,50014,13.0,17,True,False,success,saved,True,False,False,55,45,2,2,5,17
ppo_no_shaping,ppo,123,stochastic,15,50015,-95.0,100,False,True,max_steps,with_robot,False,False,False,42,58,2,1,5,
ppo_no_shaping,ppo,123,stochastic,16,50016,13.0,17,True,False,success,saved,True,False,False,55,45,2,2,5,17
ppo_no_shaping,ppo,123,stochastic,17,50017,13.0,17,True,False,success,saved,True,False,False,55,45,2,2,5,17
ppo_no_shaping,ppo,123,stochastic,18,50018,13.0,17,True,False,success,saved,True,False,False,55,45,2,2,5,17
ppo_no_shaping,ppo,123,stochastic,19,50019,13.0,17,True,False,success,saved,True,False,False,55,45,2,2,5,17
ppo_no_shaping,ppo,123,stochastic,20,50020,13.0,17,True,False,success,saved,True,False,False,55,45,2,2,5,17
ppo_no_shaping,ppo,123,stochastic,21,50021,13.0,17,True,False,success,saved,True,False,False,55,45,2,2,5,17
ppo_no_shaping,ppo,123,stochastic,22,50022,12.0,18,True,False,success,saved,True,False,False,55,45,2,2,5,18
ppo_no_shaping,ppo,123,stochastic,23,50023,8.0,17,True,False,success,saved,True,False,False,53,47,2,1,5,17
ppo_no_shaping,ppo,123,stochastic,24,50024,13.0,17,True,False,success,saved,True,False,False,55,45,2,2,5,17
ppo_no_shaping,ppo,123,stochastic,25,50025,13.0,17,True,False,success,saved,True,False,False,53,47,2,2,5,17
ppo_no_shaping,ppo,123,stochastic,26,50026,13.0,17,True,False,success,saved,True,False,False,55,45,2,2,5,17
ppo_no_shaping,ppo,123,stochastic,27,50027,13.0,17,True,False,success,saved,True,False,False,55,45,2,2,5,17
ppo_no_shaping,ppo,123,stochastic,28,50028,13.0,17,True,False,success,saved,True,False,False,55,45,2,2,5,17
ppo_no_shaping,ppo,123,stochastic,29,50029,13.0,17,True,False,success,saved,True,False,False,55,45,2,2,5,17
ppo_no_shaping,ppo,123,stochastic,30,50030,13.0,17,True,False,success,saved,True,False,False,55,45,2,2,5,17
ppo_no_shaping,ppo,123,stochastic,31,50031,13.0,17,True,False,success,saved,True,False,False,55,45,2,2,5,17
ppo_no_shaping,ppo,123,stochastic,32,50032,13.0,17,True,False,success,saved,True,False,False,55,45,2,2,5,17
ppo_no_shaping,ppo,123,stochastic,33,50033,13.0,17,True,False,success,saved,True,False,False,55,45,2,2,5,17
ppo_no_shaping,ppo,123,stochastic,34,50034,13.0,17,True,False,success,saved,True,False,False,55,45,2,2,5,17
ppo_no_shaping,ppo,123,stochastic,35,50035,13.0,17,True,False,success,saved,True,False,False,55,45,2,2,5,17
ppo_no_shaping,ppo,123,stochastic,36,50036,8.0,17,True,False,success,saved,True,False,False,55,45,2,1,5,17
ppo_no_shaping,ppo,123,stochastic,37,50037,12.0,18,True,False,success,saved,True,False,False,53,47,2,2,5,18
ppo_no_shaping,ppo,123,stochastic,38,50038,13.0,17,True,False,success,saved,True,False,False,55,45,2,2,5,17
ppo_no_shaping,ppo,123,stochastic,39,50039,13.0,17,True,False,success,saved,True,False,False,55,45,2,2,5,17
ppo_no_shaping,ppo,123,stochastic,40,50040,13.0,17,True,False,success,saved,True,False,False,55,45,2,2,5,17
ppo_no_shaping,ppo,123,stochastic,41,50041,-95.0,100,False,True,max_steps,with_robot,False,False,False,72,28,1,1,5,
ppo_no_shaping,ppo,123,stochastic,42,50042,13.0,17,True,False,success,saved,True,False,False,53,47,2,2,5,17
ppo_no_shaping,ppo,123,stochastic,43,50043,13.0,17,True,False,success,saved,True,False,False,55,45,2,2,5,17
ppo_no_shaping,ppo,123,stochastic,44,50044,13.0,17,True,False,success,saved,True,False,False,55,45,2,2,5,17
ppo_no_shaping,ppo,123,stochastic,45,50045,13.0,17,True,False,success,saved,True,False,False,55,45,2,2,5,17
ppo_no_shaping,ppo,123,stochastic,46,50046,13.0,17,True,False,success,saved,True,False,False,55,45,2,2,5,17
ppo_no_shaping,ppo,123,stochastic,47,50047,8.0,17,True,False,success,saved,True,False,False,51,49,2,1,5,17
ppo_no_shaping,ppo,123,stochastic,48,50048,3.0,17,True,False,success,saved,True,False,False,55,45,2,0,5,17
ppo_no_shaping,ppo,123,stochastic,49,50049,13.0,17,True,False,success,saved,True,False,False,55,45,2,2,5,17
ppo_no_shaping,ppo,123,stochastic,50,50050,13.0,17,True,False,success,saved,True,False,False,55,45,2,2,5,17
ppo_no_shaping,ppo,123,stochastic,51,50051,13.0,17,True,False,success,saved,True,False,False,55,45,2,2,5,17
ppo_no_shaping,ppo,123,stochastic,52,50052,8.0,17,True,False,success,saved,True,False,False,55,45,2,1,5,17
ppo_no_shaping,ppo,123,stochastic,53,50053,13.0,17,True,False,success,saved,True,False,False,55,45,2,2,5,17
ppo_no_shaping,ppo,123,stochastic,54,50054,13.0,17,True,False,success,saved,True,False,False,53,47,2,2,5,17
ppo_no_shaping,ppo,123,stochastic,55,50055,13.0,17,True,False,success,saved,True,False,False,55,45,2,2,5,17
ppo_no_shaping,ppo,123,stochastic,56,50056,13.0,17,True,False,success,saved,True,False,False,55,45,2,2,5,17
ppo_no_shaping,ppo,123,stochastic,57,50057,13.0,17,True,False,success,saved,True,False,False,55,45,2,2,5,17
ppo_no_shaping,ppo,123,stochastic,58,50058,12.0,18,True,False,success,saved,True,False,False,55,45,2,2,5,18
ppo_no_shaping,ppo,123,stochastic,59,50059,13.0,17,True,False,success,saved,True,False,False,55,45,2,2,5,17
ppo_no_shaping,ppo,123,stochastic,60,50060,13.0,17,True,False,success,saved,True,False,False,55,45,2,2,5,17
ppo_no_shaping,ppo,123,stochastic,61,50061,13.0,17,True,False,success,saved,True,False,False,55,45,2,2,5,17
ppo_no_shaping,ppo,123,stochastic,62,50062,13.0,17,True,False,success,saved,True,False,False,55,45,2,2,5,17
ppo_no_shaping,ppo,123,stochastic,63,50063,13.0,17,True,False,success,saved,True,False,False,55,45,2,2,5,17
ppo_no_shaping,ppo,123,stochastic,64,50064,13.0,17,True,False,success,saved,True,False,False,53,47,2,2,5,17
ppo_no_shaping,ppo,123,stochastic,65,50065,13.0,17,True,False,success,saved,True,False,False,55,45,2,2,5,17
ppo_no_shaping,ppo,123,stochastic,66,50066,13.0,17,True,False,success,saved,True,False,False,55,45,2,2,5,17
ppo_no_shaping,ppo,123,stochastic,67,50067,13.0,17,True,False,success,saved,True,False,False,55,45,2,2,5,17
ppo_no_shaping,ppo,123,stochastic,68,50068,13.0,17,True,False,success,saved,True,False,False,55,45,2,2,5,17
ppo_no_shaping,ppo,123,stochastic,69,50069,5.0,25,True,False,success,saved,True,False,False,49,51,2,2,5,25
ppo_no_shaping,ppo,123,stochastic,70,50070,10.0,20,True,False,success,saved,True,False,False,53,47,2,2,5,20
ppo_no_shaping,ppo,123,stochastic,71,50071,13.0,17,True,False,success,saved,True,False,False,53,47,2,2,5,17
ppo_no_shaping,ppo,123,stochastic,72,50072,13.0,17,True,False,success,saved,True,False,False,55,45,2,2,5,17
ppo_no_shaping,ppo,123,stochastic,73,50073,13.0,17,True,False,success,saved,True,False,False,53,47,2,2,5,17
ppo_no_shaping,ppo,123,stochastic,74,50074,13.0,17,True,False,success,saved,True,False,False,55,45,2,2,5,17
ppo_no_shaping,ppo,123,stochastic,75,50075,13.0,17,True,False,success,saved,True,False,False,55,45,2,2,5,17
ppo_no_shaping,ppo,123,stochastic,76,50076,13.0,17,True,False,success,saved,True,False,False,55,45,2,2,5,17
ppo_no_shaping,ppo,123,stochastic,77,50077,13.0,17,True,False,success,saved,True,False,False,55,45,2,2,5,17
ppo_no_shaping,ppo,123,stochastic,78,50078,13.0,17,True,False,success,saved,True,False,False,55,45,2,2,5,17
ppo_no_shaping,ppo,123,stochastic,79,50079,13.0,17,True,False,success,saved,True,False,False,55,45,2,2,5,17
ppo_no_shaping,ppo,123,stochastic,80,50080,8.0,17,True,False,success,saved,True,False,False,55,45,2,1,5,17
ppo_no_shaping,ppo,123,stochastic,81,50081,13.0,17,True,False,success,saved,True,False,False,55,45,2,2,5,17
ppo_no_shaping,ppo,123,stochastic,82,50082,13.0,17,True,False,success,saved,True,False,False,55,45,2,2,5,17
ppo_no_shaping,ppo,123,stochastic,83,50083,13.0,17,True,False,success,saved,True,False,False,55,45,2,2,5,17
ppo_no_shaping,ppo,123,stochastic,84,50084,13.0,17,True,False,success,saved,True,False,False,55,45,2,2,5,17
ppo_no_shaping,ppo,123,stochastic,85,50085,13.0,17,True,False,success,saved,True,False,False,53,47,2,2,5,17
ppo_no_shaping,ppo,123,stochastic,86,50086,13.0,17,True,False,success,saved,True,False,False,53,47,2,2,5,17
ppo_no_shaping,ppo,123,stochastic,87,50087,13.0,17,True,False,success,saved,True,False,False,55,45,2,2,5,17
ppo_no_shaping,ppo,123,stochastic,88,50088,13.0,17,True,False,success,saved,True,False,False,55,45,2,2,5,17
ppo_no_shaping,ppo,123,stochastic,89,50089,13.0,17,True,False,success,saved,True,False,False,55,45,2,2,5,17
ppo_no_shaping,ppo,123,stochastic,90,50090,13.0,17,True,False,success,saved,True,False,False,55,45,2,2,5,17
ppo_no_shaping,ppo,123,stochastic,91,50091,13.0,17,True,False,success,saved,True,False,False,55,45,2,2,5,17
ppo_no_shaping,ppo,123,stochastic,92,50092,13.0,17,True,False,success,saved,True,False,False,55,45,2,2,5,17
ppo_no_shaping,ppo,123,stochastic,93,50093,3.0,17,True,False,success,saved,True,False,False,55,45,2,0,5,17
ppo_no_shaping,ppo,123,stochastic,94,50094,13.0,17,True,False,success,saved,True,False,False,53,47,2,2,5,17
ppo_no_shaping,ppo,123,stochastic,95,50095,13.0,17,True,False,success,saved,True,False,False,55,45,2,2,5,17
ppo_no_shaping,ppo,123,stochastic,96,50096,13.0,17,True,False,success,saved,True,False,False,53,47,2,2,5,17
ppo_no_shaping,ppo,123,stochastic,97,50097,13.0,17,True,False,success,saved,True,False,False,55,45,2,2,5,17
ppo_no_shaping,ppo,123,stochastic,98,50098,13.0,17,True,False,success,saved,True,False,False,55,45,2,2,5,17
ppo_no_shaping,ppo,123,stochastic,99,50099,13.0,17,True,False,success,saved,True,False,False,55,45,2,2,5,17
ppo_no_shaping,ppo,2024,deterministic,0,50000,4.0,16,True,False,success,saved,True,False,False,70,30,1,0,6,16
ppo_no_shaping,ppo,2024,deterministic,1,50001,4.0,16,True,False,success,saved,True,False,False,70,30,1,0,6,16
ppo_no_shaping,ppo,2024,deterministic,2,50002,4.0,16,True,False,success,saved,True,False,False,70,30,1,0,6,16
ppo_no_shaping,ppo,2024,deterministic,3,50003,4.0,16,True,False,success,saved,True,False,False,70,30,1,0,6,16
ppo_no_shaping,ppo,2024,deterministic,4,50004,4.0,16,True,False,success,saved,True,False,False,70,30,1,0,6,16
ppo_no_shaping,ppo,2024,deterministic,5,50005,4.0,16,True,False,success,saved,True,False,False,70,30,1,0,6,16
ppo_no_shaping,ppo,2024,deterministic,6,50006,4.0,16,True,False,success,saved,True,False,False,70,30,1,0,6,16
ppo_no_shaping,ppo,2024,deterministic,7,50007,4.0,16,True,False,success,saved,True,False,False,68,32,1,0,6,16
ppo_no_shaping,ppo,2024,deterministic,8,50008,4.0,16,True,False,success,saved,True,False,False,70,30,1,0,6,16
ppo_no_shaping,ppo,2024,deterministic,9,50009,4.0,16,True,False,success,saved,True,False,False,70,30,1,0,6,16
ppo_no_shaping,ppo,2024,deterministic,10,50010,4.0,16,True,False,success,saved,True,False,False,70,30,1,0,6,16
ppo_no_shaping,ppo,2024,deterministic,11,50011,4.0,16,True,False,success,saved,True,False,False,70,30,1,0,6,16
ppo_no_shaping,ppo,2024,deterministic,12,50012,4.0,16,True,False,success,saved,True,False,False,70,30,1,0,6,16
ppo_no_shaping,ppo,2024,deterministic,13,50013,4.0,16,True,False,success,saved,True,False,False,70,30,1,0,6,16
ppo_no_shaping,ppo,2024,deterministic,14,50014,4.0,16,True,False,success,saved,True,False,False,70,30,1,0,6,16
ppo_no_shaping,ppo,2024,deterministic,15,50015,4.0,16,True,False,success,saved,True,False,False,68,32,1,0,6,16
ppo_no_shaping,ppo,2024,deterministic,16,50016,4.0,16,True,False,success,saved,True,False,False,70,30,1,0,6,16
ppo_no_shaping,ppo,2024,deterministic,17,50017,4.0,16,True,False,success,saved,True,False,False,70,30,1,0,6,16
ppo_no_shaping,ppo,2024,deterministic,18,50018,4.0,16,True,False,success,saved,True,False,False,70,30,1,0,6,16
ppo_no_shaping,ppo,2024,deterministic,19,50019,4.0,16,True,False,success,saved,True,False,False,70,30,1,0,6,16
ppo_no_shaping,ppo,2024,deterministic,20,50020,4.0,16,True,False,success,saved,True,False,False,70,30,1,0,6,16
ppo_no_shaping,ppo,2024,deterministic,21,50021,4.0,16,True,False,success,saved,True,False,False,70,30,1,0,6,16
ppo_no_shaping,ppo,2024,deterministic,22,50022,4.0,16,True,False,success,saved,True,False,False,70,30,1,0,6,16
ppo_no_shaping,ppo,2024,deterministic,23,50023,4.0,16,True,False,success,saved,True,False,False,70,30,1,0,6,16
ppo_no_shaping,ppo,2024,deterministic,24,50024,4.0,16,True,False,success,saved,True,False,False,70,30,1,0,6,16
ppo_no_shaping,ppo,2024,deterministic,25,50025,4.0,16,True,False,success,saved,True,False,False,70,30,1,0,6,16
ppo_no_shaping,ppo,2024,deterministic,26,50026,4.0,16,True,False,success,saved,True,False,False,70,30,1,0,6,16
ppo_no_shaping,ppo,2024,deterministic,27,50027,4.0,16,True,False,success,saved,True,False,False,70,30,1,0,6,16
ppo_no_shaping,ppo,2024,deterministic,28,50028,4.0,16,True,False,success,saved,True,False,False,70,30,1,0,6,16
ppo_no_shaping,ppo,2024,deterministic,29,50029,4.0,16,True,False,success,saved,True,False,False,70,30,1,0,6,16
ppo_no_shaping,ppo,2024,deterministic,30,50030,4.0,16,True,False,success,saved,True,False,False,70,30,1,0,6,16
ppo_no_shaping,ppo,2024,deterministic,31,50031,4.0,16,True,False,success,saved,True,False,False,70,30,1,0,6,16
ppo_no_shaping,ppo,2024,deterministic,32,50032,4.0,16,True,False,success,saved,True,False,False,70,30,1,0,6,16
ppo_no_shaping,ppo,2024,deterministic,33,50033,4.0,16,True,False,success,saved,True,False,False,70,30,1,0,6,16
ppo_no_shaping,ppo,2024,deterministic,34,50034,4.0,16,True,False,success,saved,True,False,False,70,30,1,0,6,16
ppo_no_shaping,ppo,2024,deterministic,35,50035,4.0,16,True,False,success,saved,True,False,False,70,30,1,0,6,16
ppo_no_shaping,ppo,2024,deterministic,36,50036,4.0,16,True,False,success,saved,True,False,False,70,30,1,0,6,16
ppo_no_shaping,ppo,2024,deterministic,37,50037,4.0,16,True,False,success,saved,True,False,False,70,30,1,0,6,16
ppo_no_shaping,ppo,2024,deterministic,38,50038,4.0,16,True,False,success,saved,True,False,False,70,30,1,0,6,16
ppo_no_shaping,ppo,2024,deterministic,39,50039,4.0,16,True,False,success,saved,True,False,False,70,30,1,0,6,16
ppo_no_shaping,ppo,2024,deterministic,40,50040,4.0,16,True,False,success,saved,True,False,False,70,30,1,0,6,16
ppo_no_shaping,ppo,2024,deterministic,41,50041,4.0,16,True,False,success,saved,True,False,False,70,30,1,0,6,16
ppo_no_shaping,ppo,2024,deterministic,42,50042,4.0,16,True,False,success,saved,True,False,False,70,30,1,0,6,16
ppo_no_shaping,ppo,2024,deterministic,43,50043,4.0,16,True,False,success,saved,True,False,False,70,30,1,0,6,16
ppo_no_shaping,ppo,2024,deterministic,44,50044,4.0,16,True,False,success,saved,True,False,False,70,30,1,0,6,16
ppo_no_shaping,ppo,2024,deterministic,45,50045,4.0,16,True,False,success,saved,True,False,False,70,30,1,0,6,16
ppo_no_shaping,ppo,2024,deterministic,46,50046,4.0,16,True,False,success,saved,True,False,False,70,30,1,0,6,16
ppo_no_shaping,ppo,2024,deterministic,47,50047,4.0,16,True,False,success,saved,True,False,False,70,30,1,0,6,16
ppo_no_shaping,ppo,2024,deterministic,48,50048,4.0,16,True,False,success,saved,True,False,False,70,30,1,0,6,16
ppo_no_shaping,ppo,2024,deterministic,49,50049,4.0,16,True,False,success,saved,True,False,False,70,30,1,0,6,16
ppo_no_shaping,ppo,2024,deterministic,50,50050,4.0,16,True,False,success,saved,True,False,False,70,30,1,0,6,16
ppo_no_shaping,ppo,2024,deterministic,51,50051,4.0,16,True,False,success,saved,True,False,False,70,30,1,0,6,16
ppo_no_shaping,ppo,2024,deterministic,52,50052,4.0,16,True,False,success,saved,True,False,False,70,30,1,0,6,16
ppo_no_shaping,ppo,2024,deterministic,53,50053,4.0,16,True,False,success,saved,True,False,False,70,30,1,0,6,16
ppo_no_shaping,ppo,2024,deterministic,54,50054,4.0,16,True,False,success,saved,True,False,False,70,30,1,0,6,16
ppo_no_shaping,ppo,2024,deterministic,55,50055,4.0,16,True,False,success,saved,True,False,False,70,30,1,0,6,16
ppo_no_shaping,ppo,2024,deterministic,56,50056,4.0,16,True,False,success,saved,True,False,False,70,30,1,0,6,16
ppo_no_shaping,ppo,2024,deterministic,57,50057,4.0,16,True,False,success,saved,True,False,False,70,30,1,0,6,16
ppo_no_shaping,ppo,2024,deterministic,58,50058,4.0,16,True,False,success,saved,True,False,False,70,30,1,0,6,16
ppo_no_shaping,ppo,2024,deterministic,59,50059,4.0,16,True,False,success,saved,True,False,False,70,30,1,0,6,16
ppo_no_shaping,ppo,2024,deterministic,60,50060,4.0,16,True,False,success,saved,True,False,False,70,30,1,0,6,16
ppo_no_shaping,ppo,2024,deterministic,61,50061,4.0,16,True,False,success,saved,True,False,False,70,30,1,0,6,16
ppo_no_shaping,ppo,2024,deterministic,62,50062,4.0,16,True,False,success,saved,True,False,False,70,30,1,0,6,16
ppo_no_shaping,ppo,2024,deterministic,63,50063,4.0,16,True,False,success,saved,True,False,False,70,30,1,0,6,16
ppo_no_shaping,ppo,2024,deterministic,64,50064,4.0,16,True,False,success,saved,True,False,False,70,30,1,0,6,16
ppo_no_shaping,ppo,2024,deterministic,65,50065,4.0,16,True,False,success,saved,True,False,False,70,30,1,0,6,16
ppo_no_shaping,ppo,2024,deterministic,66,50066,4.0,16,True,False,success,saved,True,False,False,70,30,1,0,6,16
ppo_no_shaping,ppo,2024,deterministic,67,50067,4.0,16,True,False,success,saved,True,False,False,70,30,1,0,6,16
ppo_no_shaping,ppo,2024,deterministic,68,50068,4.0,16,True,False,success,saved,True,False,False,70,30,1,0,6,16
ppo_no_shaping,ppo,2024,deterministic,69,50069,4.0,16,True,False,success,saved,True,False,False,70,30,1,0,6,16
ppo_no_shaping,ppo,2024,deterministic,70,50070,4.0,16,True,False,success,saved,True,False,False,70,30,1,0,6,16
ppo_no_shaping,ppo,2024,deterministic,71,50071,4.0,16,True,False,success,saved,True,False,False,70,30,1,0,6,16
ppo_no_shaping,ppo,2024,deterministic,72,50072,4.0,16,True,False,success,saved,True,False,False,70,30,1,0,6,16
ppo_no_shaping,ppo,2024,deterministic,73,50073,4.0,16,True,False,success,saved,True,False,False,70,30,1,0,6,16
ppo_no_shaping,ppo,2024,deterministic,74,50074,4.0,16,True,False,success,saved,True,False,False,70,30,1,0,6,16
ppo_no_shaping,ppo,2024,deterministic,75,50075,4.0,16,True,False,success,saved,True,False,False,70,30,1,0,6,16
ppo_no_shaping,ppo,2024,deterministic,76,50076,4.0,16,True,False,success,saved,True,False,False,70,30,1,0,6,16
ppo_no_shaping,ppo,2024,deterministic,77,50077,4.0,16,True,False,success,saved,True,False,False,70,30,1,0,6,16
ppo_no_shaping,ppo,2024,deterministic,78,50078,4.0,16,True,False,success,saved,True,False,False,70,30,1,0,6,16
ppo_no_shaping,ppo,2024,deterministic,79,50079,4.0,16,True,False,success,saved,True,False,False,70,30,1,0,6,16
ppo_no_shaping,ppo,2024,deterministic,80,50080,4.0,16,True,False,success,saved,True,False,False,70,30,1,0,6,16
ppo_no_shaping,ppo,2024,deterministic,81,50081,4.0,16,True,False,success,saved,True,False,False,70,30,1,0,6,16
ppo_no_shaping,ppo,2024,deterministic,82,50082,4.0,16,True,False,success,saved,True,False,False,70,30,1,0,6,16
ppo_no_shaping,ppo,2024,deterministic,83,50083,4.0,16,True,False,success,saved,True,False,False,70,30,1,0,6,16
ppo_no_shaping,ppo,2024,deterministic,84,50084,4.0,16,True,False,success,saved,True,False,False,70,30,1,0,6,16
ppo_no_shaping,ppo,2024,deterministic,85,50085,4.0,16,True,False,success,saved,True,False,False,70,30,1,0,6,16
ppo_no_shaping,ppo,2024,deterministic,86,50086,4.0,16,True,False,success,saved,True,False,False,70,30,1,0,6,16
ppo_no_shaping,ppo,2024,deterministic,87,50087,4.0,16,True,False,success,saved,True,False,False,70,30,1,0,6,16
ppo_no_shaping,ppo,2024,deterministic,88,50088,4.0,16,True,False,success,saved,True,False,False,70,30,1,0,6,16
ppo_no_shaping,ppo,2024,deterministic,89,50089,4.0,16,True,False,success,saved,True,False,False,70,30,1,0,6,16
ppo_no_shaping,ppo,2024,deterministic,90,50090,4.0,16,True,False,success,saved,True,False,False,70,30,1,0,6,16
ppo_no_shaping,ppo,2024,deterministic,91,50091,4.0,16,True,False,success,saved,True,False,False,70,30,1,0,6,16
ppo_no_shaping,ppo,2024,deterministic,92,50092,4.0,16,True,False,success,saved,True,False,False,70,30,1,0,6,16
ppo_no_shaping,ppo,2024,deterministic,93,50093,4.0,16,True,False,success,saved,True,False,False,70,30,1,0,6,16
ppo_no_shaping,ppo,2024,deterministic,94,50094,4.0,16,True,False,success,saved,True,False,False,70,30,1,0,6,16
ppo_no_shaping,ppo,2024,deterministic,95,50095,4.0,16,True,False,success,saved,True,False,False,70,30,1,0,6,16
ppo_no_shaping,ppo,2024,deterministic,96,50096,4.0,16,True,False,success,saved,True,False,False,70,30,1,0,6,16
ppo_no_shaping,ppo,2024,deterministic,97,50097,4.0,16,True,False,success,saved,True,False,False,70,30,1,0,6,16
ppo_no_shaping,ppo,2024,deterministic,98,50098,4.0,16,True,False,success,saved,True,False,False,70,30,1,0,6,16
ppo_no_shaping,ppo,2024,deterministic,99,50099,4.0,16,True,False,success,saved,True,False,False,70,30,1,0,6,16
ppo_no_shaping,ppo,2024,stochastic,0,50000,4.0,16,True,False,success,saved,True,False,False,70,30,1,0,6,16
ppo_no_shaping,ppo,2024,stochastic,1,50001,4.0,16,True,False,success,saved,True,False,False,70,30,1,0,6,16
ppo_no_shaping,ppo,2024,stochastic,2,50002,4.0,16,True,False,success,saved,True,False,False,70,30,1,0,6,16
ppo_no_shaping,ppo,2024,stochastic,3,50003,4.0,16,True,False,success,saved,True,False,False,70,30,1,0,6,16
ppo_no_shaping,ppo,2024,stochastic,4,50004,4.0,16,True,False,success,saved,True,False,False,70,30,1,0,6,16
ppo_no_shaping,ppo,2024,stochastic,5,50005,4.0,16,True,False,success,saved,True,False,False,70,30,1,0,6,16
ppo_no_shaping,ppo,2024,stochastic,6,50006,4.0,16,True,False,success,saved,True,False,False,70,30,1,0,6,16
ppo_no_shaping,ppo,2024,stochastic,7,50007,4.0,16,True,False,success,saved,True,False,False,68,32,1,0,6,16
ppo_no_shaping,ppo,2024,stochastic,8,50008,4.0,16,True,False,success,saved,True,False,False,70,30,1,0,6,16
ppo_no_shaping,ppo,2024,stochastic,9,50009,4.0,16,True,False,success,saved,True,False,False,68,32,1,0,6,16
ppo_no_shaping,ppo,2024,stochastic,10,50010,4.0,16,True,False,success,saved,True,False,False,70,30,1,0,6,16
ppo_no_shaping,ppo,2024,stochastic,11,50011,4.0,16,True,False,success,saved,True,False,False,70,30,1,0,6,16
ppo_no_shaping,ppo,2024,stochastic,12,50012,4.0,16,True,False,success,saved,True,False,False,70,30,1,0,6,16
ppo_no_shaping,ppo,2024,stochastic,13,50013,4.0,16,True,False,success,saved,True,False,False,70,30,1,0,6,16
ppo_no_shaping,ppo,2024,stochastic,14,50014,4.0,16,True,False,success,saved,True,False,False,70,30,1,0,6,16
ppo_no_shaping,ppo,2024,stochastic,15,50015,4.0,16,True,False,success,saved,True,False,False,68,32,1,0,6,16
ppo_no_shaping,ppo,2024,stochastic,16,50016,4.0,16,True,False,success,saved,True,False,False,70,30,1,0,6,16
ppo_no_shaping,ppo,2024,stochastic,17,50017,4.0,16,True,False,success,saved,True,False,False,70,30,1,0,6,16
ppo_no_shaping,ppo,2024,stochastic,18,50018,4.0,16,True,False,success,saved,True,False,False,70,30,1,0,6,16
ppo_no_shaping,ppo,2024,stochastic,19,50019,4.0,16,True,False,success,saved,True,False,False,70,30,1,0,6,16
ppo_no_shaping,ppo,2024,stochastic,20,50020,4.0,16,True,False,success,saved,True,False,False,70,30,1,0,6,16
ppo_no_shaping,ppo,2024,stochastic,21,50021,4.0,16,True,False,success,saved,True,False,False,70,30,1,0,6,16
ppo_no_shaping,ppo,2024,stochastic,22,50022,4.0,16,True,False,success,saved,True,False,False,70,30,1,0,6,16
ppo_no_shaping,ppo,2024,stochastic,23,50023,4.0,16,True,False,success,saved,True,False,False,70,30,1,0,6,16
ppo_no_shaping,ppo,2024,stochastic,24,50024,4.0,16,True,False,success,saved,True,False,False,70,30,1,0,6,16
ppo_no_shaping,ppo,2024,stochastic,25,50025,4.0,16,True,False,success,saved,True,False,False,70,30,1,0,6,16
ppo_no_shaping,ppo,2024,stochastic,26,50026,4.0,16,True,False,success,saved,True,False,False,70,30,1,0,6,16
ppo_no_shaping,ppo,2024,stochastic,27,50027,4.0,16,True,False,success,saved,True,False,False,70,30,1,0,6,16
ppo_no_shaping,ppo,2024,stochastic,28,50028,4.0,16,True,False,success,saved,True,False,False,70,30,1,0,6,16
ppo_no_shaping,ppo,2024,stochastic,29,50029,4.0,16,True,False,success,saved,True,False,False,70,30,1,0,6,16
ppo_no_shaping,ppo,2024,stochastic,30,50030,4.0,16,True,False,success,saved,True,False,False,70,30,1,0,6,16
ppo_no_shaping,ppo,2024,stochastic,31,50031,4.0,16,True,False,success,saved,True,False,False,70,30,1,0,6,16
ppo_no_shaping,ppo,2024,stochastic,32,50032,4.0,16,True,False,success,saved,True,False,False,70,30,1,0,6,16
ppo_no_shaping,ppo,2024,stochastic,33,50033,4.0,16,True,False,success,saved,True,False,False,70,30,1,0,6,16
ppo_no_shaping,ppo,2024,stochastic,34,50034,4.0,16,True,False,success,saved,True,False,False,70,30,1,0,6,16
ppo_no_shaping,ppo,2024,stochastic,35,50035,4.0,16,True,False,success,saved,True,False,False,70,30,1,0,6,16
ppo_no_shaping,ppo,2024,stochastic,36,50036,4.0,16,True,False,success,saved,True,False,False,70,30,1,0,6,16
ppo_no_shaping,ppo,2024,stochastic,37,50037,4.0,16,True,False,success,saved,True,False,False,70,30,1,0,6,16
ppo_no_shaping,ppo,2024,stochastic,38,50038,4.0,16,True,False,success,saved,True,False,False,70,30,1,0,6,16
ppo_no_shaping,ppo,2024,stochastic,39,50039,4.0,16,True,False,success,saved,True,False,False,70,30,1,0,6,16
ppo_no_shaping,ppo,2024,stochastic,40,50040,4.0,16,True,False,success,saved,True,False,False,70,30,1,0,6,16
ppo_no_shaping,ppo,2024,stochastic,41,50041,4.0,16,True,False,success,saved,True,False,False,70,30,1,0,6,16
ppo_no_shaping,ppo,2024,stochastic,42,50042,4.0,16,True,False,success,saved,True,False,False,70,30,1,0,6,16
ppo_no_shaping,ppo,2024,stochastic,43,50043,4.0,16,True,False,success,saved,True,False,False,70,30,1,0,6,16
ppo_no_shaping,ppo,2024,stochastic,44,50044,4.0,16,True,False,success,saved,True,False,False,70,30,1,0,6,16
ppo_no_shaping,ppo,2024,stochastic,45,50045,4.0,16,True,False,success,saved,True,False,False,70,30,1,0,6,16
ppo_no_shaping,ppo,2024,stochastic,46,50046,4.0,16,True,False,success,saved,True,False,False,70,30,1,0,6,16
ppo_no_shaping,ppo,2024,stochastic,47,50047,4.0,16,True,False,success,saved,True,False,False,70,30,1,0,6,16
ppo_no_shaping,ppo,2024,stochastic,48,50048,4.0,16,True,False,success,saved,True,False,False,70,30,1,0,6,16
ppo_no_shaping,ppo,2024,stochastic,49,50049,4.0,16,True,False,success,saved,True,False,False,70,30,1,0,6,16
ppo_no_shaping,ppo,2024,stochastic,50,50050,4.0,16,True,False,success,saved,True,False,False,70,30,1,0,6,16
ppo_no_shaping,ppo,2024,stochastic,51,50051,4.0,16,True,False,success,saved,True,False,False,70,30,1,0,6,16
ppo_no_shaping,ppo,2024,stochastic,52,50052,4.0,16,True,False,success,saved,True,False,False,70,30,1,0,6,16
ppo_no_shaping,ppo,2024,stochastic,53,50053,4.0,16,True,False,success,saved,True,False,False,70,30,1,0,6,16
ppo_no_shaping,ppo,2024,stochastic,54,50054,4.0,16,True,False,success,saved,True,False,False,70,30,1,0,6,16
ppo_no_shaping,ppo,2024,stochastic,55,50055,4.0,16,True,False,success,saved,True,False,False,70,30,1,0,6,16
ppo_no_shaping,ppo,2024,stochastic,56,50056,4.0,16,True,False,success,saved,True,False,False,70,30,1,0,6,16
ppo_no_shaping,ppo,2024,stochastic,57,50057,4.0,16,True,False,success,saved,True,False,False,70,30,1,0,6,16
ppo_no_shaping,ppo,2024,stochastic,58,50058,4.0,16,True,False,success,saved,True,False,False,70,30,1,0,6,16
ppo_no_shaping,ppo,2024,stochastic,59,50059,4.0,16,True,False,success,saved,True,False,False,70,30,1,0,6,16
ppo_no_shaping,ppo,2024,stochastic,60,50060,4.0,16,True,False,success,saved,True,False,False,70,30,1,0,6,16
ppo_no_shaping,ppo,2024,stochastic,61,50061,4.0,16,True,False,success,saved,True,False,False,70,30,1,0,6,16
ppo_no_shaping,ppo,2024,stochastic,62,50062,4.0,16,True,False,success,saved,True,False,False,70,30,1,0,6,16
ppo_no_shaping,ppo,2024,stochastic,63,50063,4.0,16,True,False,success,saved,True,False,False,70,30,1,0,6,16
ppo_no_shaping,ppo,2024,stochastic,64,50064,4.0,16,True,False,success,saved,True,False,False,70,30,1,0,6,16
ppo_no_shaping,ppo,2024,stochastic,65,50065,4.0,16,True,False,success,saved,True,False,False,70,30,1,0,6,16
ppo_no_shaping,ppo,2024,stochastic,66,50066,1.0,19,True,False,success,saved,True,False,False,53,47,2,0,9,19
ppo_no_shaping,ppo,2024,stochastic,67,50067,4.0,16,True,False,success,saved,True,False,False,70,30,1,0,6,16
ppo_no_shaping,ppo,2024,stochastic,68,50068,4.0,16,True,False,success,saved,True,False,False,70,30,1,0,6,16
ppo_no_shaping,ppo,2024,stochastic,69,50069,4.0,16,True,False,success,saved,True,False,False,70,30,1,0,6,16
ppo_no_shaping,ppo,2024,stochastic,70,50070,4.0,16,True,False,success,saved,True,False,False,70,30,1,0,6,16
ppo_no_shaping,ppo,2024,stochastic,71,50071,4.0,16,True,False,success,saved,True,False,False,70,30,1,0,6,16
ppo_no_shaping,ppo,2024,stochastic,72,50072,4.0,16,True,False,success,saved,True,False,False,70,30,1,0,6,16
ppo_no_shaping,ppo,2024,stochastic,73,50073,4.0,16,True,False,success,saved,True,False,False,70,30,1,0,6,16
ppo_no_shaping,ppo,2024,stochastic,74,50074,4.0,16,True,False,success,saved,True,False,False,70,30,1,0,6,16
ppo_no_shaping,ppo,2024,stochastic,75,50075,4.0,16,True,False,success,saved,True,False,False,70,30,1,0,6,16
ppo_no_shaping,ppo,2024,stochastic,76,50076,4.0,16,True,False,success,saved,True,False,False,70,30,1,0,6,16
ppo_no_shaping,ppo,2024,stochastic,77,50077,4.0,16,True,False,success,saved,True,False,False,70,30,1,0,6,16
ppo_no_shaping,ppo,2024,stochastic,78,50078,4.0,16,True,False,success,saved,True,False,False,70,30,1,0,6,16
ppo_no_shaping,ppo,2024,stochastic,79,50079,4.0,16,True,False,success,saved,True,False,False,70,30,1,0,6,16
ppo_no_shaping,ppo,2024,stochastic,80,50080,4.0,16,True,False,success,saved,True,False,False,70,30,1,0,6,16
ppo_no_shaping,ppo,2024,stochastic,81,50081,4.0,16,True,False,success,saved,True,False,False,70,30,1,0,6,16
ppo_no_shaping,ppo,2024,stochastic,82,50082,4.0,16,True,False,success,saved,True,False,False,70,30,1,0,6,16
ppo_no_shaping,ppo,2024,stochastic,83,50083,4.0,16,True,False,success,saved,True,False,False,70,30,1,0,6,16
ppo_no_shaping,ppo,2024,stochastic,84,50084,4.0,16,True,False,success,saved,True,False,False,70,30,1,0,6,16
ppo_no_shaping,ppo,2024,stochastic,85,50085,4.0,16,True,False,success,saved,True,False,False,70,30,1,0,6,16
ppo_no_shaping,ppo,2024,stochastic,86,50086,3.0,17,True,False,success,saved,True,False,False,70,30,1,0,6,17
ppo_no_shaping,ppo,2024,stochastic,87,50087,4.0,16,True,False,success,saved,True,False,False,70,30,1,0,6,16
ppo_no_shaping,ppo,2024,stochastic,88,50088,4.0,16,True,False,success,saved,True,False,False,70,30,1,0,6,16
ppo_no_shaping,ppo,2024,stochastic,89,50089,4.0,16,True,False,success,saved,True,False,False,70,30,1,0,6,16
ppo_no_shaping,ppo,2024,stochastic,90,50090,4.0,16,True,False,success,saved,True,False,False,70,30,1,0,6,16
ppo_no_shaping,ppo,2024,stochastic,91,50091,4.0,16,True,False,success,saved,True,False,False,70,30,1,0,6,16
ppo_no_shaping,ppo,2024,stochastic,92,50092,4.0,16,True,False,success,saved,True,False,False,70,30,1,0,6,16
ppo_no_shaping,ppo,2024,stochastic,93,50093,4.0,16,True,False,success,saved,True,False,False,70,30,1,0,6,16
ppo_no_shaping,ppo,2024,stochastic,94,50094,4.0,16,True,False,success,saved,True,False,False,70,30,1,0,6,16
ppo_no_shaping,ppo,2024,stochastic,95,50095,3.0,17,True,False,success,saved,True,False,False,55,45,2,0,6,17
ppo_no_shaping,ppo,2024,stochastic,96,50096,4.0,16,True,False,success,saved,True,False,False,70,30,1,0,6,16
ppo_no_shaping,ppo,2024,stochastic,97,50097,4.0,16,True,False,success,saved,True,False,False,70,30,1,0,6,16
ppo_no_shaping,ppo,2024,stochastic,98,50098,4.0,16,True,False,success,saved,True,False,False,70,30,1,0,6,16
ppo_no_shaping,ppo,2024,stochastic,99,50099,4.0,16,True,False,success,saved,True,False,False,70,30,1,0,6,16
ppo_no_shaping,ppo,7,deterministic,0,50000,-96.0,86,True,False,animal_lost,lost,False,True,False,38,62,2,2,,
ppo_no_shaping,ppo,7,deterministic,1,50001,-85.0,75,True,False,animal_lost,lost,False,True,False,48,52,2,2,,
ppo_no_shaping,ppo,7,deterministic,2,50002,-90.0,100,False,True,max_steps,awaiting,False,False,False,56,44,2,2,,
ppo_no_shaping,ppo,7,deterministic,3,50003,-90.0,100,False,True,max_steps,awaiting,False,False,False,59,41,2,2,,
ppo_no_shaping,ppo,7,deterministic,4,50004,-90.0,100,False,True,max_steps,awaiting,False,False,False,59,41,2,2,,
ppo_no_shaping,ppo,7,deterministic,5,50005,-102.0,92,True,False,animal_lost,lost,False,True,False,55,45,2,2,,
ppo_no_shaping,ppo,7,deterministic,6,50006,-79.0,69,True,False,animal_lost,lost,False,True,False,50,50,2,2,,
ppo_no_shaping,ppo,7,deterministic,7,50007,-72.0,57,True,False,animal_lost,lost,False,True,False,71,29,1,1,,
ppo_no_shaping,ppo,7,deterministic,8,50008,-85.0,70,True,False,animal_lost,lost,False,True,False,72,28,1,1,,
ppo_no_shaping,ppo,7,deterministic,9,50009,-90.0,100,False,True,max_steps,awaiting,False,False,False,10,90,2,2,,
ppo_no_shaping,ppo,7,deterministic,10,50010,-90.0,100,False,True,max_steps,awaiting,False,False,False,59,41,2,2,,
ppo_no_shaping,ppo,7,deterministic,11,50011,-90.0,100,False,True,max_steps,awaiting,False,False,False,59,41,2,2,,
ppo_no_shaping,ppo,7,deterministic,12,50012,-90.0,100,False,True,max_steps,awaiting,False,False,False,51,49,2,2,,
ppo_no_shaping,ppo,7,deterministic,13,50013,-90.0,100,False,True,max_steps,awaiting,False,False,False,56,44,2,2,,
ppo_no_shaping,ppo,7,deterministic,14,50014,-90.0,100,False,True,max_steps,awaiting,False,False,False,56,44,2,2,,
ppo_no_shaping,ppo,7,deterministic,15,50015,-109.0,94,True,False,animal_lost,lost,False,True,False,65,35,1,1,,
ppo_no_shaping,ppo,7,deterministic,16,50016,-75.0,65,True,False,animal_lost,lost,False,True,False,49,51,2,2,,
ppo_no_shaping,ppo,7,deterministic,17,50017,-74.0,64,True,False,animal_lost,lost,False,True,False,55,45,2,2,,
ppo_no_shaping,ppo,7,deterministic,18,50018,-90.0,100,False,True,max_steps,awaiting,False,False,False,59,41,2,2,,
ppo_no_shaping,ppo,7,deterministic,19,50019,-90.0,100,False,True,max_steps,awaiting,False,False,False,59,41,2,2,,
ppo_no_shaping,ppo,7,deterministic,20,50020,-86.0,76,True,False,animal_lost,lost,False,True,False,56,44,2,2,,
ppo_no_shaping,ppo,7,deterministic,21,50021,-100.0,90,True,False,animal_lost,lost,False,True,False,47,53,2,2,,
ppo_no_shaping,ppo,7,deterministic,22,50022,-90.0,100,False,True,max_steps,awaiting,False,False,False,52,48,2,2,,
ppo_no_shaping,ppo,7,deterministic,23,50023,-84.0,69,True,False,animal_lost,lost,False,True,False,77,23,1,1,,
ppo_no_shaping,ppo,7,deterministic,24,50024,-90.0,100,False,True,max_steps,awaiting,False,False,False,59,41,2,2,,
ppo_no_shaping,ppo,7,deterministic,25,50025,-90.0,100,False,True,max_steps,awaiting,False,False,False,59,41,2,2,,
ppo_no_shaping,ppo,7,deterministic,26,50026,-90.0,100,False,True,max_steps,awaiting,False,False,False,59,41,2,2,,
ppo_no_shaping,ppo,7,deterministic,27,50027,-59.0,49,True,False,animal_lost,lost,False,True,False,42,58,2,2,,
ppo_no_shaping,ppo,7,deterministic,28,50028,-90.0,100,False,True,max_steps,awaiting,False,False,False,59,41,2,2,,
ppo_no_shaping,ppo,7,deterministic,29,50029,-90.0,100,False,True,max_steps,awaiting,False,False,False,56,44,2,2,,
ppo_no_shaping,ppo,7,deterministic,30,50030,-90.0,100,False,True,max_steps,awaiting,False,False,False,59,41,2,2,,
ppo_no_shaping,ppo,7,deterministic,31,50031,-90.0,100,False,True,max_steps,awaiting,False,False,False,59,41,2,2,,
ppo_no_shaping,ppo,7,deterministic,32,50032,-56.0,46,True,False,animal_lost,lost,False,True,False,59,41,2,2,,
ppo_no_shaping,ppo,7,deterministic,33,50033,-90.0,100,False,True,max_steps,awaiting,False,False,False,48,52,2,2,,
ppo_no_shaping,ppo,7,deterministic,34,50034,-90.0,100,False,True,max_steps,awaiting,False,False,False,55,45,2,2,,
ppo_no_shaping,ppo,7,deterministic,35,50035,-90.0,100,False,True,max_steps,awaiting,False,False,False,59,41,2,2,,
ppo_no_shaping,ppo,7,deterministic,36,50036,-80.0,70,True,False,animal_lost,lost,False,True,False,56,44,2,2,,
ppo_no_shaping,ppo,7,deterministic,37,50037,-90.0,75,True,False,animal_lost,lost,False,True,False,64,36,1,1,,
ppo_no_shaping,ppo,7,deterministic,38,50038,-90.0,100,False,True,max_steps,awaiting,False,False,False,50,50,2,2,,
ppo_no_shaping,ppo,7,deterministic,39,50039,-90.0,100,False,True,max_steps,awaiting,False,False,False,59,41,2,2,,
ppo_no_shaping,ppo,7,deterministic,40,50040,-90.0,100,False,True,max_steps,awaiting,False,False,False,39,61,2,2,,
ppo_no_shaping,ppo,7,deterministic,41,50041,-90.0,100,False,True,max_steps,awaiting,False,False,False,58,42,2,2,,
ppo_no_shaping,ppo,7,deterministic,42,50042,-90.0,100,False,True,max_steps,awaiting,False,False,False,54,46,2,2,,
ppo_no_shaping,ppo,7,deterministic,43,50043,-90.0,100,False,True,max_steps,awaiting,False,False,False,59,41,2,2,,
ppo_no_shaping,ppo,7,deterministic,44,50044,-90.0,100,False,True,max_steps,awaiting,False,False,False,59,41,2,2,,
ppo_no_shaping,ppo,7,deterministic,45,50045,-90.0,100,False,True,max_steps,awaiting,False,False,False,59,41,2,2,,
ppo_no_shaping,ppo,7,deterministic,46,50046,-82.0,72,True,False,animal_lost,lost,False,True,False,38,62,2,2,,
ppo_no_shaping,ppo,7,deterministic,47,50047,-107.0,92,True,False,animal_lost,lost,False,True,False,74,26,1,1,,
ppo_no_shaping,ppo,7,deterministic,48,50048,-83.0,73,True,False,animal_lost,lost,False,True,False,48,52,2,2,,
ppo_no_shaping,ppo,7,deterministic,49,50049,-90.0,100,False,True,max_steps,awaiting,False,False,False,59,41,2,2,,
ppo_no_shaping,ppo,7,deterministic,50,50050,-90.0,100,False,True,max_steps,awaiting,False,False,False,42,58,2,2,,
ppo_no_shaping,ppo,7,deterministic,51,50051,-90.0,100,False,True,max_steps,awaiting,False,False,False,59,41,2,2,,
ppo_no_shaping,ppo,7,deterministic,52,50052,-69.0,59,True,False,animal_lost,lost,False,True,False,36,64,2,2,,
ppo_no_shaping,ppo,7,deterministic,53,50053,-90.0,100,False,True,max_steps,awaiting,False,False,False,56,44,2,2,,
ppo_no_shaping,ppo,7,deterministic,54,50054,-90.0,100,False,True,max_steps,awaiting,False,False,False,58,42,2,2,,
ppo_no_shaping,ppo,7,deterministic,55,50055,-90.0,100,False,True,max_steps,awaiting,False,False,False,56,44,2,2,,
ppo_no_shaping,ppo,7,deterministic,56,50056,-90.0,100,False,True,max_steps,awaiting,False,False,False,55,45,2,2,,
ppo_no_shaping,ppo,7,deterministic,57,50057,-90.0,100,False,True,max_steps,awaiting,False,False,False,56,44,2,2,,
ppo_no_shaping,ppo,7,deterministic,58,50058,-90.0,100,False,True,max_steps,awaiting,False,False,False,59,41,2,2,,
ppo_no_shaping,ppo,7,deterministic,59,50059,-90.0,100,False,True,max_steps,awaiting,False,False,False,59,41,2,2,,
ppo_no_shaping,ppo,7,deterministic,60,50060,-90.0,100,False,True,max_steps,awaiting,False,False,False,59,41,2,2,,
ppo_no_shaping,ppo,7,deterministic,61,50061,-90.0,100,False,True,max_steps,awaiting,False,False,False,59,41,2,2,,
ppo_no_shaping,ppo,7,deterministic,62,50062,-88.0,78,True,False,animal_lost,lost,False,True,False,39,61,2,2,,
ppo_no_shaping,ppo,7,deterministic,63,50063,-91.0,81,True,False,animal_lost,lost,False,True,False,54,46,2,2,,
ppo_no_shaping,ppo,7,deterministic,64,50064,-83.0,73,True,False,animal_lost,lost,False,True,False,40,60,2,2,,
ppo_no_shaping,ppo,7,deterministic,65,50065,-90.0,100,False,True,max_steps,awaiting,False,False,False,59,41,2,2,,
ppo_no_shaping,ppo,7,deterministic,66,50066,-90.0,100,False,True,max_steps,awaiting,False,False,False,58,42,2,2,,
ppo_no_shaping,ppo,7,deterministic,67,50067,-101.0,91,True,False,animal_lost,lost,False,True,False,53,47,2,2,,
ppo_no_shaping,ppo,7,deterministic,68,50068,-90.0,100,False,True,max_steps,awaiting,False,False,False,59,41,2,2,,
ppo_no_shaping,ppo,7,deterministic,69,50069,-90.0,100,False,True,max_steps,awaiting,False,False,False,59,41,2,2,,
ppo_no_shaping,ppo,7,deterministic,70,50070,-48.0,38,True,False,animal_lost,lost,False,True,False,58,42,2,2,,
ppo_no_shaping,ppo,7,deterministic,71,50071,-90.0,100,False,True,max_steps,awaiting,False,False,False,54,46,2,2,,
ppo_no_shaping,ppo,7,deterministic,72,50072,-90.0,100,False,True,max_steps,awaiting,False,False,False,58,42,2,2,,
ppo_no_shaping,ppo,7,deterministic,73,50073,-90.0,100,False,True,max_steps,awaiting,False,False,False,49,51,2,2,,
ppo_no_shaping,ppo,7,deterministic,74,50074,-90.0,100,False,True,max_steps,awaiting,False,False,False,58,42,2,2,,
ppo_no_shaping,ppo,7,deterministic,75,50075,-90.0,100,False,True,max_steps,awaiting,False,False,False,54,46,2,2,,
ppo_no_shaping,ppo,7,deterministic,76,50076,-90.0,100,False,True,max_steps,awaiting,False,False,False,86,54,2,2,,
ppo_no_shaping,ppo,7,deterministic,77,50077,-90.0,100,False,True,max_steps,awaiting,False,False,False,58,42,2,2,,
ppo_no_shaping,ppo,7,deterministic,78,50078,-86.0,76,True,False,animal_lost,lost,False,True,False,58,42,2,2,,
ppo_no_shaping,ppo,7,deterministic,79,50079,-90.0,100,False,True,max_steps,awaiting,False,False,False,59,41,2,2,,
ppo_no_shaping,ppo,7,deterministic,80,50080,-81.0,71,True,False,animal_lost,lost,False,True,False,57,43,2,2,,
ppo_no_shaping,ppo,7,deterministic,81,50081,-90.0,100,False,True,max_steps,awaiting,False,False,False,33,67,2,2,,
ppo_no_shaping,ppo,7,deterministic,82,50082,-90.0,100,False,True,max_steps,awaiting,False,False,False,59,41,2,2,,
ppo_no_shaping,ppo,7,deterministic,83,50083,-90.0,100,False,True,max_steps,awaiting,False,False,False,59,41,2,2,,
ppo_no_shaping,ppo,7,deterministic,84,50084,-90.0,100,False,True,max_steps,awaiting,False,False,False,53,47,2,2,,
ppo_no_shaping,ppo,7,deterministic,85,50085,-90.0,100,False,True,max_steps,awaiting,False,False,False,100,56,2,2,,
ppo_no_shaping,ppo,7,deterministic,86,50086,-37.0,22,True,False,animal_lost,lost,False,True,False,72,28,1,1,,
ppo_no_shaping,ppo,7,deterministic,87,50087,-90.0,100,False,True,max_steps,awaiting,False,False,False,56,44,2,2,,
ppo_no_shaping,ppo,7,deterministic,88,50088,-86.0,76,True,False,animal_lost,lost,False,True,False,58,42,2,2,,
ppo_no_shaping,ppo,7,deterministic,89,50089,-90.0,100,False,True,max_steps,awaiting,False,False,False,59,41,2,2,,
ppo_no_shaping,ppo,7,deterministic,90,50090,-90.0,100,False,True,max_steps,awaiting,False,False,False,59,41,2,2,,
ppo_no_shaping,ppo,7,deterministic,91,50091,-96.0,86,True,False,animal_lost,lost,False,True,False,53,47,2,2,,
ppo_no_shaping,ppo,7,deterministic,92,50092,-76.0,66,True,False,animal_lost,lost,False,True,False,56,44,2,2,,
ppo_no_shaping,ppo,7,deterministic,93,50093,-91.0,81,True,False,animal_lost,lost,False,True,False,55,45,2,2,,
ppo_no_shaping,ppo,7,deterministic,94,50094,-90.0,100,False,True,max_steps,awaiting,False,False,False,54,46,2,2,,
ppo_no_shaping,ppo,7,deterministic,95,50095,-60.0,50,True,False,animal_lost,lost,False,True,False,54,46,2,2,,
ppo_no_shaping,ppo,7,deterministic,96,50096,-72.0,62,True,False,animal_lost,lost,False,True,False,58,42,2,2,,
ppo_no_shaping,ppo,7,deterministic,97,50097,-108.0,98,True,False,animal_lost,lost,False,True,False,59,41,2,2,,
ppo_no_shaping,ppo,7,deterministic,98,50098,-90.0,100,False,True,max_steps,awaiting,False,False,False,40,60,2,2,,
ppo_no_shaping,ppo,7,deterministic,99,50099,-86.0,76,True,False,animal_lost,lost,False,True,False,54,46,2,2,,
ppo_no_shaping,ppo,7,stochastic,0,50000,-96.0,86,True,False,animal_lost,lost,False,True,False,40,60,2,2,,
ppo_no_shaping,ppo,7,stochastic,1,50001,-40.0,30,True,False,animal_lost,lost,False,True,False,45,55,2,2,,
ppo_no_shaping,ppo,7,stochastic,2,50002,-90.0,100,False,True,max_steps,awaiting,False,False,False,55,45,2,2,,
ppo_no_shaping,ppo,7,stochastic,3,50003,-90.0,100,False,True,max_steps,awaiting,False,False,False,53,47,2,2,,
ppo_no_shaping,ppo,7,stochastic,4,50004,-90.0,100,False,True,max_steps,awaiting,False,False,False,53,47,2,2,,
ppo_no_shaping,ppo,7,stochastic,5,50005,-102.0,92,True,False,animal_lost,lost,False,True,False,50,50,2,2,,
ppo_no_shaping,ppo,7,stochastic,6,50006,-95.0,100,False,True,max_steps,awaiting,False,False,False,0,100,2,1,,
ppo_no_shaping,ppo,7,stochastic,7,50007,-65.0,55,True,False,animal_lost,lost,False,True,False,46,54,2,2,,
ppo_no_shaping,ppo,7,stochastic,8,50008,-98.0,88,True,False,animal_lost,lost,False,True,False,54,46,2,2,,
ppo_no_shaping,ppo,7,stochastic,9,50009,-90.0,100,False,True,max_steps,awaiting,False,False,False,39,61,2,2,,
ppo_no_shaping,ppo,7,stochastic,10,50010,-90.0,100,False,True,max_steps,awaiting,False,False,False,55,45,2,2,,
ppo_no_shaping,ppo,7,stochastic,11,50011,-90.0,100,False,True,max_steps,awaiting,False,False,False,53,47,2,2,,
ppo_no_shaping,ppo,7,stochastic,12,50012,-90.0,100,False,True,max_steps,awaiting,False,False,False,47,53,2,2,,
ppo_no_shaping,ppo,7,stochastic,13,50013,-95.0,100,False,True,max_steps,awaiting,False,False,False,55,45,2,1,,
ppo_no_shaping,ppo,7,stochastic,14,50014,-90.0,100,False,True,max_steps,awaiting,False,False,False,47,53,2,2,,
ppo_no_shaping,ppo,7,stochastic,15,50015,-46.0,36,True,False,animal_lost,lost,False,True,False,56,44,2,2,,
ppo_no_shaping,ppo,7,stochastic,16,50016,-95.0,100,False,True,max_steps,awaiting,False,False,False,30,70,2,1,,
ppo_no_shaping,ppo,7,stochastic,17,50017,-90.0,100,False,True,max_steps,awaiting,False,False,False,42,58,2,2,,
ppo_no_shaping,ppo,7,stochastic,18,50018,-90.0,100,False,True,max_steps,awaiting,False,False,False,57,43,2,2,,
ppo_no_shaping,ppo,7,stochastic,19,50019,-90.0,100,False,True,max_steps,awaiting,False,False,False,55,45,2,2,,
ppo_no_shaping,ppo,7,stochastic,20,50020,-86.0,76,True,False,animal_lost,lost,False,True,False,44,56,2,2,,
ppo_no_shaping,ppo,7,stochastic,21,50021,-104.0,94,True,False,animal_lost,lost,False,True,False,57,43,2,2,,
ppo_no_shaping,ppo,7,stochastic,22,50022,-90.0,100,False,True,max_steps,awaiting,False,False,False,46,54,2,2,,
ppo_no_shaping,ppo,7,stochastic,23,50023,-84.0,69,True,False,animal_lost,lost,False,True,False,77,23,1,1,,
ppo_no_shaping,ppo,7,stochastic,24,50024,-90.0,100,False,True,max_steps,awaiting,False,False,False,57,43,2,2,,
ppo_no_shaping,ppo,7,stochastic,25,50025,-90.0,100,False,True,max_steps,awaiting,False,False,False,59,41,2,2,,
ppo_no_shaping,ppo,7,stochastic,26,50026,-90.0,100,False,True,max_steps,awaiting,False,False,False,53,47,2,2,,
ppo_no_shaping,ppo,7,stochastic,27,50027,-66.0,56,True,False,animal_lost,lost,False,True,False,54,46,2,2,,
ppo_no_shaping,ppo,7,stochastic,28,50028,-90.0,100,False,True,max_steps,awaiting,False,False,False,57,43,2,2,,
ppo_no_shaping,ppo,7,stochastic,29,50029,-95.0,100,False,True,max_steps,awaiting,False,False,False,48,52,2,1,,
ppo_no_shaping,ppo,7,stochastic,30,50030,-90.0,100,False,True,max_steps,awaiting,False,False,False,53,47,2,2,,
ppo_no_shaping,ppo,7,stochastic,31,50031,-90.0,100,False,True,max_steps,awaiting,False,False,False,53,47,2,2,,
ppo_no_shaping,ppo,7,stochastic,32,50032,-56.0,46,True,False,animal_lost,lost,False,True,False,57,43,2,2,,
ppo_no_shaping,ppo,7,stochastic,33,50033,-90.0,100,False,True,max_steps,awaiting,False,False,False,38,62,2,2,,
ppo_no_shaping,ppo,7,stochastic,34,50034,-90.0,100,False,True,max_steps,awaiting,False,False,False,46,54,2,2,,
ppo_no_shaping,ppo,7,stochastic,35,50035,-90.0,100,False,True,max_steps,awaiting,False,False,False,51,49,2,2,,
ppo_no_shaping,ppo,7,stochastic,36,50036,-55.0,45,True,False,animal_lost,lost,False,True,False,53,47,2,2,,
ppo_no_shaping,ppo,7,stochastic,37,50037,-102.0,92,True,False,animal_lost,lost,False,True,False,38,62,2,2,,
ppo_no_shaping,ppo,7,stochastic,38,50038,-90.0,100,False,True,max_steps,awaiting,False,False,False,52,48,2,2,,
ppo_no_shaping,ppo,7,stochastic,39,50039,-90.0,100,False,True,max_steps,awaiting,False,False,False,55,45,2,2,,
ppo_no_shaping,ppo,7,stochastic,40,50040,-90.0,100,False,True,max_steps,awaiting,False,False,False,13,87,2,2,,
ppo_no_shaping,ppo,7,stochastic,41,50041,-109.0,99,True,False,animal_lost,lost,False,True,False,26,74,2,2,,
ppo_no_shaping,ppo,7,stochastic,42,50042,-90.0,100,False,True,max_steps,awaiting,False,False,False,50,50,2,2,,
ppo_no_shaping,ppo,7,stochastic,43,50043,-90.0,100,False,True,max_steps,awaiting,False,False,False,55,45,2,2,,
ppo_no_shaping,ppo,7,stochastic,44,50044,-90.0,100,False,True,max_steps,awaiting,False,False,False,51,49,2,2,,
ppo_no_shaping,ppo,7,stochastic,45,50045,-90.0,100,False,True,max_steps,awaiting,False,False,False,57,43,2,2,,
ppo_no_shaping,ppo,7,stochastic,46,50046,-90.0,100,False,True,max_steps,awaiting,False,False,False,7,93,2,2,,
ppo_no_shaping,ppo,7,stochastic,47,50047,-108.0,98,True,False,animal_lost,lost,False,True,False,39,61,2,2,,
ppo_no_shaping,ppo,7,stochastic,48,50048,-83.0,73,True,False,animal_lost,lost,False,True,False,36,64,2,2,,
ppo_no_shaping,ppo,7,stochastic,49,50049,-90.0,100,False,True,max_steps,awaiting,False,False,False,57,43,2,2,,
ppo_no_shaping,ppo,7,stochastic,50,50050,-90.0,100,False,True,max_steps,awaiting,False,False,False,20,80,2,2,,
ppo_no_shaping,ppo,7,stochastic,51,50051,-90.0,100,False,True,max_steps,awaiting,False,False,False,55,45,2,2,,
ppo_no_shaping,ppo,7,stochastic,52,50052,-92.0,82,True,False,animal_lost,lost,False,True,False,41,59,2,2,,
ppo_no_shaping,ppo,7,stochastic,53,50053,-90.0,100,False,True,max_steps,awaiting,False,False,False,47,53,2,2,,
ppo_no_shaping,ppo,7,stochastic,54,50054,-98.0,88,True,False,animal_lost,lost,False,True,False,49,51,2,2,,
ppo_no_shaping,ppo,7,stochastic,55,50055,-90.0,100,False,True,max_steps,awaiting,False,False,False,45,55,2,2,,
ppo_no_shaping,ppo,7,stochastic,56,50056,-90.0,100,False,True,max_steps,awaiting,False,False,False,33,67,2,2,,
ppo_no_shaping,ppo,7,stochastic,57,50057,-90.0,100,False,True,max_steps,awaiting,False,False,False,51,49,2,2,,
ppo_no_shaping,ppo,7,stochastic,58,50058,-90.0,100,False,True,max_steps,awaiting,False,False,False,55,45,2,2,,
ppo_no_shaping,ppo,7,stochastic,59,50059,-90.0,100,False,True,max_steps,awaiting,False,False,False,55,45,2,2,,
ppo_no_shaping,ppo,7,stochastic,60,50060,-90.0,100,False,True,max_steps,awaiting,False,False,False,51,49,2,2,,
ppo_no_shaping,ppo,7,stochastic,61,50061,-90.0,100,False,True,max_steps,awaiting,False,False,False,51,49,2,2,,
ppo_no_shaping,ppo,7,stochastic,62,50062,-88.0,78,True,False,animal_lost,lost,False,True,False,47,53,2,2,,
ppo_no_shaping,ppo,7,stochastic,63,50063,-91.0,81,True,False,animal_lost,lost,False,True,False,46,54,2,2,,
ppo_no_shaping,ppo,7,stochastic,64,50064,-92.0,77,True,False,animal_lost,lost,False,True,False,54,46,2,1,,
ppo_no_shaping,ppo,7,stochastic,65,50065,-95.0,100,False,True,max_steps,awaiting,False,False,False,47,53,2,1,,
ppo_no_shaping,ppo,7,stochastic,66,50066,-90.0,100,False,True,max_steps,awaiting,False,False,False,56,44,2,2,,
ppo_no_shaping,ppo,7,stochastic,67,50067,-101.0,91,True,False,animal_lost,lost,False,True,False,49,51,2,2,,
ppo_no_shaping,ppo,7,stochastic,68,50068,-90.0,100,False,True,max_steps,awaiting,False,False,False,51,49,2,2,,
ppo_no_shaping,ppo,7,stochastic,69,50069,-96.0,76,True,False,animal_lost,lost,False,True,False,50,50,2,0,,
ppo_no_shaping,ppo,7,stochastic,70,50070,-77.0,67,True,False,animal_lost,lost,False,True,False,36,64,2,2,,
ppo_no_shaping,ppo,7,stochastic,71,50071,-90.0,100,False,True,max_steps,awaiting,False,False,False,44,56,2,2,,
ppo_no_shaping,ppo,7,stochastic,72,50072,-90.0,100,False,True,max_steps,awaiting,False,False,False,58,42,2,2,,
ppo_no_shaping,ppo,7,stochastic,73,50073,-90.0,100,False,True,max_steps,awaiting,False,False,False,47,53,2,2,,
ppo_no_shaping,ppo,7,stochastic,74,50074,-90.0,100,False,True,max_steps,awaiting,False,False,False,41,59,2,2,,
ppo_no_shaping,ppo,7,stochastic,75,50075,-107.0,97,True,False,animal_lost,lost,False,True,False,54,46,2,2,,
ppo_no_shaping,ppo,7,stochastic,76,50076,-90.0,100,False,True,max_steps,awaiting,False,False,False,38,62,2,2,,
ppo_no_shaping,ppo,7,stochastic,77,50077,-90.0,100,False,True,max_steps,awaiting,False,False,False,29,71,2,2,,
ppo_no_shaping,ppo,7,stochastic,78,50078,-93.0,83,True,False,animal_lost,lost,False,True,False,59,41,2,2,,
ppo_no_shaping,ppo,7,stochastic,79,50079,-90.0,100,False,True,max_steps,awaiting,False,False,False,54,46,2,2,,
ppo_no_shaping,ppo,7,stochastic,80,50080,-68.0,58,True,False,animal_lost,lost,False,True,False,43,57,2,2,,
ppo_no_shaping,ppo,7,stochastic,81,50081,-90.0,100,False,True,max_steps,awaiting,False,False,False,25,75,2,2,,
ppo_no_shaping,ppo,7,stochastic,82,50082,-90.0,100,False,True,max_steps,awaiting,False,False,False,53,47,2,2,,
ppo_no_shaping,ppo,7,stochastic,83,50083,-90.0,100,False,True,max_steps,awaiting,False,False,False,53,47,2,2,,
ppo_no_shaping,ppo,7,stochastic,84,50084,-90.0,100,False,True,max_steps,awaiting,False,False,False,26,74,2,2,,
ppo_no_shaping,ppo,7,stochastic,85,50085,-90.0,100,False,True,max_steps,awaiting,False,False,False,100,56,2,2,,
ppo_no_shaping,ppo,7,stochastic,86,50086,-60.0,45,True,False,animal_lost,lost,False,True,False,71,29,1,1,,
ppo_no_shaping,ppo,7,stochastic,87,50087,-90.0,100,False,True,max_steps,awaiting,False,False,False,53,47,2,2,,
ppo_no_shaping,ppo,7,stochastic,88,50088,-69.0,59,True,False,animal_lost,lost,False,True,False,45,55,2,2,,
ppo_no_shaping,ppo,7,stochastic,89,50089,-90.0,100,False,True,max_steps,awaiting,False,False,False,53,47,2,2,,
ppo_no_shaping,ppo,7,stochastic,90,50090,-90.0,100,False,True,max_steps,awaiting,False,False,False,57,43,2,2,,
ppo_no_shaping,ppo,7,stochastic,91,50091,-96.0,86,True,False,animal_lost,lost,False,True,False,32,68,2,2,,
ppo_no_shaping,ppo,7,stochastic,92,50092,-76.0,66,True,False,animal_lost,lost,False,True,False,56,44,2,2,,
ppo_no_shaping,ppo,7,stochastic,93,50093,-81.0,71,True,False,animal_lost,lost,False,True,False,47,53,2,2,,
ppo_no_shaping,ppo,7,stochastic,94,50094,-90.0,100,False,True,max_steps,awaiting,False,False,False,54,46,2,2,,
ppo_no_shaping,ppo,7,stochastic,95,50095,-72.0,62,True,False,animal_lost,lost,False,True,False,32,68,2,2,,
ppo_no_shaping,ppo,7,stochastic,96,50096,-72.0,62,True,False,animal_lost,lost,False,True,False,58,42,2,2,,
ppo_no_shaping,ppo,7,stochastic,97,50097,-108.0,98,True,False,animal_lost,lost,False,True,False,55,45,2,2,,
ppo_no_shaping,ppo,7,stochastic,98,50098,-77.0,62,True,False,animal_lost,lost,False,True,False,57,43,2,1,,
ppo_no_shaping,ppo,7,stochastic,99,50099,-44.0,34,True,False,animal_lost,lost,False,True,False,46,54,2,2,,
ppo_no_shaping,ppo,314,deterministic,0,50000,5.0,15,True,False,success,saved,True,False,False,85,15,0,0,5,15
ppo_no_shaping,ppo,314,deterministic,1,50001,5.0,15,True,False,success,saved,True,False,False,85,15,0,0,5,15
ppo_no_shaping,ppo,314,deterministic,2,50002,5.0,15,True,False,success,saved,True,False,False,85,15,0,0,5,15
ppo_no_shaping,ppo,314,deterministic,3,50003,5.0,15,True,False,success,saved,True,False,False,85,15,0,0,5,15
ppo_no_shaping,ppo,314,deterministic,4,50004,5.0,15,True,False,success,saved,True,False,False,85,15,0,0,5,15
ppo_no_shaping,ppo,314,deterministic,5,50005,5.0,15,True,False,success,saved,True,False,False,85,15,0,0,5,15
ppo_no_shaping,ppo,314,deterministic,6,50006,5.0,15,True,False,success,saved,True,False,False,85,15,0,0,5,15
ppo_no_shaping,ppo,314,deterministic,7,50007,5.0,15,True,False,success,saved,True,False,False,85,15,0,0,5,15
ppo_no_shaping,ppo,314,deterministic,8,50008,-2.0,22,True,False,success,saved,True,False,False,85,15,0,0,5,22
ppo_no_shaping,ppo,314,deterministic,9,50009,5.0,15,True,False,success,saved,True,False,False,85,15,0,0,5,15
ppo_no_shaping,ppo,314,deterministic,10,50010,5.0,15,True,False,success,saved,True,False,False,85,15,0,0,5,15
ppo_no_shaping,ppo,314,deterministic,11,50011,5.0,15,True,False,success,saved,True,False,False,85,15,0,0,5,15
ppo_no_shaping,ppo,314,deterministic,12,50012,5.0,15,True,False,success,saved,True,False,False,85,15,0,0,5,15
ppo_no_shaping,ppo,314,deterministic,13,50013,5.0,15,True,False,success,saved,True,False,False,85,15,0,0,5,15
ppo_no_shaping,ppo,314,deterministic,14,50014,5.0,15,True,False,success,saved,True,False,False,85,15,0,0,5,15
ppo_no_shaping,ppo,314,deterministic,15,50015,5.0,15,True,False,success,saved,True,False,False,85,15,0,0,5,15
ppo_no_shaping,ppo,314,deterministic,16,50016,5.0,15,True,False,success,saved,True,False,False,85,15,0,0,5,15
ppo_no_shaping,ppo,314,deterministic,17,50017,5.0,15,True,False,success,saved,True,False,False,85,15,0,0,5,15
ppo_no_shaping,ppo,314,deterministic,18,50018,5.0,15,True,False,success,saved,True,False,False,85,15,0,0,5,15
ppo_no_shaping,ppo,314,deterministic,19,50019,5.0,15,True,False,success,saved,True,False,False,85,15,0,0,5,15
ppo_no_shaping,ppo,314,deterministic,20,50020,5.0,15,True,False,success,saved,True,False,False,85,15,0,0,5,15
ppo_no_shaping,ppo,314,deterministic,21,50021,5.0,15,True,False,success,saved,True,False,False,85,15,0,0,5,15
ppo_no_shaping,ppo,314,deterministic,22,50022,5.0,15,True,False,success,saved,True,False,False,85,15,0,0,5,15
ppo_no_shaping,ppo,314,deterministic,23,50023,5.0,15,True,False,success,saved,True,False,False,85,15,0,0,5,15
ppo_no_shaping,ppo,314,deterministic,24,50024,5.0,15,True,False,success,saved,True,False,False,85,15,0,0,5,15
ppo_no_shaping,ppo,314,deterministic,25,50025,5.0,15,True,False,success,saved,True,False,False,85,15,0,0,5,15
ppo_no_shaping,ppo,314,deterministic,26,50026,5.0,15,True,False,success,saved,True,False,False,85,15,0,0,5,15
ppo_no_shaping,ppo,314,deterministic,27,50027,5.0,15,True,False,success,saved,True,False,False,85,15,0,0,5,15
ppo_no_shaping,ppo,314,deterministic,28,50028,5.0,15,True,False,success,saved,True,False,False,85,15,0,0,5,15
ppo_no_shaping,ppo,314,deterministic,29,50029,5.0,15,True,False,success,saved,True,False,False,85,15,0,0,5,15
ppo_no_shaping,ppo,314,deterministic,30,50030,5.0,15,True,False,success,saved,True,False,False,85,15,0,0,5,15
ppo_no_shaping,ppo,314,deterministic,31,50031,5.0,15,True,False,success,saved,True,False,False,85,15,0,0,5,15
ppo_no_shaping,ppo,314,deterministic,32,50032,5.0,15,True,False,success,saved,True,False,False,85,15,0,0,5,15
ppo_no_shaping,ppo,314,deterministic,33,50033,5.0,15,True,False,success,saved,True,False,False,85,15,0,0,5,15
ppo_no_shaping,ppo,314,deterministic,34,50034,5.0,15,True,False,success,saved,True,False,False,85,15,0,0,5,15
ppo_no_shaping,ppo,314,deterministic,35,50035,5.0,15,True,False,success,saved,True,False,False,85,15,0,0,5,15
ppo_no_shaping,ppo,314,deterministic,36,50036,5.0,15,True,False,success,saved,True,False,False,85,15,0,0,5,15
ppo_no_shaping,ppo,314,deterministic,37,50037,5.0,15,True,False,success,saved,True,False,False,85,15,0,0,5,15
ppo_no_shaping,ppo,314,deterministic,38,50038,5.0,15,True,False,success,saved,True,False,False,85,15,0,0,5,15
ppo_no_shaping,ppo,314,deterministic,39,50039,5.0,15,True,False,success,saved,True,False,False,85,15,0,0,5,15
ppo_no_shaping,ppo,314,deterministic,40,50040,5.0,15,True,False,success,saved,True,False,False,85,15,0,0,5,15
ppo_no_shaping,ppo,314,deterministic,41,50041,5.0,15,True,False,success,saved,True,False,False,85,15,0,0,5,15
ppo_no_shaping,ppo,314,deterministic,42,50042,5.0,15,True,False,success,saved,True,False,False,85,15,0,0,5,15
ppo_no_shaping,ppo,314,deterministic,43,50043,5.0,15,True,False,success,saved,True,False,False,85,15,0,0,5,15
ppo_no_shaping,ppo,314,deterministic,44,50044,5.0,15,True,False,success,saved,True,False,False,85,15,0,0,5,15
ppo_no_shaping,ppo,314,deterministic,45,50045,5.0,15,True,False,success,saved,True,False,False,85,15,0,0,5,15
ppo_no_shaping,ppo,314,deterministic,46,50046,5.0,15,True,False,success,saved,True,False,False,85,15,0,0,5,15
ppo_no_shaping,ppo,314,deterministic,47,50047,5.0,15,True,False,success,saved,True,False,False,85,15,0,0,5,15
ppo_no_shaping,ppo,314,deterministic,48,50048,5.0,15,True,False,success,saved,True,False,False,85,15,0,0,5,15
ppo_no_shaping,ppo,314,deterministic,49,50049,5.0,15,True,False,success,saved,True,False,False,85,15,0,0,5,15
ppo_no_shaping,ppo,314,deterministic,50,50050,5.0,15,True,False,success,saved,True,False,False,85,15,0,0,5,15
ppo_no_shaping,ppo,314,deterministic,51,50051,5.0,15,True,False,success,saved,True,False,False,85,15,0,0,5,15
ppo_no_shaping,ppo,314,deterministic,52,50052,5.0,15,True,False,success,saved,True,False,False,85,15,0,0,5,15
ppo_no_shaping,ppo,314,deterministic,53,50053,5.0,15,True,False,success,saved,True,False,False,85,15,0,0,5,15
ppo_no_shaping,ppo,314,deterministic,54,50054,5.0,15,True,False,success,saved,True,False,False,85,15,0,0,5,15
ppo_no_shaping,ppo,314,deterministic,55,50055,5.0,15,True,False,success,saved,True,False,False,85,15,0,0,5,15
ppo_no_shaping,ppo,314,deterministic,56,50056,5.0,15,True,False,success,saved,True,False,False,85,15,0,0,5,15
ppo_no_shaping,ppo,314,deterministic,57,50057,5.0,15,True,False,success,saved,True,False,False,85,15,0,0,5,15
ppo_no_shaping,ppo,314,deterministic,58,50058,5.0,15,True,False,success,saved,True,False,False,85,15,0,0,5,15
ppo_no_shaping,ppo,314,deterministic,59,50059,5.0,15,True,False,success,saved,True,False,False,85,15,0,0,5,15
ppo_no_shaping,ppo,314,deterministic,60,50060,5.0,15,True,False,success,saved,True,False,False,85,15,0,0,5,15
ppo_no_shaping,ppo,314,deterministic,61,50061,5.0,15,True,False,success,saved,True,False,False,85,15,0,0,5,15
ppo_no_shaping,ppo,314,deterministic,62,50062,5.0,15,True,False,success,saved,True,False,False,85,15,0,0,5,15
ppo_no_shaping,ppo,314,deterministic,63,50063,5.0,15,True,False,success,saved,True,False,False,85,15,0,0,5,15
ppo_no_shaping,ppo,314,deterministic,64,50064,5.0,15,True,False,success,saved,True,False,False,85,15,0,0,5,15
ppo_no_shaping,ppo,314,deterministic,65,50065,5.0,15,True,False,success,saved,True,False,False,85,15,0,0,5,15
ppo_no_shaping,ppo,314,deterministic,66,50066,5.0,15,True,False,success,saved,True,False,False,85,15,0,0,5,15
ppo_no_shaping,ppo,314,deterministic,67,50067,5.0,15,True,False,success,saved,True,False,False,85,15,0,0,5,15
ppo_no_shaping,ppo,314,deterministic,68,50068,5.0,15,True,False,success,saved,True,False,False,85,15,0,0,5,15
ppo_no_shaping,ppo,314,deterministic,69,50069,5.0,15,True,False,success,saved,True,False,False,85,15,0,0,5,15
ppo_no_shaping,ppo,314,deterministic,70,50070,3.0,17,True,False,success,saved,True,False,False,85,15,0,0,5,17
ppo_no_shaping,ppo,314,deterministic,71,50071,5.0,15,True,False,success,saved,True,False,False,85,15,0,0,5,15
ppo_no_shaping,ppo,314,deterministic,72,50072,5.0,15,True,False,success,saved,True,False,False,85,15,0,0,5,15
ppo_no_shaping,ppo,314,deterministic,73,50073,5.0,15,True,False,success,saved,True,False,False,85,15,0,0,5,15
ppo_no_shaping,ppo,314,deterministic,74,50074,5.0,15,True,False,success,saved,True,False,False,85,15,0,0,5,15
ppo_no_shaping,ppo,314,deterministic,75,50075,5.0,15,True,False,success,saved,True,False,False,85,15,0,0,5,15
ppo_no_shaping,ppo,314,deterministic,76,50076,5.0,15,True,False,success,saved,True,False,False,85,15,0,0,5,15
ppo_no_shaping,ppo,314,deterministic,77,50077,5.0,15,True,False,success,saved,True,False,False,85,15,0,0,5,15
ppo_no_shaping,ppo,314,deterministic,78,50078,5.0,15,True,False,success,saved,True,False,False,85,15,0,0,5,15
ppo_no_shaping,ppo,314,deterministic,79,50079,5.0,15,True,False,success,saved,True,False,False,85,15,0,0,5,15
ppo_no_shaping,ppo,314,deterministic,80,50080,5.0,15,True,False,success,saved,True,False,False,85,15,0,0,5,15
ppo_no_shaping,ppo,314,deterministic,81,50081,5.0,15,True,False,success,saved,True,False,False,85,15,0,0,5,15
ppo_no_shaping,ppo,314,deterministic,82,50082,5.0,15,True,False,success,saved,True,False,False,85,15,0,0,5,15
ppo_no_shaping,ppo,314,deterministic,83,50083,5.0,15,True,False,success,saved,True,False,False,85,15,0,0,5,15
ppo_no_shaping,ppo,314,deterministic,84,50084,5.0,15,True,False,success,saved,True,False,False,85,15,0,0,5,15
ppo_no_shaping,ppo,314,deterministic,85,50085,5.0,15,True,False,success,saved,True,False,False,85,15,0,0,5,15
ppo_no_shaping,ppo,314,deterministic,86,50086,2.0,18,True,False,success,saved,True,False,False,85,15,0,0,5,18
ppo_no_shaping,ppo,314,deterministic,87,50087,5.0,15,True,False,success,saved,True,False,False,85,15,0,0,5,15
ppo_no_shaping,ppo,314,deterministic,88,50088,5.0,15,True,False,success,saved,True,False,False,85,15,0,0,5,15
ppo_no_shaping,ppo,314,deterministic,89,50089,5.0,15,True,False,success,saved,True,False,False,85,15,0,0,5,15
ppo_no_shaping,ppo,314,deterministic,90,50090,5.0,15,True,False,success,saved,True,False,False,85,15,0,0,5,15
ppo_no_shaping,ppo,314,deterministic,91,50091,5.0,15,True,False,success,saved,True,False,False,85,15,0,0,5,15
ppo_no_shaping,ppo,314,deterministic,92,50092,5.0,15,True,False,success,saved,True,False,False,85,15,0,0,5,15
ppo_no_shaping,ppo,314,deterministic,93,50093,5.0,15,True,False,success,saved,True,False,False,85,15,0,0,5,15
ppo_no_shaping,ppo,314,deterministic,94,50094,5.0,15,True,False,success,saved,True,False,False,85,15,0,0,5,15
ppo_no_shaping,ppo,314,deterministic,95,50095,5.0,15,True,False,success,saved,True,False,False,85,15,0,0,5,15
ppo_no_shaping,ppo,314,deterministic,96,50096,5.0,15,True,False,success,saved,True,False,False,85,15,0,0,5,15
ppo_no_shaping,ppo,314,deterministic,97,50097,5.0,15,True,False,success,saved,True,False,False,85,15,0,0,5,15
ppo_no_shaping,ppo,314,deterministic,98,50098,5.0,15,True,False,success,saved,True,False,False,85,15,0,0,5,15
ppo_no_shaping,ppo,314,deterministic,99,50099,5.0,15,True,False,success,saved,True,False,False,85,15,0,0,5,15
ppo_no_shaping,ppo,314,stochastic,0,50000,5.0,15,True,False,success,saved,True,False,False,85,15,0,0,5,15
ppo_no_shaping,ppo,314,stochastic,1,50001,5.0,15,True,False,success,saved,True,False,False,85,15,0,0,5,15
ppo_no_shaping,ppo,314,stochastic,2,50002,5.0,15,True,False,success,saved,True,False,False,85,15,0,0,5,15
ppo_no_shaping,ppo,314,stochastic,3,50003,5.0,15,True,False,success,saved,True,False,False,85,15,0,0,5,15
ppo_no_shaping,ppo,314,stochastic,4,50004,5.0,15,True,False,success,saved,True,False,False,85,15,0,0,5,15
ppo_no_shaping,ppo,314,stochastic,5,50005,5.0,15,True,False,success,saved,True,False,False,85,15,0,0,5,15
ppo_no_shaping,ppo,314,stochastic,6,50006,5.0,15,True,False,success,saved,True,False,False,85,15,0,0,5,15
ppo_no_shaping,ppo,314,stochastic,7,50007,5.0,15,True,False,success,saved,True,False,False,85,15,0,0,5,15
ppo_no_shaping,ppo,314,stochastic,8,50008,5.0,15,True,False,success,saved,True,False,False,85,15,0,0,5,15
ppo_no_shaping,ppo,314,stochastic,9,50009,5.0,15,True,False,success,saved,True,False,False,85,15,0,0,5,15
ppo_no_shaping,ppo,314,stochastic,10,50010,5.0,15,True,False,success,saved,True,False,False,85,15,0,0,5,15
ppo_no_shaping,ppo,314,stochastic,11,50011,5.0,15,True,False,success,saved,True,False,False,85,15,0,0,5,15
ppo_no_shaping,ppo,314,stochastic,12,50012,5.0,15,True,False,success,saved,True,False,False,85,15,0,0,5,15
ppo_no_shaping,ppo,314,stochastic,13,50013,5.0,15,True,False,success,saved,True,False,False,85,15,0,0,5,15
ppo_no_shaping,ppo,314,stochastic,14,50014,5.0,15,True,False,success,saved,True,False,False,85,15,0,0,5,15
ppo_no_shaping,ppo,314,stochastic,15,50015,5.0,15,True,False,success,saved,True,False,False,85,15,0,0,5,15
ppo_no_shaping,ppo,314,stochastic,16,50016,5.0,15,True,False,success,saved,True,False,False,85,15,0,0,5,15
ppo_no_shaping,ppo,314,stochastic,17,50017,5.0,15,True,False,success,saved,True,False,False,85,15,0,0,5,15
ppo_no_shaping,ppo,314,stochastic,18,50018,5.0,15,True,False,success,saved,True,False,False,85,15,0,0,5,15
ppo_no_shaping,ppo,314,stochastic,19,50019,5.0,15,True,False,success,saved,True,False,False,85,15,0,0,5,15
ppo_no_shaping,ppo,314,stochastic,20,50020,5.0,15,True,False,success,saved,True,False,False,85,15,0,0,5,15
ppo_no_shaping,ppo,314,stochastic,21,50021,3.0,17,True,False,success,saved,True,False,False,83,17,0,0,7,17
ppo_no_shaping,ppo,314,stochastic,22,50022,2.0,18,True,False,success,saved,True,False,False,85,15,0,0,5,18
ppo_no_shaping,ppo,314,stochastic,23,50023,5.0,15,True,False,success,saved,True,False,False,85,15,0,0,5,15
ppo_no_shaping,ppo,314,stochastic,24,50024,5.0,15,True,False,success,saved,True,False,False,85,15,0,0,5,15
ppo_no_shaping,ppo,314,stochastic,25,50025,5.0,15,True,False,success,saved,True,False,False,85,15,0,0,5,15
ppo_no_shaping,ppo,314,stochastic,26,50026,5.0,15,True,False,success,saved,True,False,False,85,15,0,0,5,15
ppo_no_shaping,ppo,314,stochastic,27,50027,5.0,15,True,False,success,saved,True,False,False,85,15,0,0,5,15
ppo_no_shaping,ppo,314,stochastic,28,50028,3.0,17,True,False,success,saved,True,False,False,83,17,0,0,7,17
ppo_no_shaping,ppo,314,stochastic,29,50029,5.0,15,True,False,success,saved,True,False,False,85,15,0,0,5,15
ppo_no_shaping,ppo,314,stochastic,30,50030,5.0,15,True,False,success,saved,True,False,False,85,15,0,0,5,15
ppo_no_shaping,ppo,314,stochastic,31,50031,5.0,15,True,False,success,saved,True,False,False,85,15,0,0,5,15
ppo_no_shaping,ppo,314,stochastic,32,50032,5.0,15,True,False,success,saved,True,False,False,85,15,0,0,5,15
ppo_no_shaping,ppo,314,stochastic,33,50033,5.0,15,True,False,success,saved,True,False,False,85,15,0,0,5,15
ppo_no_shaping,ppo,314,stochastic,34,50034,5.0,15,True,False,success,saved,True,False,False,85,15,0,0,5,15
ppo_no_shaping,ppo,314,stochastic,35,50035,4.0,16,True,False,success,saved,True,False,False,85,15,0,0,5,16
ppo_no_shaping,ppo,314,stochastic,36,50036,5.0,15,True,False,success,saved,True,False,False,85,15,0,0,5,15
ppo_no_shaping,ppo,314,stochastic,37,50037,5.0,15,True,False,success,saved,True,False,False,85,15,0,0,5,15
ppo_no_shaping,ppo,314,stochastic,38,50038,5.0,15,True,False,success,saved,True,False,False,85,15,0,0,5,15
ppo_no_shaping,ppo,314,stochastic,39,50039,5.0,15,True,False,success,saved,True,False,False,85,15,0,0,5,15
ppo_no_shaping,ppo,314,stochastic,40,50040,3.0,17,True,False,success,saved,True,False,False,83,17,0,0,7,17
ppo_no_shaping,ppo,314,stochastic,41,50041,5.0,15,True,False,success,saved,True,False,False,85,15,0,0,5,15
ppo_no_shaping,ppo,314,stochastic,42,50042,5.0,15,True,False,success,saved,True,False,False,85,15,0,0,5,15
ppo_no_shaping,ppo,314,stochastic,43,50043,5.0,15,True,False,success,saved,True,False,False,85,15,0,0,5,15
ppo_no_shaping,ppo,314,stochastic,44,50044,5.0,15,True,False,success,saved,True,False,False,85,15,0,0,5,15
ppo_no_shaping,ppo,314,stochastic,45,50045,5.0,15,True,False,success,saved,True,False,False,85,15,0,0,5,15
ppo_no_shaping,ppo,314,stochastic,46,50046,5.0,15,True,False,success,saved,True,False,False,85,15,0,0,5,15
ppo_no_shaping,ppo,314,stochastic,47,50047,5.0,15,True,False,success,saved,True,False,False,85,15,0,0,5,15
ppo_no_shaping,ppo,314,stochastic,48,50048,5.0,15,True,False,success,saved,True,False,False,85,15,0,0,5,15
ppo_no_shaping,ppo,314,stochastic,49,50049,1.0,19,True,False,success,saved,True,False,False,81,19,0,0,9,19
ppo_no_shaping,ppo,314,stochastic,50,50050,5.0,15,True,False,success,saved,True,False,False,85,15,0,0,5,15
ppo_no_shaping,ppo,314,stochastic,51,50051,5.0,15,True,False,success,saved,True,False,False,85,15,0,0,5,15
ppo_no_shaping,ppo,314,stochastic,52,50052,5.0,15,True,False,success,saved,True,False,False,85,15,0,0,5,15
ppo_no_shaping,ppo,314,stochastic,53,50053,4.0,16,True,False,success,saved,True,False,False,85,15,0,0,6,16
ppo_no_shaping,ppo,314,stochastic,54,50054,5.0,15,True,False,success,saved,True,False,False,85,15,0,0,5,15
ppo_no_shaping,ppo,314,stochastic,55,50055,5.0,15,True,False,success,saved,True,False,False,85,15,0,0,5,15
ppo_no_shaping,ppo,314,stochastic,56,50056,5.0,15,True,False,success,saved,True,False,False,85,15,0,0,5,15
ppo_no_shaping,ppo,314,stochastic,57,50057,5.0,15,True,False,success,saved,True,False,False,85,15,0,0,5,15
ppo_no_shaping,ppo,314,stochastic,58,50058,5.0,15,True,False,success,saved,True,False,False,85,15,0,0,5,15
ppo_no_shaping,ppo,314,stochastic,59,50059,5.0,15,True,False,success,saved,True,False,False,85,15,0,0,5,15
ppo_no_shaping,ppo,314,stochastic,60,50060,5.0,15,True,False,success,saved,True,False,False,85,15,0,0,5,15
ppo_no_shaping,ppo,314,stochastic,61,50061,5.0,15,True,False,success,saved,True,False,False,85,15,0,0,5,15
ppo_no_shaping,ppo,314,stochastic,62,50062,4.0,16,True,False,success,saved,True,False,False,85,15,0,0,6,16
ppo_no_shaping,ppo,314,stochastic,63,50063,4.0,16,True,False,success,saved,True,False,False,85,15,0,0,5,16
ppo_no_shaping,ppo,314,stochastic,64,50064,5.0,15,True,False,success,saved,True,False,False,85,15,0,0,5,15
ppo_no_shaping,ppo,314,stochastic,65,50065,5.0,15,True,False,success,saved,True,False,False,85,15,0,0,5,15
ppo_no_shaping,ppo,314,stochastic,66,50066,5.0,15,True,False,success,saved,True,False,False,85,15,0,0,5,15
ppo_no_shaping,ppo,314,stochastic,67,50067,5.0,15,True,False,success,saved,True,False,False,85,15,0,0,5,15
ppo_no_shaping,ppo,314,stochastic,68,50068,5.0,15,True,False,success,saved,True,False,False,85,15,0,0,5,15
ppo_no_shaping,ppo,314,stochastic,69,50069,5.0,15,True,False,success,saved,True,False,False,85,15,0,0,5,15
ppo_no_shaping,ppo,314,stochastic,70,50070,5.0,15,True,False,success,saved,True,False,False,85,15,0,0,5,15
ppo_no_shaping,ppo,314,stochastic,71,50071,5.0,15,True,False,success,saved,True,False,False,85,15,0,0,5,15
ppo_no_shaping,ppo,314,stochastic,72,50072,5.0,15,True,False,success,saved,True,False,False,85,15,0,0,5,15
ppo_no_shaping,ppo,314,stochastic,73,50073,5.0,15,True,False,success,saved,True,False,False,85,15,0,0,5,15
ppo_no_shaping,ppo,314,stochastic,74,50074,5.0,15,True,False,success,saved,True,False,False,85,15,0,0,5,15
ppo_no_shaping,ppo,314,stochastic,75,50075,5.0,15,True,False,success,saved,True,False,False,85,15,0,0,5,15
ppo_no_shaping,ppo,314,stochastic,76,50076,5.0,15,True,False,success,saved,True,False,False,85,15,0,0,5,15
ppo_no_shaping,ppo,314,stochastic,77,50077,5.0,15,True,False,success,saved,True,False,False,85,15,0,0,5,15
ppo_no_shaping,ppo,314,stochastic,78,50078,5.0,15,True,False,success,saved,True,False,False,85,15,0,0,5,15
ppo_no_shaping,ppo,314,stochastic,79,50079,4.0,16,True,False,success,saved,True,False,False,85,15,0,0,6,16
ppo_no_shaping,ppo,314,stochastic,80,50080,5.0,15,True,False,success,saved,True,False,False,85,15,0,0,5,15
ppo_no_shaping,ppo,314,stochastic,81,50081,5.0,15,True,False,success,saved,True,False,False,85,15,0,0,5,15
ppo_no_shaping,ppo,314,stochastic,82,50082,4.0,16,True,False,success,saved,True,False,False,85,15,0,0,6,16
ppo_no_shaping,ppo,314,stochastic,83,50083,5.0,15,True,False,success,saved,True,False,False,85,15,0,0,5,15
ppo_no_shaping,ppo,314,stochastic,84,50084,5.0,15,True,False,success,saved,True,False,False,85,15,0,0,5,15
ppo_no_shaping,ppo,314,stochastic,85,50085,5.0,15,True,False,success,saved,True,False,False,85,15,0,0,5,15
ppo_no_shaping,ppo,314,stochastic,86,50086,5.0,15,True,False,success,saved,True,False,False,85,15,0,0,5,15
ppo_no_shaping,ppo,314,stochastic,87,50087,5.0,15,True,False,success,saved,True,False,False,85,15,0,0,5,15
ppo_no_shaping,ppo,314,stochastic,88,50088,5.0,15,True,False,success,saved,True,False,False,85,15,0,0,5,15
ppo_no_shaping,ppo,314,stochastic,89,50089,5.0,15,True,False,success,saved,True,False,False,85,15,0,0,5,15
ppo_no_shaping,ppo,314,stochastic,90,50090,5.0,15,True,False,success,saved,True,False,False,85,15,0,0,5,15
ppo_no_shaping,ppo,314,stochastic,91,50091,5.0,15,True,False,success,saved,True,False,False,85,15,0,0,5,15
ppo_no_shaping,ppo,314,stochastic,92,50092,5.0,15,True,False,success,saved,True,False,False,85,15,0,0,5,15
ppo_no_shaping,ppo,314,stochastic,93,50093,5.0,15,True,False,success,saved,True,False,False,85,15,0,0,5,15
ppo_no_shaping,ppo,314,stochastic,94,50094,5.0,15,True,False,success,saved,True,False,False,85,15,0,0,5,15
ppo_no_shaping,ppo,314,stochastic,95,50095,5.0,15,True,False,success,saved,True,False,False,85,15,0,0,5,15
ppo_no_shaping,ppo,314,stochastic,96,50096,5.0,15,True,False,success,saved,True,False,False,85,15,0,0,5,15
ppo_no_shaping,ppo,314,stochastic,97,50097,5.0,15,True,False,success,saved,True,False,False,85,15,0,0,5,15
ppo_no_shaping,ppo,314,stochastic,98,50098,5.0,15,True,False,success,saved,True,False,False,85,15,0,0,5,15
ppo_no_shaping,ppo,314,stochastic,99,50099,5.0,15,True,False,success,saved,True,False,False,85,15,0,0,5,15
