variant,algo,seed,step,return_smooth
tuned,a2c,42,1494,60.32
tuned,a2c,42,6528,73.3560210803689
tuned,a2c,42,11563,78.3
tuned,a2c,42,16598,76.25242424242424
tuned,a2c,42,21633,79.46000000000001
tuned,a2c,42,26668,79.94
tuned,a2c,42,31703,79.96000000000001
tuned,a2c,42,36738,76.46000000000001
tuned,a2c,42,41773,79.98
tuned,a2c,42,46808,76.97101200686102
tuned,a2c,42,51843,80.0
tuned,a2c,42,56878,79.47999999999999
tuned,a2c,42,61913,43.72
tuned,a2c,42,66948,79.97999999999999
tuned,a2c,42,71983,79.91999999999999
tuned,a2c,42,77017,69.2135757575758
tuned,a2c,42,82052,79.58000000000001
tuned,a2c,42,87087,79.96
tuned,a2c,42,92122,80.0
tuned,a2c,42,97157,79.9
tuned,a2c,42,102192,73.77076767676748
tuned,a2c,42,107227,80.0
tuned,a2c,42,112262,79.98
tuned,a2c,42,117297,-50.26274747474748
tuned,a2c,42,122332,79.67999999999999
tuned,a2c,42,127367,79.70880341880327
tuned,a2c,42,132402,77.63999999999999
tuned,a2c,42,137437,79.64599999999994
tuned,a2c,42,142472,79.4555151515149
tuned,a2c,42,147506,78.8371616161612
tuned,a2c,42,152541,79.98
tuned,a2c,42,157576,79.06
tuned,a2c,42,162611,80.0
tuned,a2c,42,167646,79.9
tuned,a2c,42,172681,78.06
tuned,a2c,42,177716,76.53999999999999
tuned,a2c,42,182751,79.6
tuned,a2c,42,187786,80.0
tuned,a2c,42,192821,77.38
tuned,a2c,42,197856,79.97999999999999
tuned,a2c,42,202891,63.2962222222219
tuned,a2c,42,207926,79.98
tuned,a2c,42,212961,80.0
tuned,a2c,42,217995,79.91999999999999
tuned,a2c,42,223030,80.0
tuned,a2c,42,228065,80.0
tuned,a2c,42,233100,79.98
tuned,a2c,42,238135,80.0
tuned,a2c,42,243170,79.91999999999999
tuned,a2c,42,248205,77.69999999999999
tuned,a2c,42,253240,76.02981115502831
tuned,a2c,42,258275,80.0
tuned,a2c,42,263310,79.97999999999999
tuned,a2c,42,268345,80.0
tuned,a2c,42,273380,80.0
tuned,a2c,42,278415,80.0
tuned,a2c,42,283450,76.887345149609
tuned,a2c,42,288484,79.47999999999999
tuned,a2c,42,293519,79.1
tuned,a2c,42,298554,79.98
tuned,a2c,42,303589,74.88
tuned,a2c,42,308624,79.96091582491583
tuned,a2c,42,313659,80.0
tuned,a2c,42,318694,80.0
tuned,a2c,42,323729,80.0
tuned,a2c,42,328764,80.0
tuned,a2c,42,333799,80.0
tuned,a2c,42,338834,75.82
tuned,a2c,42,343869,79.94
tuned,a2c,42,348904,80.0
tuned,a2c,42,353939,77.5
tuned,a2c,42,358973,79.78
tuned,a2c,42,364008,80.0
tuned,a2c,42,369043,77.58
tuned,a2c,42,374078,79.85999999999999
tuned,a2c,42,379113,13.745878787877507
tuned,a2c,42,384148,79.66
tuned,a2c,42,389183,79.98
tuned,a2c,42,394218,77.5
tuned,a2c,42,399253,78.53999999999999
tuned,a2c,42,404288,79.97999999999999
tuned,a2c,42,409323,80.0
tuned,a2c,42,414358,80.0
tuned,a2c,42,419393,79.22
tuned,a2c,42,424428,79.88
tuned,a2c,42,429462,67.40826262626237
tuned,a2c,42,434497,79.97999999999999
tuned,a2c,42,439532,80.0
tuned,a2c,42,444567,80.0
tuned,a2c,42,449602,79.96
tuned,a2c,42,454637,79.94
tuned,a2c,42,459672,77.7
tuned,a2c,42,464707,80.0
tuned,a2c,42,469742,79.96
tuned,a2c,42,474777,80.0
tuned,a2c,42,479812,80.0
tuned,a2c,42,484847,77.6
tuned,a2c,42,489882,68.10032323232211
tuned,a2c,42,494917,79.9
tuned,a2c,42,499952,72.88
tuned,a2c,123,1745,51.599999999999994
tuned,a2c,123,6777,74.8251212121212
tuned,a2c,123,11810,78.19594696969698
tuned,a2c,123,16843,74.42884848484849
tuned,a2c,123,21876,79.0161696969697
tuned,a2c,123,26909,79.98
tuned,a2c,123,31942,79.82
tuned,a2c,123,36975,79.9
tuned,a2c,123,42008,78.23353535353536
tuned,a2c,123,47040,79.93454545454544
tuned,a2c,123,52073,79.94
tuned,a2c,123,57106,79.91999999999999
tuned,a2c,123,62139,80.0
tuned,a2c,123,67172,77.82
tuned,a2c,123,72205,79.95228956228944
tuned,a2c,123,77238,44.04327272727259
tuned,a2c,123,82271,-49.9
tuned,a2c,123,87303,78.98
tuned,a2c,123,92336,80.0
tuned,a2c,123,97369,79.99797979797984
tuned,a2c,123,102402,79.88
tuned,a2c,123,107435,78.22595041322316
tuned,a2c,123,112468,77.96000000000001
tuned,a2c,123,117501,77.78
tuned,a2c,123,122534,79.9
tuned,a2c,123,127566,80.0
tuned,a2c,123,132599,80.0
tuned,a2c,123,137632,79.9
tuned,a2c,123,142665,79.9
tuned,a2c,123,147698,79.98
tuned,a2c,123,152731,80.0
tuned,a2c,123,157764,80.0
tuned,a2c,123,162797,80.0
tuned,a2c,123,167830,79.8
tuned,a2c,123,172862,77.75999999999999
tuned,a2c,123,177895,77.38
tuned,a2c,123,182928,77.32
tuned,a2c,123,187961,74.69999999999999
tuned,a2c,123,192994,80.0
tuned,a2c,123,198027,80.0
tuned,a2c,123,203060,68.16806060606048
tuned,a2c,123,208093,77.35999999999999
tuned,a2c,123,213125,79.98
tuned,a2c,123,218158,80.0
tuned,a2c,123,223191,79.98
tuned,a2c,123,228224,79.78
tuned,a2c,123,233257,80.0
tuned,a2c,123,238290,80.0
tuned,a2c,123,243323,79.97602272727272
tuned,a2c,123,248356,79.98424242424242
tuned,a2c,123,253388,80.0
tuned,a2c,123,258421,77.5
tuned,a2c,123,263454,77.44
tuned,a2c,123,268487,80.0
tuned,a2c,123,273520,79.9
tuned,a2c,123,278553,80.0
tuned,a2c,123,283586,79.44
tuned,a2c,123,288619,80.0
tuned,a2c,123,293651,80.0
tuned,a2c,123,298684,80.0
tuned,a2c,123,303717,80.0
tuned,a2c,123,308750,80.0
tuned,a2c,123,313783,80.0
tuned,a2c,123,318816,80.0
tuned,a2c,123,323849,79.97999999999999
tuned,a2c,123,328882,80.0
tuned,a2c,123,333915,79.8
tuned,a2c,123,338947,80.0
tuned,a2c,123,343980,80.0
tuned,a2c,123,349013,76.45345454545482
tuned,a2c,123,354046,80.0
tuned,a2c,123,359079,80.0
tuned,a2c,123,364112,79.84
tuned,a2c,123,369145,80.0
tuned,a2c,123,374178,80.0
tuned,a2c,123,379210,80.0
tuned,a2c,123,384243,79.81526515151512
tuned,a2c,123,389276,79.23999999999998
tuned,a2c,123,394309,78.86
tuned,a2c,123,399342,80.0
tuned,a2c,123,404375,80.0
tuned,a2c,123,409408,80.0
tuned,a2c,123,414441,80.0
tuned,a2c,123,419473,79.98
tuned,a2c,123,424506,70.51072727272741
tuned,a2c,123,429539,79.98
tuned,a2c,123,434572,77.46
tuned,a2c,123,439605,79.91999999999999
tuned,a2c,123,444638,80.0
tuned,a2c,123,449671,79.82
tuned,a2c,123,454704,80.0
tuned,a2c,123,459736,80.0
tuned,a2c,123,464769,79.9
tuned,a2c,123,469802,79.96
tuned,a2c,123,474835,80.0
tuned,a2c,123,479868,79.98
tuned,a2c,123,484901,80.0
tuned,a2c,123,489934,80.0
tuned,a2c,123,494967,79.97999999999999
tuned,a2c,123,500000,80.0
tuned,a2c,2024,2008,43.14
tuned,a2c,2024,7038,77.52385185185186
tuned,a2c,2024,12068,78.22522875816993
tuned,a2c,2024,17098,78.05541666666667
tuned,a2c,2024,22128,79.5
tuned,a2c,2024,27159,79.44
tuned,a2c,2024,32189,79.54564102564102
tuned,a2c,2024,37219,79.86
tuned,a2c,2024,42249,79.75999999999999
tuned,a2c,2024,47280,79.664
tuned,a2c,2024,52310,76.76
tuned,a2c,2024,57340,79.44
tuned,a2c,2024,62370,79.94
tuned,a2c,2024,67400,77.32000000000001
tuned,a2c,2024,72431,76.06955555555527
tuned,a2c,2024,77461,77.6
tuned,a2c,2024,82491,79.74592592592585
tuned,a2c,2024,87521,77.80000000000001
tuned,a2c,2024,92552,77.68666666666667
tuned,a2c,2024,97582,76.44
tuned,a2c,2024,102612,75.76388888888869
tuned,a2c,2024,107642,76.96
tuned,a2c,2024,112672,74.16
tuned,a2c,2024,117703,79.84
tuned,a2c,2024,122733,79.94
tuned,a2c,2024,127763,79.75999999999999
tuned,a2c,2024,132793,76.91999999999999
tuned,a2c,2024,137824,79.97999999999999
tuned,a2c,2024,142854,79.98
tuned,a2c,2024,147884,77.24000000000001
tuned,a2c,2024,152914,77.18
tuned,a2c,2024,157944,77.24
tuned,a2c,2024,162975,79.70899470899464
tuned,a2c,2024,168005,75.96833333333305
tuned,a2c,2024,173035,79.0
tuned,a2c,2024,178065,79.84
tuned,a2c,2024,183096,76.94
tuned,a2c,2024,188126,80.0
tuned,a2c,2024,193156,77.08
tuned,a2c,2024,198186,79.92
tuned,a2c,2024,203216,79.98
tuned,a2c,2024,208247,79.62
tuned,a2c,2024,213277,76.17166666666643
tuned,a2c,2024,218307,79.18666666666651
tuned,a2c,2024,223337,79.13999999999999
tuned,a2c,2024,228368,79.87999999999975
tuned,a2c,2024,233398,75.94822222222155
tuned,a2c,2024,238428,72.22
tuned,a2c,2024,243458,79.98916666666665
tuned,a2c,2024,248488,71.69999999999999
tuned,a2c,2024,253519,79.76
tuned,a2c,2024,258549,79.8854761904761
tuned,a2c,2024,263579,79.79999999999998
tuned,a2c,2024,268609,79.86
tuned,a2c,2024,273640,79.62
tuned,a2c,2024,278670,78.32000000000001
tuned,a2c,2024,283700,79.9
tuned,a2c,2024,288730,79.42
tuned,a2c,2024,293760,79.69999999999999
tuned,a2c,2024,298791,79.88
tuned,a2c,2024,303821,73.96000000000001
tuned,a2c,2024,308851,79.8
tuned,a2c,2024,313881,79.96000000000001
tuned,a2c,2024,318912,77.14
tuned,a2c,2024,323942,77.5
tuned,a2c,2024,328972,80.0
tuned,a2c,2024,334002,79.63999999999999
tuned,a2c,2024,339032,80.0
tuned,a2c,2024,344063,79.92
tuned,a2c,2024,349093,79.98
tuned,a2c,2024,354123,79.78
tuned,a2c,2024,359153,79.39999999999999
tuned,a2c,2024,364184,76.3
tuned,a2c,2024,369214,80.0
tuned,a2c,2024,374244,79.62444444444438
tuned,a2c,2024,379274,79.75999999999999
tuned,a2c,2024,384304,79.92
tuned,a2c,2024,389335,79.96
tuned,a2c,2024,394365,79.83999999999999
tuned,a2c,2024,399395,77.8
tuned,a2c,2024,404425,76.96
tuned,a2c,2024,409456,79.88
tuned,a2c,2024,414486,79.91999999999999
tuned,a2c,2024,419516,78.58
tuned,a2c,2024,424546,74.8977777777814
tuned,a2c,2024,429576,73.36118518518525
tuned,a2c,2024,434607,79.98
tuned,a2c,2024,439637,79.84
tuned,a2c,2024,444667,80.0
tuned,a2c,2024,449697,79.69999999999999
tuned,a2c,2024,454728,79.98
tuned,a2c,2024,459758,79.97999999999999
tuned,a2c,2024,464788,79.61999999999999
tuned,a2c,2024,469818,77.47999999999999
tuned,a2c,2024,474848,77.4
tuned,a2c,2024,479879,79.75999999999999
tuned,a2c,2024,484909,77.3013333333322
tuned,a2c,2024,489939,77.3
tuned,a2c,2024,494969,76.68088888888818
tuned,a2c,2024,500000,77.24000000000001
tuned,a2c,7,1718,54.34
tuned,a2c,7,6751,75.69454545454545
tuned,a2c,7,11784,77.79414141414141
tuned,a2c,7,16817,79.25999999999999
tuned,a2c,7,21850,79.60719696969697
tuned,a2c,7,26883,79.83999999999999
tuned,a2c,7,31916,79.89999999999999
tuned,a2c,7,36949,80.0
tuned,a2c,7,41982,79.98
tuned,a2c,7,47015,79.82
tuned,a2c,7,52048,80.0
tuned,a2c,7,57081,79.96
tuned,a2c,7,62114,79.88
tuned,a2c,7,67147,76.72
tuned,a2c,7,72180,67.5
tuned,a2c,7,77213,80.0
tuned,a2c,7,82246,79.98
tuned,a2c,7,87280,80.0
tuned,a2c,7,92313,79.94214876033057
tuned,a2c,7,97346,79.92
tuned,a2c,7,102379,79.82
tuned,a2c,7,107412,45.894000000000155
tuned,a2c,7,112445,79.79999999999998
tuned,a2c,7,117478,79.96
tuned,a2c,7,122511,79.4
tuned,a2c,7,127544,79.96
tuned,a2c,7,132577,77.58060606060432
tuned,a2c,7,137610,80.0
tuned,a2c,7,142643,79.84
tuned,a2c,7,147676,79.72
tuned,a2c,7,152709,79.96
tuned,a2c,7,157742,79.94
tuned,a2c,7,162775,79.98
tuned,a2c,7,167809,68.55529411764707
tuned,a2c,7,172842,80.0
tuned,a2c,7,177875,80.0
tuned,a2c,7,182908,80.0
tuned,a2c,7,187941,80.0
tuned,a2c,7,192974,74.42173737373737
tuned,a2c,7,198007,80.0
tuned,a2c,7,203040,62.569393939393635
tuned,a2c,7,208073,-53.41051515151516
tuned,a2c,7,213106,77.96000000000001
tuned,a2c,7,218139,79.84294949494945
tuned,a2c,7,223172,80.0
tuned,a2c,7,228205,79.28
tuned,a2c,7,233238,80.0
tuned,a2c,7,238271,78.52771717171711
tuned,a2c,7,243304,79.91999999999999
tuned,a2c,7,248337,77.16
tuned,a2c,7,253371,79.78
tuned,a2c,7,258404,75.60999999999993
tuned,a2c,7,263437,78.5
tuned,a2c,7,268470,77.44040404040327
tuned,a2c,7,273503,76.30000000000001
tuned,a2c,7,278536,80.0
tuned,a2c,7,283569,79.82
tuned,a2c,7,288602,79.96000000000001
tuned,a2c,7,293635,79.91999999999999
tuned,a2c,7,298668,79.97999999999999
tuned,a2c,7,303701,80.0
tuned,a2c,7,308734,79.0469696969699
tuned,a2c,7,313767,60.620000000000005
tuned,a2c,7,318800,78.97999999999999
tuned,a2c,7,323833,79.98
tuned,a2c,7,328866,79.53999999999999
tuned,a2c,7,333900,80.0
tuned,a2c,7,338933,79.91999999999999
tuned,a2c,7,343966,80.0
tuned,a2c,7,348999,79.96
tuned,a2c,7,354032,79.97999999999999
tuned,a2c,7,359065,80.0
tuned,a2c,7,364098,79.96
tuned,a2c,7,369131,80.0
tuned,a2c,7,374164,79.98
tuned,a2c,7,379197,80.0
tuned,a2c,7,384230,80.0
tuned,a2c,7,389263,80.0
tuned,a2c,7,394296,80.0
tuned,a2c,7,399329,80.0
tuned,a2c,7,404362,80.0
tuned,a2c,7,409395,80.0
tuned,a2c,7,414428,80.0
tuned,a2c,7,419462,80.0
tuned,a2c,7,424495,80.0
tuned,a2c,7,429528,80.0
tuned,a2c,7,434561,80.0
tuned,a2c,7,439594,80.0
tuned,a2c,7,444627,55.29111111111141
tuned,a2c,7,449660,77.81333333333372
tuned,a2c,7,454693,77.55999999999999
tuned,a2c,7,459726,80.0
tuned,a2c,7,464759,77.67999999999999
tuned,a2c,7,469792,80.0
tuned,a2c,7,474825,80.0
tuned,a2c,7,479858,79.97999999999999
tuned,a2c,7,484891,79.96000000000001
tuned,a2c,7,489924,79.94
tuned,a2c,7,494957,79.96
tuned,a2c,7,499991,80.0
tuned,a2c,314,1907,45.86
tuned,a2c,314,6938,76.14
tuned,a2c,314,11969,75.14961616161617
tuned,a2c,314,17000,72.69267457180501
tuned,a2c,314,22031,77.86
tuned,a2c,314,27063,79.1
tuned,a2c,314,32094,79.25999999999999
tuned,a2c,314,37125,79.85999999999999
tuned,a2c,314,42156,79.52
tuned,a2c,314,47187,79.96000000000001
tuned,a2c,314,52219,79.96
tuned,a2c,314,57250,79.9725925925926
tuned,a2c,314,62281,75.56
tuned,a2c,314,67312,80.0
tuned,a2c,314,72343,79.98
tuned,a2c,314,77375,77.47999999999999
tuned,a2c,314,82406,79.72
tuned,a2c,314,87437,80.0
tuned,a2c,314,92468,80.0
tuned,a2c,314,97499,79.98
tuned,a2c,314,102531,80.0
tuned,a2c,314,107562,79.7758213716108
tuned,a2c,314,112593,80.0
tuned,a2c,314,117624,79.99152861952864
tuned,a2c,314,122655,79.68
tuned,a2c,314,127687,80.0
tuned,a2c,314,132718,79.94867340067339
tuned,a2c,314,137749,80.0
tuned,a2c,314,142780,80.0
tuned,a2c,314,147811,79.97999999999999
tuned,a2c,314,152843,79.97999999999999
tuned,a2c,314,157874,79.94
tuned,a2c,314,162905,79.5
tuned,a2c,314,167936,79.96
tuned,a2c,314,172967,80.0
tuned,a2c,314,177999,80.0
tuned,a2c,314,183030,79.96
tuned,a2c,314,188061,79.98
tuned,a2c,314,193092,80.0
tuned,a2c,314,198123,80.0
tuned,a2c,314,203155,79.97999999999999
tuned,a2c,314,208186,80.0
tuned,a2c,314,213217,80.0
tuned,a2c,314,218248,79.9
tuned,a2c,314,223279,79.84
tuned,a2c,314,228311,80.0
tuned,a2c,314,233342,80.0
tuned,a2c,314,238373,80.0
tuned,a2c,314,243404,75.63999999999999
tuned,a2c,314,248435,78.69999999999999
tuned,a2c,314,253467,80.0
tuned,a2c,314,258498,79.22
tuned,a2c,314,263529,79.9
tuned,a2c,314,268560,80.0
tuned,a2c,314,273591,80.0
tuned,a2c,314,278623,79.6
tuned,a2c,314,283654,80.0
tuned,a2c,314,288685,79.9
tuned,a2c,314,293716,79.29350505050435
tuned,a2c,314,298747,79.97999999999999
tuned,a2c,314,303779,79.84
tuned,a2c,314,308810,79.42
tuned,a2c,314,313841,80.0
tuned,a2c,314,318872,73.10751515151621
tuned,a2c,314,323903,80.0
tuned,a2c,314,328935,79.96
tuned,a2c,314,333966,80.0
tuned,a2c,314,338997,80.0
tuned,a2c,314,344028,75.7
tuned,a2c,314,349059,80.0
tuned,a2c,314,354091,77.8
tuned,a2c,314,359122,80.0
tuned,a2c,314,364153,77.69999999999999
tuned,a2c,314,369184,79.9
tuned,a2c,314,374215,78.72511111111136
tuned,a2c,314,379247,73.58000000000001
tuned,a2c,314,384278,80.0
tuned,a2c,314,389309,80.0
tuned,a2c,314,394340,80.0
tuned,a2c,314,399371,70.80488888888806
tuned,a2c,314,404403,79.24
tuned,a2c,314,409434,80.0
tuned,a2c,314,414465,80.0
tuned,a2c,314,419496,80.0
tuned,a2c,314,424527,80.0
tuned,a2c,314,429559,80.0
tuned,a2c,314,434590,80.0
tuned,a2c,314,439621,80.0
tuned,a2c,314,444652,80.0
tuned,a2c,314,449683,80.0
tuned,a2c,314,454715,77.56
tuned,a2c,314,459746,80.0
tuned,a2c,314,464777,80.0
tuned,a2c,314,469808,79.9
tuned,a2c,314,474839,80.0
tuned,a2c,314,479871,79.82
tuned,a2c,314,484902,80.0
tuned,a2c,314,489933,80.0
tuned,a2c,314,494964,79.97734006734002
tuned,a2c,314,499996,80.0
default,a2c,42,1494,60.32
default,a2c,42,6529,73.35407114624506
default,a2c,42,11564,78.29797979797979
default,a2c,42,16599,58.96523636363646
default,a2c,42,21635,79.72
default,a2c,42,26670,79.62
default,a2c,42,31705,79.61975757575757
default,a2c,42,36741,78.48307258632846
default,a2c,42,41776,80.0
default,a2c,42,46811,80.0
default,a2c,42,51847,79.96
default,a2c,42,56882,79.92355555555554
default,a2c,42,61917,79.94
default,a2c,42,66952,79.94
default,a2c,42,71988,79.98032323232323
default,a2c,42,77023,68.78599999999996
default,a2c,42,82058,72.19148880105405
default,a2c,42,87094,71.07086868686868
default,a2c,42,92129,73.30400000000003
default,a2c,42,97164,79.98
default,a2c,42,102200,79.92
default,a2c,42,107235,77.74
default,a2c,42,112270,79.78
default,a2c,42,117305,79.9679595959596
default,a2c,42,122341,45.016000000000155
default,a2c,42,127376,79.84565656565672
default,a2c,42,132411,71.62266666666675
default,a2c,42,137447,79.75999999999999
default,a2c,42,142482,79.58197979797977
default,a2c,42,147517,73.64944178628399
default,a2c,42,152553,77.56
default,a2c,42,157588,79.98
default,a2c,42,162623,80.0
default,a2c,42,167659,75.02
default,a2c,42,172694,79.96
default,a2c,42,177729,80.0
default,a2c,42,182764,77.8
default,a2c,42,187800,80.0
default,a2c,42,192835,80.0
default,a2c,42,197870,73.24
default,a2c,42,202906,75.6
default,a2c,42,207941,80.0
default,a2c,42,212976,80.0
default,a2c,42,218012,80.0
default,a2c,42,223047,78.72888888888605
default,a2c,42,228082,80.0
default,a2c,42,233117,61.62733333333337
default,a2c,42,238153,69.94066666666714
default,a2c,42,243188,70.44
default,a2c,42,248223,78.6
default,a2c,42,253259,75.5
default,a2c,42,258294,77.73600000000036
default,a2c,42,263329,80.0
default,a2c,42,268365,80.0
default,a2c,42,273400,80.0
default,a2c,42,278435,77.72
default,a2c,42,283470,77.8
default,a2c,42,288506,80.0
default,a2c,42,293541,78.6
default,a2c,42,298576,77.08
default,a2c,42,303612,77.56909090909097
default,a2c,42,308647,78.39777777777131
default,a2c,42,313682,55.2918787878796
default,a2c,42,318718,80.0
default,a2c,42,323753,79.98
default,a2c,42,328788,77.75999999999999
default,a2c,42,333824,79.89999999999999
default,a2c,42,338859,79.97999999999999
default,a2c,42,343894,79.96000000000001
default,a2c,42,348929,79.6
default,a2c,42,353965,77.24444444444107
default,a2c,42,359000,71.92
default,a2c,42,364035,79.74
default,a2c,42,369071,79.97999999999999
default,a2c,42,374106,43.23066666666768
default,a2c,42,379141,80.0
default,a2c,42,384177,79.98
default,a2c,42,389212,80.0
default,a2c,42,394247,79.72
default,a2c,42,399282,77.51999999999998
default,a2c,42,404318,72.47066666666652
default,a2c,42,409353,79.92
default,a2c,42,414388,70.97382209188696
default,a2c,42,419424,79.98
default,a2c,42,424459,80.0
default,a2c,42,429494,79.47999999999999
default,a2c,42,434530,77.8
default,a2c,42,439565,80.0
default,a2c,42,444600,80.0
default,a2c,42,449635,80.0
default,a2c,42,454671,80.0
default,a2c,42,459706,80.0
default,a2c,42,464741,75.5
default,a2c,42,469777,77.62000000000116
default,a2c,42,474812,80.0
default,a2c,42,479847,80.0
default,a2c,42,484883,80.0
default,a2c,42,489918,3.2133333333337206
default,a2c,42,494953,-31.644696969696962
default,a2c,42,499989,73.39999999999999
default,a2c,123,1745,51.599999999999994
default,a2c,123,6777,74.82516161616161
default,a2c,123,11810,78.19584595959597
default,a2c,123,16843,75.68206060606062
default,a2c,123,21876,79.21830808080807
default,a2c,123,26909,79.9
default,a2c,123,31942,79.94
default,a2c,123,36974,79.66
default,a2c,123,42007,79.94
default,a2c,123,47040,79.98
default,a2c,123,52073,72.81402020202003
default,a2c,123,57106,79.98
default,a2c,123,62139,79.86
default,a2c,123,67171,74.70622222222207
default,a2c,123,72204,79.94
default,a2c,123,77237,80.0
default,a2c,123,82270,80.0
default,a2c,123,87303,80.0
default,a2c,123,92336,80.0
default,a2c,123,97368,80.0
default,a2c,123,102401,79.86077441077437
default,a2c,123,107434,80.0
default,a2c,123,112467,79.96
default,a2c,123,117500,79.92
default,a2c,123,122533,79.86
default,a2c,123,127565,79.97999999999999
default,a2c,123,132598,52.94925252525217
default,a2c,123,137631,-50.1
default,a2c,123,142664,79.84
default,a2c,123,147697,79.96
default,a2c,123,152730,79.94
default,a2c,123,157762,55.76
default,a2c,123,162795,80.0
default,a2c,123,167828,80.0
default,a2c,123,172861,79.9220202020203
default,a2c,123,177894,77.74582070707068
default,a2c,123,182927,80.0
default,a2c,123,187960,80.0
default,a2c,123,192992,80.0
default,a2c,123,198025,80.0
default,a2c,123,203058,79.95023569023586
default,a2c,123,208091,80.0
default,a2c,123,213124,80.0
default,a2c,123,218157,6.308888888888642
default,a2c,123,223189,72.24000000000001
default,a2c,123,228222,77.26464646464626
default,a2c,123,233255,80.0
default,a2c,123,238288,50.70776936026887
default,a2c,123,243321,78.69642424242409
default,a2c,123,248354,78.38
default,a2c,123,253386,79.98
default,a2c,123,258419,80.0
default,a2c,123,263452,79.82
default,a2c,123,268485,80.0
default,a2c,123,273518,80.0
default,a2c,123,278551,79.94
default,a2c,123,283583,79.96
default,a2c,123,288616,79.96
default,a2c,123,293649,79.66
default,a2c,123,298682,80.0
default,a2c,123,303715,77.24957575757568
default,a2c,123,308748,79.94094276094305
default,a2c,123,313780,77.8
default,a2c,123,318813,77.8
default,a2c,123,323846,80.0
default,a2c,123,328879,77.8
default,a2c,123,333912,75.28
default,a2c,123,338945,77.34
default,a2c,123,343978,79.96
default,a2c,123,349010,79.82
default,a2c,123,354043,79.88
default,a2c,123,359076,80.0
default,a2c,123,364109,80.0
default,a2c,123,369142,77.36847853535306
default,a2c,123,374175,79.8
default,a2c,123,379207,79.96
default,a2c,123,384240,79.97999999999999
default,a2c,123,389273,77.78
default,a2c,123,394306,77.78
default,a2c,123,399339,75.60000000000001
default,a2c,123,404372,77.19999999999999
default,a2c,123,409404,79.94
default,a2c,123,414437,79.96
default,a2c,123,419470,77.7
default,a2c,123,424503,79.92
default,a2c,123,429536,77.46000000000001
default,a2c,123,434569,80.0
default,a2c,123,439601,79.92
default,a2c,123,444634,78.36
default,a2c,123,449667,78.35782828282676
default,a2c,123,454700,79.28
default,a2c,123,459733,80.0
default,a2c,123,464766,80.0
default,a2c,123,469798,70.96000000000001
default,a2c,123,474831,80.0
default,a2c,123,479864,79.98
default,a2c,123,484897,76.4
default,a2c,123,489930,80.0
default,a2c,123,494963,80.0
default,a2c,123,499996,80.0
default,a2c,2024,2008,43.14
default,a2c,2024,7038,77.52363636363637
default,a2c,2024,12068,78.22513368983957
default,a2c,2024,17098,79.02145454545456
default,a2c,2024,22128,79.28
default,a2c,2024,27158,79.58
default,a2c,2024,32189,79.47999999999999
default,a2c,2024,37219,77.06863636363636
default,a2c,2024,42249,79.74000000000001
default,a2c,2024,47279,79.82545454545455
default,a2c,2024,52309,77.08
default,a2c,2024,57340,79.56
default,a2c,2024,62370,79.74181818181818
default,a2c,2024,67400,77.42
default,a2c,2024,72430,70.87196969696967
default,a2c,2024,77460,76.73409090909092
default,a2c,2024,82490,79.64484848484845
default,a2c,2024,87521,78.83538461538458
default,a2c,2024,92551,77.19965909090911
default,a2c,2024,97581,79.82
default,a2c,2024,102611,77.28
default,a2c,2024,107641,76.6
default,a2c,2024,112672,75.14
default,a2c,2024,117702,80.0
default,a2c,2024,122732,79.88
default,a2c,2024,127762,74.72278787878787
default,a2c,2024,132792,74.46000000000001
default,a2c,2024,137822,74.62
default,a2c,2024,142853,79.97999999999999
default,a2c,2024,147883,74.79999999999998
default,a2c,2024,152913,77.34
default,a2c,2024,157943,79.92
default,a2c,2024,162973,79.97999999999999
default,a2c,2024,168004,77.78625
default,a2c,2024,173034,78.79333333333412
default,a2c,2024,178064,80.0
default,a2c,2024,183094,79.84
default,a2c,2024,188124,74.72
default,a2c,2024,193154,72.16
default,a2c,2024,198185,79.85999999999999
default,a2c,2024,203215,79.91999999999999
default,a2c,2024,208245,77.24
default,a2c,2024,213275,77.59263636363657
default,a2c,2024,218305,79.96
default,a2c,2024,223336,79.62
default,a2c,2024,228366,74.46
default,a2c,2024,233396,80.16
default,a2c,2024,238426,76.40615384615396
default,a2c,2024,243456,77.16
default,a2c,2024,248486,79.56
default,a2c,2024,253517,74.7809625668449
default,a2c,2024,258547,79.96
default,a2c,2024,263577,79.94
default,a2c,2024,268607,77.19999999999999
default,a2c,2024,273637,79.8
default,a2c,2024,278668,79.91999999999999
default,a2c,2024,283698,67.9
default,a2c,2024,288728,79.94
default,a2c,2024,293758,79.96
default,a2c,2024,298788,79.74
default,a2c,2024,303818,80.08
default,a2c,2024,308849,74.47999999999999
default,a2c,2024,313879,80.0
default,a2c,2024,318909,79.96
default,a2c,2024,323939,80.03999999999999
default,a2c,2024,328969,77.4
default,a2c,2024,334000,77.28
default,a2c,2024,339030,79.95612121212135
default,a2c,2024,344060,75.05272727272705
default,a2c,2024,349090,75.57999999999998
default,a2c,2024,354120,77.38
default,a2c,2024,359150,77.8
default,a2c,2024,364181,79.66
default,a2c,2024,369211,79.42363636363297
default,a2c,2024,374241,79.96
default,a2c,2024,379271,79.96
default,a2c,2024,384301,77.14
default,a2c,2024,389332,77.38
default,a2c,2024,394362,80.0
default,a2c,2024,399392,77.52000000000001
default,a2c,2024,404422,73.68
default,a2c,2024,409452,73.84
default,a2c,2024,414482,80.03999999999999
default,a2c,2024,419513,77.5111363636364
default,a2c,2024,424543,79.97999999999999
default,a2c,2024,429573,77.56
default,a2c,2024,434603,74.32
default,a2c,2024,439633,79.72
default,a2c,2024,444664,79.74
default,a2c,2024,449694,79.89999999999999
default,a2c,2024,454724,76.84933333333349
default,a2c,2024,459754,80.0
default,a2c,2024,464784,77.2
default,a2c,2024,469814,77.44
default,a2c,2024,474845,79.96000000000001
default,a2c,2024,479875,79.4
default,a2c,2024,484905,79.9
default,a2c,2024,489935,79.62
default,a2c,2024,494965,77.8
default,a2c,2024,499996,80.0
default,a2c,7,1718,54.34
default,a2c,7,6751,75.69446969696969
default,a2c,7,11784,77.79427609427609
default,a2c,7,16817,78.63999999999999
default,a2c,7,21850,79.47565124933547
default,a2c,7,26883,76.5
default,a2c,7,31916,79.9307196969697
default,a2c,7,36949,79.82
default,a2c,7,41982,80.0
default,a2c,7,47015,79.82
default,a2c,7,52048,79.83411616161617
default,a2c,7,57081,79.52
default,a2c,7,62114,79.88
default,a2c,7,67147,80.0
default,a2c,7,72180,80.0
default,a2c,7,77214,76.13979266347685
default,a2c,7,82247,80.0
default,a2c,7,87280,79.25999999999999
default,a2c,7,92313,79.58636363636371
default,a2c,7,97346,80.0
default,a2c,7,102379,65.9
default,a2c,7,107412,68.92533333333367
default,a2c,7,112445,80.0
default,a2c,7,117478,80.0
default,a2c,7,122511,78.22
default,a2c,7,127544,79.96
default,a2c,7,132577,78.52000000000001
default,a2c,7,137610,80.0
default,a2c,7,142643,79.9
default,a2c,7,147677,80.0
default,a2c,7,152710,80.0
default,a2c,7,157743,77.8
default,a2c,7,162776,79.12
default,a2c,7,167809,79.96000000000001
default,a2c,7,172842,79.96
default,a2c,7,177875,80.0
default,a2c,7,182908,77.3968181818182
default,a2c,7,187941,80.0
default,a2c,7,192974,80.0
default,a2c,7,198007,79.98
default,a2c,7,203040,75.0817777777781
default,a2c,7,208073,79.28
default,a2c,7,213106,79.97999999999999
default,a2c,7,218140,79.86
default,a2c,7,223173,80.0
default,a2c,7,228206,79.75999999999999
default,a2c,7,233239,79.80968434343436
default,a2c,7,238272,75.78
default,a2c,7,243305,79.94
default,a2c,7,248338,79.94
default,a2c,7,253371,-38.64838383838301
default,a2c,7,258404,79.58
default,a2c,7,263437,79.02
default,a2c,7,268470,79.47999999999999
default,a2c,7,273503,80.0
default,a2c,7,278536,77.8
default,a2c,7,283569,79.92
default,a2c,7,288603,79.97999999999999
default,a2c,7,293636,79.92
default,a2c,7,298669,79.98
default,a2c,7,303702,79.94
default,a2c,7,308735,80.0
default,a2c,7,313768,79.98
default,a2c,7,318801,78.7
default,a2c,7,323834,80.0
default,a2c,7,328867,79.9
default,a2c,7,333900,79.97999999999999
default,a2c,7,338933,80.0
default,a2c,7,343966,79.97999999999999
default,a2c,7,348999,79.97999999999999
default,a2c,7,354032,80.0
default,a2c,7,359066,80.0
default,a2c,7,364099,79.60000000000001
default,a2c,7,369132,79.88
default,a2c,7,374165,80.0
default,a2c,7,379198,80.0
default,a2c,7,384231,80.0
default,a2c,7,389264,80.0
default,a2c,7,394297,80.0
default,a2c,7,399330,80.0
default,a2c,7,404363,80.0
default,a2c,7,409396,80.0
default,a2c,7,414429,79.9
default,a2c,7,419462,80.0
default,a2c,7,424495,80.0
default,a2c,7,429529,80.0
default,a2c,7,434562,80.0
default,a2c,7,439595,72.16727272726828
default,a2c,7,444628,80.0
default,a2c,7,449661,13.040000000000003
default,a2c,7,454694,80.0
default,a2c,7,459727,80.0
default,a2c,7,464760,80.0
default,a2c,7,469793,80.0
default,a2c,7,474826,75.75999999999999
default,a2c,7,479859,71.24293939393999
default,a2c,7,484892,79.91999999999999
default,a2c,7,489925,80.0
default,a2c,7,494958,79.38
default,a2c,7,499992,79.78
default,a2c,314,1907,45.86
default,a2c,314,6938,76.14
default,a2c,314,11969,75.16080808080808
default,a2c,314,17000,72.19062388591801
default,a2c,314,22031,74.78473182529524
default,a2c,314,27062,79.38
default,a2c,314,32093,79.56
default,a2c,314,37125,79.68
default,a2c,314,42156,79.89999999999999
default,a2c,314,47187,79.14
default,a2c,314,52218,79.91999999999999
default,a2c,314,57249,80.0
default,a2c,314,62280,79.68791919191918
default,a2c,314,67312,79.54
default,a2c,314,72343,80.0
default,a2c,314,77374,80.0
default,a2c,314,82405,74.03999999999999
default,a2c,314,87436,80.0
default,a2c,314,92467,80.0
default,a2c,314,97499,80.0
default,a2c,314,102530,79.08
default,a2c,314,107561,80.0
default,a2c,314,112592,80.0
default,a2c,314,117623,75.46000000000001
default,a2c,314,122654,77.34
default,a2c,314,127686,78.72015151515168
default,a2c,314,132717,80.0
default,a2c,314,137748,79.86
default,a2c,314,142779,80.0
default,a2c,314,147810,80.0
default,a2c,314,152841,80.0
default,a2c,314,157873,80.0
default,a2c,314,162904,79.98
default,a2c,314,167935,79.53999999999999
default,a2c,314,172966,79.97999999999999
default,a2c,314,177997,80.0
default,a2c,314,183028,80.0
default,a2c,314,188059,80.0
default,a2c,314,193091,79.69999999999999
default,a2c,314,198122,72.6
default,a2c,314,203153,80.0
default,a2c,314,208184,14.51822222222289
default,a2c,314,213215,72.02912878787886
default,a2c,314,218246,80.0
default,a2c,314,223278,80.0
default,a2c,314,228309,79.98
default,a2c,314,233340,80.0
default,a2c,314,238371,80.0
default,a2c,314,243402,22.134090909091064
default,a2c,314,248433,77.10767676767671
default,a2c,314,253465,79.94
default,a2c,314,258496,75.69999999999999
default,a2c,314,263527,79.92
default,a2c,314,268558,79.96000000000001
default,a2c,314,273589,80.0
default,a2c,314,278620,80.0
default,a2c,314,283652,80.0
default,a2c,314,288683,79.83999999999999
default,a2c,314,293714,73.56177777777775
default,a2c,314,298745,-27.873464646464683
default,a2c,314,303776,41.96666666666687
default,a2c,314,308807,79.97999999999999
default,a2c,314,313839,75.92049460118443
default,a2c,314,318870,75.68
default,a2c,314,323901,72.52278787878849
default,a2c,314,328932,79.98
default,a2c,314,333963,44.33666666666768
default,a2c,314,338994,70.30815107597728
default,a2c,314,344025,80.0
default,a2c,314,349057,77.62
default,a2c,314,354088,80.0
default,a2c,314,359119,80.0
default,a2c,314,364150,78.85672727272753
default,a2c,314,369181,80.0
default,a2c,314,374212,80.0
default,a2c,314,379244,80.0
default,a2c,314,384275,80.0
default,a2c,314,389306,72.56
default,a2c,314,394337,80.0
default,a2c,314,399368,80.0
default,a2c,314,404399,77.46
default,a2c,314,409431,80.0
default,a2c,314,414462,77.34
default,a2c,314,419493,80.0
default,a2c,314,424524,80.0
default,a2c,314,429555,80.0
default,a2c,314,434586,80.0
default,a2c,314,439618,80.0
default,a2c,314,444649,80.0
default,a2c,314,449680,80.0
default,a2c,314,454711,80.0
default,a2c,314,459742,80.0
default,a2c,314,464773,78.94491582491511
default,a2c,314,469805,80.0
default,a2c,314,474836,80.0
default,a2c,314,479867,80.0
default,a2c,314,484898,80.0
default,a2c,314,489929,72.40044356609638
default,a2c,314,494960,80.0
default,a2c,314,499992,80.0
tuned,dqn,42,4260,-79.30000000000001
tuned,dqn,42,9267,-72.81333333333333
tuned,dqn,42,14274,-65.38355555555556
tuned,dqn,42,19282,-57.56
tuned,dqn,42,24289,-28.8964
tuned,dqn,42,29297,-25.79166666666667
tuned,dqn,42,34304,-11.487407407407389
tuned,dqn,42,39312,-4.936767676767677
tuned,dqn,42,44319,2.2681111111111174
tuned,dqn,42,49327,21.2
tuned,dqn,42,54334,24.882399999999997
tuned,dqn,42,59341,39.289251700680346
tuned,dqn,42,64349,49.21170370370369
tuned,dqn,42,69356,55.624848484848734
tuned,dqn,42,74364,49.3267724867725
tuned,dqn,42,79371,60.089629629629655
tuned,dqn,42,84379,61.539506172839474
tuned,dqn,42,89386,63.429118773946286
tuned,dqn,42,94394,69.73894736842105
tuned,dqn,42,99401,69.99851851851844
tuned,dqn,42,104408,72.46248366013074
tuned,dqn,42,109416,69.42666666666668
tuned,dqn,42,114423,73.35348659003829
tuned,dqn,42,119431,73.85936507936509
tuned,dqn,42,124438,74.30249999999992
tuned,dqn,42,129446,75.58417777777778
tuned,dqn,42,134453,76.59395061728395
tuned,dqn,42,139461,77.18823529411763
tuned,dqn,42,144468,77.937385620915
tuned,dqn,42,149475,76.03999999999999
tuned,dqn,42,154483,80.65960784313728
tuned,dqn,42,159490,79.53288888888888
tuned,dqn,42,164498,81.89830065359475
tuned,dqn,42,169505,74.99466666666693
tuned,dqn,42,174513,80.23417989417992
tuned,dqn,42,179520,80.45955555555537
tuned,dqn,42,184528,83.5
tuned,dqn,42,189535,84.77155555555557
tuned,dqn,42,194542,76.54074074074083
tuned,dqn,42,199550,81.61851851851848
tuned,dqn,42,204557,82.63064327485385
tuned,dqn,42,209565,83.84677248677251
tuned,dqn,42,214572,78.20370370370375
tuned,dqn,42,219580,80.45858585858593
tuned,dqn,42,224587,82.94222222222217
tuned,dqn,42,229595,84.08
tuned,dqn,42,234602,81.97365079365089
tuned,dqn,42,239609,84.02
tuned,dqn,42,244617,83.92
tuned,dqn,42,249624,80.0288888888889
tuned,dqn,42,254632,84.06993464052285
tuned,dqn,42,259639,81.76666666666667
tuned,dqn,42,264647,84.24333333333325
tuned,dqn,42,269654,85.03321637426909
tuned,dqn,42,274662,83.4
tuned,dqn,42,279669,82.55490196078426
tuned,dqn,42,284676,83.92633333333339
tuned,dqn,42,289684,85.67623188405824
tuned,dqn,42,294691,84.31950617283944
tuned,dqn,42,299699,79.52391534391546
tuned,dqn,42,304706,84.31266666666663
tuned,dqn,42,309714,77.98722222222423
tuned,dqn,42,314721,83.85424836601308
tuned,dqn,42,319729,84.23052631578946
tuned,dqn,42,324736,81.05490740740744
tuned,dqn,42,329743,79.04588888888887
tuned,dqn,42,334751,84.60941176470583
tuned,dqn,42,339758,83.88933333333325
tuned,dqn,42,344766,84.61975308641979
tuned,dqn,42,349773,81.88166666666658
tuned,dqn,42,354781,84.55827160493833
tuned,dqn,42,359788,85.56172839506173
tuned,dqn,42,364796,84.68380952380953
tuned,dqn,42,369803,85.4632098765432
tuned,dqn,42,374810,83.02864197530862
tuned,dqn,42,379818,82.25133333333336
tuned,dqn,42,384825,84.61906432748528
tuned,dqn,42,389833,84.70634920634912
tuned,dqn,42,394840,84.5811764705883
tuned,dqn,42,399848,80.02000000000001
tuned,dqn,42,404855,84.38212962962963
tuned,dqn,42,409863,80.07600000000001
tuned,dqn,42,414870,81.00592592592595
tuned,dqn,42,419877,81.82339181286552
tuned,dqn,42,424885,82.06740740740743
tuned,dqn,42,429892,82.10555555555271
tuned,dqn,42,434900,81.49777777777781
tuned,dqn,42,439907,85.26666666666661
tuned,dqn,42,444915,85.29866666666662
tuned,dqn,42,449922,85.32533333333332
tuned,dqn,42,454930,81.5035294117647
tuned,dqn,42,459937,82.84
tuned,dqn,42,464944,84.5910144927537
tuned,dqn,42,469952,83.46000000000001
tuned,dqn,42,474959,83.96
tuned,dqn,42,479967,85.46000000000001
tuned,dqn,42,484974,82.24
tuned,dqn,42,489982,84.55320987654319
tuned,dqn,42,494989,84.30836601307192
tuned,dqn,42,499997,82.66
tuned,dqn,123,4212,-83.04
tuned,dqn,123,9219,-73.69051515151516
tuned,dqn,123,14227,-70.81624242424245
tuned,dqn,123,19234,-54.86735009671178
tuned,dqn,123,24242,-46.55966219572768
tuned,dqn,123,29249,-12.135084996304455
tuned,dqn,123,34257,-15.77690909090909
tuned,dqn,123,39264,-2.154853007688761
tuned,dqn,123,44272,5.889550342130993
tuned,dqn,123,49279,16.660191387559784
tuned,dqn,123,54287,39.60470066518845
tuned,dqn,123,59294,40.54546666666657
tuned,dqn,123,64302,42.76323636363627
tuned,dqn,123,69309,51.534006734006724
tuned,dqn,123,74317,58.38951048951047
tuned,dqn,123,79324,61.05499999999996
tuned,dqn,123,84332,63.514108527131754
tuned,dqn,123,89339,68.20074866310162
tuned,dqn,123,94347,64.97432727272712
tuned,dqn,123,99354,68.72
tuned,dqn,123,104362,68.6707647907648
tuned,dqn,123,109369,72.01409090909097
tuned,dqn,123,114377,73.38818181818179
tuned,dqn,123,119384,74.67845454545451
tuned,dqn,123,124392,75.62431818181814
tuned,dqn,123,129399,72.52219696969881
tuned,dqn,123,134407,76.02000000000001
tuned,dqn,123,139414,77.39842424242431
tuned,dqn,123,144422,77.69643939393937
tuned,dqn,123,149429,78.03999999999999
tuned,dqn,123,154437,78.0565656565657
tuned,dqn,123,159444,78.97418894830653
tuned,dqn,123,164452,77.0718003565062
tuned,dqn,123,169460,79.435
tuned,dqn,123,174467,79.13689393939397
tuned,dqn,123,179475,77.7707308377898
tuned,dqn,123,184482,79.52000000000001
tuned,dqn,123,189490,82.9943771043771
tuned,dqn,123,194497,81.21858585858591
tuned,dqn,123,199505,83.27347593582907
tuned,dqn,123,204512,78.85380471380479
tuned,dqn,123,209520,72.56
tuned,dqn,123,214527,84.33474747474752
tuned,dqn,123,219535,83.89189792663484
tuned,dqn,123,224542,78.85166666666657
tuned,dqn,123,229550,78.66
tuned,dqn,123,234557,80.99278499278485
tuned,dqn,123,239565,84.38134680134684
tuned,dqn,123,244572,76.89010101010092
tuned,dqn,123,249580,84.58921850079744
tuned,dqn,123,254587,83.35171717171733
tuned,dqn,123,259595,84.13636363636353
tuned,dqn,123,264602,80.94
tuned,dqn,123,269610,80.33212121212122
tuned,dqn,123,274617,82.21741626794241
tuned,dqn,123,279625,83.47099999999989
tuned,dqn,123,284632,81.58787878787915
tuned,dqn,123,289640,80.59443636363609
tuned,dqn,123,294647,78.71236914600551
tuned,dqn,123,299655,81.38146730462523
tuned,dqn,123,304662,81.04620320855639
tuned,dqn,123,309670,85.1618855218856
tuned,dqn,123,314677,81.78324420677387
tuned,dqn,123,319685,79.50981818181788
tuned,dqn,123,324692,82.30349376114086
tuned,dqn,123,329700,84.58
tuned,dqn,123,334708,82.46588235294118
tuned,dqn,123,339715,80.73068484848363
tuned,dqn,123,344723,83.7232854864435
tuned,dqn,123,349730,84.368282828283
tuned,dqn,123,354738,81.74506238859215
tuned,dqn,123,359745,84.40397306397311
tuned,dqn,123,364753,84.06822134387335
tuned,dqn,123,369760,84.80535353535359
tuned,dqn,123,374768,84.76063636363637
tuned,dqn,123,379775,84.88765550239245
tuned,dqn,123,384783,82.0786531986529
tuned,dqn,123,389790,81.43294117647073
tuned,dqn,123,394798,82.19721925133635
tuned,dqn,123,399805,84.19319865319905
tuned,dqn,123,404813,81.81070707070718
tuned,dqn,123,409820,83.0163636363636
tuned,dqn,123,414828,85.12159779614325
tuned,dqn,123,419835,84.61336898395811
tuned,dqn,123,424843,84.77436363636342
tuned,dqn,123,429850,83.43311942959012
tuned,dqn,123,434858,85.52
tuned,dqn,123,439865,84.64650717703343
tuned,dqn,123,444873,84.94245614035081
tuned,dqn,123,449880,81.96760942760946
tuned,dqn,123,454888,84.11575757575764
tuned,dqn,123,459895,85.83239057239099
tuned,dqn,123,464903,82.41504456327995
tuned,dqn,123,469910,83.78616363636301
tuned,dqn,123,474918,85.17379679144359
tuned,dqn,123,479925,81.56673400673394
tuned,dqn,123,484933,82.70395256916994
tuned,dqn,123,489940,80.93167464114825
tuned,dqn,123,494948,82.42954545454529
tuned,dqn,123,499956,82.68
tuned,dqn,2024,4449,-84.78
tuned,dqn,2024,9454,-68.45707070707071
tuned,dqn,2024,14459,-69.68239181942884
tuned,dqn,2024,19465,-57.72524242424243
tuned,dqn,2024,24470,-34.48846648301194
tuned,dqn,2024,29476,-38.89695353535353
tuned,dqn,2024,34481,-9.18883701883703
tuned,dqn,2024,39486,4.753096482061995
tuned,dqn,2024,44492,6.489973649538866
tuned,dqn,2024,49497,26.00505454545456
tuned,dqn,2024,54503,28.100314253647582
tuned,dqn,2024,59508,37.57385620915033
tuned,dqn,2024,64513,41.88412121212122
tuned,dqn,2024,69519,46.47464320625615
tuned,dqn,2024,74524,45.81976161616164
tuned,dqn,2024,79530,61.28491978609624
tuned,dqn,2024,84535,63.00975757575757
tuned,dqn,2024,89541,65.78030303030297
tuned,dqn,2024,94546,66.11283116883116
tuned,dqn,2024,99551,67.84562548562543
tuned,dqn,2024,104557,71.68214317083884
tuned,dqn,2024,109562,70.92000000000002
tuned,dqn,2024,114568,74.65298245614035
tuned,dqn,2024,119573,74.56226070226067
tuned,dqn,2024,124578,74.86
tuned,dqn,2024,129584,75.40144522144527
tuned,dqn,2024,134589,76.74248035914705
tuned,dqn,2024,139595,75.3031818181817
tuned,dqn,2024,144600,77.70728461081401
tuned,dqn,2024,149606,78.04002525252523
tuned,dqn,2024,154611,78.58
tuned,dqn,2024,159616,78.19448484848483
tuned,dqn,2024,164622,78.73000673400674
tuned,dqn,2024,169627,77.1684615384616
tuned,dqn,2024,174633,80.48
tuned,dqn,2024,179638,79.96765300059417
tuned,dqn,2024,184643,80.64909090909087
tuned,dqn,2024,189649,78.94735353535356
tuned,dqn,2024,194654,80.92912457912462
tuned,dqn,2024,199660,81.627196969697
tuned,dqn,2024,204665,78.46000000000001
tuned,dqn,2024,209670,81.19171717171716
tuned,dqn,2024,214676,80.59240829346088
tuned,dqn,2024,219681,80.83904040404042
tuned,dqn,2024,224687,81.4
tuned,dqn,2024,229692,81.77760765550242
tuned,dqn,2024,234698,78.94
tuned,dqn,2024,239703,79.0185326953748
tuned,dqn,2024,244708,78.96955436720143
tuned,dqn,2024,249714,82.20484848484844
tuned,dqn,2024,254719,81.62
tuned,dqn,2024,259725,81.77814992025519
tuned,dqn,2024,264730,78.82377896613167
tuned,dqn,2024,269735,79.28
tuned,dqn,2024,274741,82.64141414141412
tuned,dqn,2024,279746,80.7599777777785
tuned,dqn,2024,284752,76.81518341307817
tuned,dqn,2024,289757,82.83030303030309
tuned,dqn,2024,294763,78.1587997623292
tuned,dqn,2024,299768,83.74918069584736
tuned,dqn,2024,304773,83.15873278236906
tuned,dqn,2024,309779,82.44526515151519
tuned,dqn,2024,314784,84.29476874003193
tuned,dqn,2024,319790,82.72959595959574
tuned,dqn,2024,324795,82.72942364824716
tuned,dqn,2024,329800,84.02620320855632
tuned,dqn,2024,334806,84.30533333333337
tuned,dqn,2024,339811,84.39732620320859
tuned,dqn,2024,344817,85.58625384277572
tuned,dqn,2024,349822,82.5
tuned,dqn,2024,354827,84.35901234567889
tuned,dqn,2024,359833,84.19506833036239
tuned,dqn,2024,364838,84.95090909090915
tuned,dqn,2024,369844,85.37426487093144
tuned,dqn,2024,374849,82.83300202020249
tuned,dqn,2024,379855,84.29963636363635
tuned,dqn,2024,384860,80.6245566778899
tuned,dqn,2024,389865,83.63633333333338
tuned,dqn,2024,394871,84.48861244019133
tuned,dqn,2024,399876,84.31926634768723
tuned,dqn,2024,404882,85.70119085592768
tuned,dqn,2024,409887,79.5254545454547
tuned,dqn,2024,414892,79.56337822671159
tuned,dqn,2024,419898,85.11940582293524
tuned,dqn,2024,424903,82.94698564593314
tuned,dqn,2024,429909,84.4218894830659
tuned,dqn,2024,434914,84.31820426487091
tuned,dqn,2024,439920,82.25353535353517
tuned,dqn,2024,444925,84.58382716049381
tuned,dqn,2024,449930,83.86381593714934
tuned,dqn,2024,454936,84.10363636363634
tuned,dqn,2024,459941,85.32793820558526
tuned,dqn,2024,464947,81.4
tuned,dqn,2024,469952,82.75649831649848
tuned,dqn,2024,474957,85.16193701723118
tuned,dqn,2024,479963,85.60467023172916
tuned,dqn,2024,484968,84.8635497835498
tuned,dqn,2024,489974,79.77320404040367
tuned,dqn,2024,494979,78.96885699096228
tuned,dqn,2024,499985,84.38
tuned,dqn,7,3994,-83.88
tuned,dqn,7,9004,-77.69884848484848
tuned,dqn,7,14014,-58.71792323232324
tuned,dqn,7,19024,-50.760000000000005
tuned,dqn,7,24034,-39.242668793195094
tuned,dqn,7,29044,-24.34141414141414
tuned,dqn,7,34054,-4.441805286911635
tuned,dqn,7,39064,-4.008585858585862
tuned,dqn,7,44075,8.391313131313145
tuned,dqn,7,49085,23.73078369905956
tuned,dqn,7,54095,31.062929292929294
tuned,dqn,7,59105,40.69555555555556
tuned,dqn,7,64115,43.261818181818526
tuned,dqn,7,69125,55.970500459136794
tuned,dqn,7,74135,48.84743978243976
tuned,dqn,7,79146,56.494154882154845
tuned,dqn,7,84156,59.56176981078387
tuned,dqn,7,89166,64.64919968919968
tuned,dqn,7,94176,64.93261707988981
tuned,dqn,7,99186,69.00311220311221
tuned,dqn,7,104196,72.39625701459035
tuned,dqn,7,109206,73.29664141414142
tuned,dqn,7,114217,73.15242424242425
tuned,dqn,7,119227,69.59925177702955
tuned,dqn,7,124237,74.68996212121219
tuned,dqn,7,129247,72.58812890812891
tuned,dqn,7,134257,77.05797979797987
tuned,dqn,7,139267,72.35878787878791
tuned,dqn,7,144277,78.06020202020198
tuned,dqn,7,149288,79.59265993265997
tuned,dqn,7,154298,78.2972348484848
tuned,dqn,7,159308,81.44
tuned,dqn,7,164318,82.00244550770863
tuned,dqn,7,169328,79.65979999999949
tuned,dqn,7,174338,81.36191919191916
tuned,dqn,7,179348,81.90689113355774
tuned,dqn,7,184359,79.62331550802139
tuned,dqn,7,189369,82.10191919191915
tuned,dqn,7,194379,83.45671717171717
tuned,dqn,7,199389,82.51045454545438
tuned,dqn,7,204399,82.82308972073679
tuned,dqn,7,209409,82.89645870469407
tuned,dqn,7,214419,79.2337373737374
tuned,dqn,7,219430,80.19045751634003
tuned,dqn,7,224440,82.25625730994152
tuned,dqn,7,229450,84.46545454545453
tuned,dqn,7,234460,83.09813131313132
tuned,dqn,7,239470,84.56
tuned,dqn,7,244480,81.05597147950095
tuned,dqn,7,249490,83.67893939393952
tuned,dqn,7,254501,84.2271380471382
tuned,dqn,7,259511,83.77597147950087
tuned,dqn,7,264521,81.7343909685085
tuned,dqn,7,269531,83.58711880711884
tuned,dqn,7,274541,84.1
tuned,dqn,7,279551,83.97087719298226
tuned,dqn,7,284561,81.72879319510913
tuned,dqn,7,289572,81.56586921850078
tuned,dqn,7,294582,83.67030303030313
tuned,dqn,7,299592,84.13559595959576
tuned,dqn,7,304602,80.66572390572375
tuned,dqn,7,309612,82.7
tuned,dqn,7,314622,84.77069584736266
tuned,dqn,7,319632,85.24000000000001
tuned,dqn,7,324643,84.05077134986222
tuned,dqn,7,329653,82.7318265993266
tuned,dqn,7,334663,83.7955555555556
tuned,dqn,7,339673,83.43578643578637
tuned,dqn,7,344683,84.4712008978676
tuned,dqn,7,349693,84.94269696969702
tuned,dqn,7,354703,85.03999999999999
tuned,dqn,7,359714,75.17909494949448
tuned,dqn,7,364724,82.33545454545452
tuned,dqn,7,369734,81.92244550770866
tuned,dqn,7,374744,84.93584076054668
tuned,dqn,7,379754,84.08000000000001
tuned,dqn,7,384764,83.56
tuned,dqn,7,389774,85.58641975308626
tuned,dqn,7,394785,81.5
tuned,dqn,7,399795,81.844356060606
tuned,dqn,7,404805,84.31250148544267
tuned,dqn,7,409815,84.48646464646484
tuned,dqn,7,414825,84.34
tuned,dqn,7,419835,84.38065656565654
tuned,dqn,7,424845,81.73296969696972
tuned,dqn,7,429856,83.08472964943559
tuned,dqn,7,434866,79.90129068462404
tuned,dqn,7,439876,83.45808484848463
tuned,dqn,7,444886,82.9185620915033
tuned,dqn,7,449896,79.7696544391282
tuned,dqn,7,454906,85.13422459893066
tuned,dqn,7,459916,80.65232323232325
tuned,dqn,7,464927,84.96
tuned,dqn,7,469937,84.53884848484844
tuned,dqn,7,474947,83.56
tuned,dqn,7,479957,85.01796857463526
tuned,dqn,7,484967,84.61191919191934
tuned,dqn,7,489977,80.08142536475866
tuned,dqn,7,494987,85.84
tuned,dqn,7,499998,82.83999999999999
tuned,dqn,314,4249,-81.58
tuned,dqn,314,9256,-73.61808484848486
tuned,dqn,314,14264,-67.42219797979799
tuned,dqn,314,19271,-51.25212121212123
tuned,dqn,314,24279,-41.15631313131312
tuned,dqn,314,29286,-30.244141414141417
tuned,dqn,314,34294,-19.993242424242446
tuned,dqn,314,39301,-7.789526847421552
tuned,dqn,314,44309,9.653557800224453
tuned,dqn,314,49317,21.075454545454523
tuned,dqn,314,54324,33.25969696969696
tuned,dqn,314,59332,39.183174603174386
tuned,dqn,314,64339,37.714954193093725
tuned,dqn,314,69347,51.033414141414106
tuned,dqn,314,74354,55.20992337164758
tuned,dqn,314,79362,59.89824046920821
tuned,dqn,314,84370,59.44615888615891
tuned,dqn,314,89377,66.07257795344749
tuned,dqn,314,94385,68.1672727272727
tuned,dqn,314,99392,67.88626262626262
tuned,dqn,314,104400,64.53999999999999
tuned,dqn,314,109407,68.66886060606069
tuned,dqn,314,114415,71.53999999999999
tuned,dqn,314,119423,73.80000000000001
tuned,dqn,314,124430,75.17108734402854
tuned,dqn,314,129438,75.49680808080808
tuned,dqn,314,134445,76.83234654234664
tuned,dqn,314,139453,77.23280632411067
tuned,dqn,314,144460,79.71147025813691
tuned,dqn,314,149468,81.78078787878786
tuned,dqn,314,154475,81.82000000000001
tuned,dqn,314,159483,78.41361391694727
tuned,dqn,314,164491,79.4643493761141
tuned,dqn,314,169498,81.25555555555557
tuned,dqn,314,174506,82.02144979203803
tuned,dqn,314,179513,81.4155667789002
tuned,dqn,314,184521,80.29985454545496
tuned,dqn,314,189528,77.68118967452304
tuned,dqn,314,194536,81.53311111111101
tuned,dqn,314,199544,84.22843214756257
tuned,dqn,314,204551,78.64597081930415
tuned,dqn,314,209559,81.42
tuned,dqn,314,214566,84.26159489633173
tuned,dqn,314,219574,84.10600744284959
tuned,dqn,314,224581,82.48549019607839
tuned,dqn,314,229589,85.5825837320574
tuned,dqn,314,234597,85.18002126528441
tuned,dqn,314,239604,83.8008718766614
tuned,dqn,314,244612,84.60411483253574
tuned,dqn,314,249619,82.61426262626263
tuned,dqn,314,254627,83.91025050505056
tuned,dqn,314,259634,85.06
tuned,dqn,314,264642,83.60215092097437
tuned,dqn,314,269649,84.86566919191806
tuned,dqn,314,274657,83.35888888888908
tuned,dqn,314,279665,81.4525925925925
tuned,dqn,314,284672,83.03932659932656
tuned,dqn,314,289680,81.86008658008649
tuned,dqn,314,294687,84.49217732884398
tuned,dqn,314,299695,82.98750360750361
tuned,dqn,314,304702,80.06223285486443
tuned,dqn,314,309710,84.1055667789001
tuned,dqn,314,314718,83.41278043593832
tuned,dqn,314,319725,84.72673796791433
tuned,dqn,314,324733,83.81679797979798
tuned,dqn,314,329740,84.91611408199648
tuned,dqn,314,334748,81.83699999999995
tuned,dqn,314,339755,83.1702179691655
tuned,dqn,314,344763,84.12642899584074
tuned,dqn,314,349771,82.42417862838919
tuned,dqn,314,354778,75.98702020202036
tuned,dqn,314,359786,85.49382395382405
tuned,dqn,314,364793,84.51079545454522
tuned,dqn,314,369801,81.41012121212134
tuned,dqn,314,374808,84.41999999999999
tuned,dqn,314,379816,85.0370015948963
tuned,dqn,314,384823,81.89340067340062
tuned,dqn,314,389831,85.0030409356725
tuned,dqn,314,394839,84.62
tuned,dqn,314,399846,79.62313131313131
tuned,dqn,314,404854,84.77000594177065
tuned,dqn,314,409861,84.45636363636365
tuned,dqn,314,414869,84.94
tuned,dqn,314,419876,81.33821371610851
tuned,dqn,314,424884,82.41276094276095
tuned,dqn,314,429892,80.28248282828326
tuned,dqn,314,434899,81.49764309764296
tuned,dqn,314,439907,82.22906666666753
tuned,dqn,314,444914,81.09851851851835
tuned,dqn,314,449922,84.37680202020277
tuned,dqn,314,454929,80.34262626262641
tuned,dqn,314,459937,81.3517979797977
tuned,dqn,314,464945,84.8488787878789
tuned,dqn,314,469952,84.22098484848496
tuned,dqn,314,474960,84.06597081930376
tuned,dqn,314,479967,84.70675555555668
tuned,dqn,314,484975,81.36994652406314
tuned,dqn,314,489982,84.25014590347924
tuned,dqn,314,494990,80.64248080808075
tuned,dqn,314,499998,84.22
default,dqn,42,4406,-74.52000000000001
default,dqn,42,9411,-63.07494949494951
default,dqn,42,14417,-46.608161616161624
default,dqn,42,19423,-12.833804713804682
default,dqn,42,24429,-6.748727272727258
default,dqn,42,29435,26.693886483886484
default,dqn,42,34441,29.776820665673107
default,dqn,42,39447,58.462063714063696
default,dqn,42,44452,66.00121212121203
default,dqn,42,49458,70.31272727272726
default,dqn,42,54464,78.36515151515152
default,dqn,42,59470,78.4257516339869
default,dqn,42,64476,78.83321969696969
default,dqn,42,69482,78.92
default,dqn,42,74488,78.8
default,dqn,42,79494,79.48
default,dqn,42,84499,79.4
default,dqn,42,89505,78.67421717171729
default,dqn,42,94511,78.95636363636365
default,dqn,42,99517,78.58000000000001
default,dqn,42,104523,78.28
default,dqn,42,109529,79.04344696969696
default,dqn,42,114535,78.68222222222205
default,dqn,42,119540,78.7
default,dqn,42,124546,78.47999999999999
default,dqn,42,129552,79.29686868686915
default,dqn,42,134558,79.04
default,dqn,42,139564,79.52000000000001
default,dqn,42,144570,76.14
default,dqn,42,149576,78.54976010101007
default,dqn,42,154582,78.92
default,dqn,42,159587,78.523569023569
default,dqn,42,164593,79.34
default,dqn,42,169599,78.93111111111124
default,dqn,42,174605,79.28338047138051
default,dqn,42,179611,79.18949494949496
default,dqn,42,184617,79.04340909090908
default,dqn,42,189623,78.99524130190792
default,dqn,42,194629,78.79253787878797
default,dqn,42,199634,79.33734848484852
default,dqn,42,204640,77.89967914438505
default,dqn,42,209646,78.65948821548822
default,dqn,42,214652,78.50006379585321
default,dqn,42,219658,78.7
default,dqn,42,224664,79.38347222222218
default,dqn,42,229670,78.88
default,dqn,42,234675,79.302398989899
default,dqn,42,239681,79.18
default,dqn,42,244687,75.63651515151506
default,dqn,42,249693,76.98
default,dqn,42,254699,78.24
default,dqn,42,259705,78.66
default,dqn,42,264711,77.28194890077239
default,dqn,42,269717,78.32
default,dqn,42,274722,78.4484491978609
default,dqn,42,279728,79.34866666666657
default,dqn,42,284734,78.91259655377294
default,dqn,42,289740,78.93828282828268
default,dqn,42,294746,78.98872053872036
default,dqn,42,299752,79.39100336700336
default,dqn,42,304758,78.27365656565657
default,dqn,42,309763,79.40590612002374
default,dqn,42,314769,79.28642676767674
default,dqn,42,319775,79.5
default,dqn,42,324781,78.96330362448003
default,dqn,42,329787,79.18
default,dqn,42,334793,79.0708943089426
default,dqn,42,339799,79.42210338680896
default,dqn,42,344805,79.07742760942767
default,dqn,42,349810,79.38
default,dqn,42,354816,78.99574410774412
default,dqn,42,359822,79.06
default,dqn,42,364828,79.03931818181817
default,dqn,42,369834,79.16
default,dqn,42,374840,79.12
default,dqn,42,379846,79.02282828282819
default,dqn,42,384852,79.46000000000001
default,dqn,42,389857,79.32
default,dqn,42,394863,79.03301010101016
default,dqn,42,399869,79.22
default,dqn,42,404875,79.0893198653199
default,dqn,42,409881,79.30329545454542
default,dqn,42,414887,79.2397266785502
default,dqn,42,419893,78.97360269360276
default,dqn,42,424898,79.43591919191925
default,dqn,42,429904,79.14
default,dqn,42,434910,79.4
default,dqn,42,439916,79.3
default,dqn,42,444922,79.13947712418293
default,dqn,42,449928,79.35338086749837
default,dqn,42,454934,79.18
default,dqn,42,459940,78.87740067340069
default,dqn,42,464945,78.98767676767685
default,dqn,42,469951,79.31030303030323
default,dqn,42,474957,79.22087542087546
default,dqn,42,479963,79.1
default,dqn,42,484969,79.28
default,dqn,42,489975,79.22035016835022
default,dqn,42,494981,78.96701683501696
default,dqn,42,499987,78.82
default,dqn,123,4246,-80.42
default,dqn,123,9253,-69.37442424242425
default,dqn,123,14261,-42.517454545454555
default,dqn,123,19268,-36.548491735537205
default,dqn,123,24276,-21.249818181818192
default,dqn,123,29283,18.839757575757584
default,dqn,123,34291,19.788163265306054
default,dqn,123,39299,53.44040119504907
default,dqn,123,44306,53.75904428904427
default,dqn,123,49314,69.74060606060608
default,dqn,123,54321,76.72655303030302
default,dqn,123,59329,78.58
default,dqn,123,64336,79.28
default,dqn,123,69344,79.20791919191927
default,dqn,123,74352,79.39632798573975
default,dqn,123,79359,78.43151515151516
default,dqn,123,84367,77.60976430976432
default,dqn,123,89374,78.56283374283366
default,dqn,123,94382,79.17133689839571
default,dqn,123,99389,75.14000000000001
default,dqn,123,104397,78.90735353535356
default,dqn,123,109405,79.17014354066986
default,dqn,123,114412,78.03999999999999
default,dqn,123,119420,76.74000000000001
default,dqn,123,124427,78.76
default,dqn,123,129435,79.00541889483065
default,dqn,123,134442,78.44
default,dqn,123,139450,79.0047272727273
default,dqn,123,144458,78.97109848484848
default,dqn,123,149465,78.30690909090903
default,dqn,123,154473,76.99369696969698
default,dqn,123,159480,79.2838383838383
default,dqn,123,164488,79.26113131313134
default,dqn,123,169496,79.4
default,dqn,123,174503,79.19303030303028
default,dqn,123,179511,79.04
default,dqn,123,184518,78.28
default,dqn,123,189526,79.52000000000001
default,dqn,123,194533,77.15426024955434
default,dqn,123,199541,77.59681818181838
default,dqn,123,204549,78.0827070707071
default,dqn,123,209556,79.11414141414143
default,dqn,123,214564,78.82272727272726
default,dqn,123,219571,79.18101010101013
default,dqn,123,224579,78.80833333333332
default,dqn,123,229586,79.09131313131307
default,dqn,123,234594,79.17814393939393
default,dqn,123,239602,79.1886742424242
default,dqn,123,244609,79.2737967914438
default,dqn,123,249617,78.9
default,dqn,123,254624,79.13305050505053
default,dqn,123,259632,76.69161616161608
default,dqn,123,264639,79.20249554367187
default,dqn,123,269647,79.35993620414655
default,dqn,123,274655,78.88488636363633
default,dqn,123,279662,79.25999999999999
default,dqn,123,284670,79.42
default,dqn,123,289677,79.11684848484848
default,dqn,123,294685,79.48
default,dqn,123,299692,79.39246212121216
default,dqn,123,304700,79.22
default,dqn,123,309708,79.28
default,dqn,123,314715,79.38
default,dqn,123,319723,79.36524064171114
default,dqn,123,324730,78.88
default,dqn,123,329738,79.08
default,dqn,123,334746,78.92
default,dqn,123,339753,78.99486868686881
default,dqn,123,344761,79.24000000000001
default,dqn,123,349768,79.05784090909088
default,dqn,123,354776,79.12
default,dqn,123,359783,79.3285204991086
default,dqn,123,364791,79.28
default,dqn,123,369799,79.2846345811051
default,dqn,123,374806,79.16
default,dqn,123,379814,79.09795454545456
default,dqn,123,384821,79.00577352472078
default,dqn,123,389829,79.28977777777783
default,dqn,123,394836,78.88000000000001
default,dqn,123,399844,78.76439393939393
default,dqn,123,404852,78.96000000000001
default,dqn,123,409859,79.22
default,dqn,123,414867,79.14
default,dqn,123,419874,79.4
default,dqn,123,424882,78.75295454545457
default,dqn,123,429889,79.23591919191928
default,dqn,123,434897,79.22
default,dqn,123,439905,78.97508021390365
default,dqn,123,444912,79.52311111111116
default,dqn,123,449920,79.11232323232325
default,dqn,123,454927,79.28681818181838
default,dqn,123,459935,79.25999999999999
default,dqn,123,464942,79.34878787878785
default,dqn,123,469950,79.32945454545458
default,dqn,123,474958,79.30949494949503
default,dqn,123,479965,78.94
default,dqn,123,484973,79.18171122994644
default,dqn,123,489980,79.18
default,dqn,123,494988,79.37084529505579
default,dqn,123,499996,79.14000000000001
default,dqn,2024,4396,-81.62
default,dqn,2024,9402,-60.3489072543618
default,dqn,2024,14408,-44.02359595959596
default,dqn,2024,19414,-34.00139037433154
default,dqn,2024,24420,2.624404040404041
default,dqn,2024,29426,24.999245082402997
default,dqn,2024,34432,23.983127272727245
default,dqn,2024,39438,46.216498316498566
default,dqn,2024,44444,55.60256441970726
default,dqn,2024,49450,44.72587737843551
default,dqn,2024,54456,32.20341831008494
default,dqn,2024,59462,52.18074074074077
default,dqn,2024,64468,69.07148051948049
default,dqn,2024,69474,77.62978015448604
default,dqn,2024,74480,75.96975638740344
default,dqn,2024,79486,77.13846464646477
default,dqn,2024,84492,76.33948821548823
default,dqn,2024,89498,76.72
default,dqn,2024,94504,77.2
default,dqn,2024,99510,76.6
default,dqn,2024,104517,78.64000000000001
default,dqn,2024,109523,78.75999999999999
default,dqn,2024,114529,79.14713450292395
default,dqn,2024,119535,79.06
default,dqn,2024,124541,79.10428282828283
default,dqn,2024,129547,78.96000000000001
default,dqn,2024,134553,76.20380952380955
default,dqn,2024,139559,78.96121212121228
default,dqn,2024,144565,78.10188552188555
default,dqn,2024,149571,77.0
default,dqn,2024,154577,78.89310606060604
default,dqn,2024,159583,79.16
default,dqn,2024,164589,78.9592297979798
default,dqn,2024,169595,79.40977777777783
default,dqn,2024,174601,79.13811447811449
default,dqn,2024,179607,78.78409427609435
default,dqn,2024,184613,79.12
default,dqn,2024,189619,76.04315151515138
default,dqn,2024,194625,78.99455892255894
default,dqn,2024,199631,78.87587878787878
default,dqn,2024,204638,78.90862373737367
default,dqn,2024,209644,76.12
default,dqn,2024,214650,78.29482828282829
default,dqn,2024,219656,74.7991919191915
default,dqn,2024,224662,79.24000000000001
default,dqn,2024,229668,77.5121590909091
default,dqn,2024,234674,75.2553535353535
default,dqn,2024,239680,78.4916632996633
default,dqn,2024,244686,78.87353916523709
default,dqn,2024,249692,79.2705993265994
default,dqn,2024,254698,79.19684343434345
default,dqn,2024,259704,79.23178030303029
default,dqn,2024,264710,77.80146923783288
default,dqn,2024,269716,77.65556902356903
default,dqn,2024,274722,74.18181818181836
default,dqn,2024,279728,76.71407407407396
default,dqn,2024,284734,75.58987943955697
default,dqn,2024,289740,75.12
default,dqn,2024,294746,77.44362289562294
default,dqn,2024,299752,76.58000000000001
default,dqn,2024,304759,77.96670707070712
default,dqn,2024,309765,78.3426839826839
default,dqn,2024,314771,78.8389780154486
default,dqn,2024,319777,78.73915151515153
default,dqn,2024,324783,79.30000000000001
default,dqn,2024,329789,79.14000000000001
default,dqn,2024,334795,79.05555555555543
default,dqn,2024,339801,79.24896019013667
default,dqn,2024,344807,79.03820707070706
default,dqn,2024,349813,79.38
default,dqn,2024,354819,79.28683080808077
default,dqn,2024,359825,79.32289562289573
default,dqn,2024,364831,79.0963636363636
default,dqn,2024,369837,79.25132501485443
default,dqn,2024,374843,79.16
default,dqn,2024,379849,79.44
default,dqn,2024,384855,79.2515690235691
default,dqn,2024,389861,79.24
default,dqn,2024,394867,79.30783838383837
default,dqn,2024,399873,79.25649435531786
default,dqn,2024,404880,79.37869949494947
default,dqn,2024,409886,79.02802139037425
default,dqn,2024,414892,79.32
default,dqn,2024,419898,79.28876767676766
default,dqn,2024,424904,79.36
default,dqn,2024,429910,78.89460487225189
default,dqn,2024,434916,78.92207070707067
default,dqn,2024,439922,79.18450757575754
default,dqn,2024,444928,78.7
default,dqn,2024,449934,79.53999999999999
default,dqn,2024,454940,79.34
default,dqn,2024,459946,76.7821271538918
default,dqn,2024,464952,79.36
default,dqn,2024,469958,79.02
default,dqn,2024,474964,79.02000000000001
default,dqn,2024,479970,79.34753416518119
default,dqn,2024,484976,79.3342626262627
default,dqn,2024,489982,79.03887626262622
default,dqn,2024,494988,79.21506313131307
default,dqn,2024,499995,79.2
default,dqn,7,4348,-85.96000000000001
default,dqn,7,9354,-59.51553960659224
default,dqn,7,14361,-35.05408511342938
default,dqn,7,19367,-28.27977421271537
default,dqn,7,24374,-12.859388623072869
default,dqn,7,29380,5.907040618955526
default,dqn,7,34387,26.310787878787963
default,dqn,7,39393,47.69352092352092
default,dqn,7,44400,68.00025252525252
default,dqn,7,49406,76.86109090909095
default,dqn,7,54413,77.95429590017824
default,dqn,7,59419,71.89674074074073
default,dqn,7,64426,78.1431313131313
default,dqn,7,69432,78.94
default,dqn,7,74439,78.27791486291493
default,dqn,7,79445,78.75746880570411
default,dqn,7,84452,79.21232323232323
default,dqn,7,89458,79.19016480595431
default,dqn,7,94465,79.12
default,dqn,7,99471,79.13225589225588
default,dqn,7,104478,78.8619977553311
default,dqn,7,109484,78.1379797979798
default,dqn,7,114491,78.67081481481482
default,dqn,7,119497,78.6
default,dqn,7,124504,79.08832323232325
default,dqn,7,129510,79.38296717171717
default,dqn,7,134517,79.10858585858587
default,dqn,7,139523,77.06
default,dqn,7,144530,79.16018855218853
default,dqn,7,149536,79.10478114478119
default,dqn,7,154543,78.20440404040404
default,dqn,7,159549,78.07292929292929
default,dqn,7,164556,78.82
default,dqn,7,169562,77.03999999999999
default,dqn,7,174569,78.53396464646463
default,dqn,7,179575,79.16
default,dqn,7,184582,79.16181818181819
default,dqn,7,189588,78.6172073677956
default,dqn,7,194595,79.05302356902354
default,dqn,7,199601,79.21130124777186
default,dqn,7,204608,79.24000000000001
default,dqn,7,209614,78.80550045913694
default,dqn,7,214621,78.32
default,dqn,7,219627,78.96910353535354
default,dqn,7,224634,78.56972222222223
default,dqn,7,229640,78.91590909090908
default,dqn,7,234647,79.32
default,dqn,7,239653,78.52
default,dqn,7,244660,77.16000000000001
default,dqn,7,249666,79.32218434343434
default,dqn,7,254673,79.11367003367003
default,dqn,7,259679,79.16202020202019
default,dqn,7,264686,79.17999999999999
default,dqn,7,269692,79.2
default,dqn,7,274699,78.96318181818177
default,dqn,7,279705,79.09402777777781
default,dqn,7,284712,79.44
default,dqn,7,289718,79.07789661319077
default,dqn,7,294725,79.38
default,dqn,7,299731,78.98
default,dqn,7,304738,79.15575757575755
default,dqn,7,309744,78.9939898989899
default,dqn,7,314751,78.84080808080809
default,dqn,7,319757,79.27975757575757
default,dqn,7,324764,79.3755286195286
default,dqn,7,329770,78.89131313131308
default,dqn,7,334777,79.34
default,dqn,7,339783,79.48508615567445
default,dqn,7,344790,79.08
default,dqn,7,349796,78.92646464646461
default,dqn,7,354803,79.34
default,dqn,7,359809,78.9
default,dqn,7,364816,79.23170454545456
default,dqn,7,369822,76.98
default,dqn,7,374829,79.17249831649832
default,dqn,7,379835,79.07850505050506
default,dqn,7,384842,79.30000000000001
default,dqn,7,389848,78.72691358024694
default,dqn,7,394855,78.94
default,dqn,7,399861,79.14106397306391
default,dqn,7,404868,79.32
default,dqn,7,409874,79.24121212121209
default,dqn,7,414881,79.01521885521882
default,dqn,7,419887,79.166072489602
default,dqn,7,424894,79.2984646464647
default,dqn,7,429900,78.96000000000001
default,dqn,7,434907,78.92320707070705
default,dqn,7,439913,78.79583838383839
default,dqn,7,444920,79.27185185185182
default,dqn,7,449926,79.38
default,dqn,7,454933,78.98909090909093
default,dqn,7,459939,79.04115600448937
default,dqn,7,464946,79.40435938330685
default,dqn,7,469952,79.38
default,dqn,7,474959,79.20841750841763
default,dqn,7,479965,79.16530639730634
default,dqn,7,484972,79.19171717171713
default,dqn,7,489978,76.91999999999999
default,dqn,7,494985,79.4
default,dqn,7,499992,79.18
default,dqn,314,4222,-76.14
default,dqn,314,9229,-60.202141414141416
default,dqn,314,14237,-41.56386531986533
default,dqn,314,19245,-13.326969696969682
default,dqn,314,24253,-9.175717171717174
default,dqn,314,29260,26.16960808080814
default,dqn,314,34268,21.467430303030255
default,dqn,314,39276,54.62417508417508
default,dqn,314,44284,65.06743434343434
default,dqn,314,49291,52.27490909090915
default,dqn,314,54299,65.27129870129876
default,dqn,314,59307,70.35984674329501
default,dqn,314,64315,78.24723484848485
default,dqn,314,69322,78.86
default,dqn,314,74330,79.33749719416386
default,dqn,314,79338,78.66937373737373
default,dqn,314,84346,79.42
default,dqn,314,89354,79.0
default,dqn,314,94361,79.25590909090911
default,dqn,314,99369,79.24000000000001
default,dqn,314,104377,78.9258080808081
default,dqn,314,109385,79.10691622103386
default,dqn,314,114392,76.7011851851852
default,dqn,314,119400,79.19934077618288
default,dqn,314,124408,78.8190017825312
default,dqn,314,129416,78.36778371954843
default,dqn,314,134423,79.27999999999999
default,dqn,314,139431,79.2272727272727
default,dqn,314,144439,79.29054758107388
default,dqn,314,149447,79.4
default,dqn,314,154455,79.32
default,dqn,314,159462,79.15400673400678
default,dqn,314,164470,77.16811447811449
default,dqn,314,169478,79.38541666666667
default,dqn,314,174486,79.41999999999999
default,dqn,314,179493,79.3
default,dqn,314,184501,79.13497326203212
default,dqn,314,189509,79.4
default,dqn,314,194517,78.68478535353537
default,dqn,314,199524,79.23353535353536
default,dqn,314,204532,77.19999999999999
default,dqn,314,209540,79.30000000000001
default,dqn,314,214548,79.26884135472369
default,dqn,314,219556,79.66
default,dqn,314,224563,79.10722222222223
default,dqn,314,229571,78.8081818181818
default,dqn,314,234579,79.35789141414142
default,dqn,314,239587,78.04
default,dqn,314,244594,79.34
default,dqn,314,249602,79.03999999999999
default,dqn,314,254610,79.22851178451178
default,dqn,314,259618,78.9708686868687
default,dqn,314,264625,78.74000000000001
default,dqn,314,269633,79.17999999999999
default,dqn,314,274641,79.37321212121208
default,dqn,314,279649,79.08847222222225
default,dqn,314,284656,79.05731986531988
default,dqn,314,289664,79.17530303030304
default,dqn,314,294672,79.30000000000001
default,dqn,314,299680,79.32000000000001
default,dqn,314,304688,78.84313131313131
default,dqn,314,309695,79.18
default,dqn,314,314703,79.20199494949492
default,dqn,314,319711,79.2485561497326
default,dqn,314,324719,79.38
default,dqn,314,329726,79.13039730639726
default,dqn,314,334734,78.91688888888893
default,dqn,314,339742,79.0754486036839
default,dqn,314,344750,79.21360269360268
default,dqn,314,349757,79.00492424242417
default,dqn,314,354765,79.08000000000001
default,dqn,314,359773,79.23164983164985
default,dqn,314,364781,79.24352272727265
default,dqn,314,369789,79.47744949494947
default,dqn,314,374796,78.88907744107745
default,dqn,314,379804,79.20143939393937
default,dqn,314,384812,78.86
default,dqn,314,389820,79.4
default,dqn,314,394827,76.73515151515151
default,dqn,314,399835,79.0
default,dqn,314,404843,79.21043771043762
default,dqn,314,409851,79.08
default,dqn,314,414858,79.14
default,dqn,314,419866,79.23785353535357
default,dqn,314,424874,79.42
default,dqn,314,429882,79.04167003367003
default,dqn,314,434890,79.16938862307292
default,dqn,314,439897,79.1040151515152
default,dqn,314,444905,79.26140350877192
default,dqn,314,449913,79.22334595959597
default,dqn,314,454921,79.00034090909081
default,dqn,314,459928,78.93232323232326
default,dqn,314,464936,79.26616835016836
default,dqn,314,469944,79.06024955436725
default,dqn,314,474952,79.30984582668808
default,dqn,314,479959,79.17428401663693
default,dqn,314,484967,79.16
default,dqn,314,489975,79.13047811447798
default,dqn,314,494983,79.28
default,dqn,314,499991,79.36
tuned,ppo,42,3599,-10.38
tuned,ppo,42,8613,79.38
tuned,ppo,42,13627,79.89999999999999
tuned,ppo,42,18641,79.84
tuned,ppo,42,23655,79.96000000000001
tuned,ppo,42,28669,79.54
tuned,ppo,42,33683,79.9
tuned,ppo,42,38698,79.88
tuned,ppo,42,43712,79.94
tuned,ppo,42,48726,79.92
tuned,ppo,42,53740,77.34
tuned,ppo,42,58754,79.69999999999999
tuned,ppo,42,63768,77.88
tuned,ppo,42,68782,77.5
tuned,ppo,42,73797,79.94
tuned,ppo,42,78811,79.92
tuned,ppo,42,83825,76.03446464646464
tuned,ppo,42,88839,78.82
tuned,ppo,42,93853,79.28
tuned,ppo,42,98867,80.0
tuned,ppo,42,103882,77.53737373737373
tuned,ppo,42,108896,79.55490909090908
tuned,ppo,42,113910,76.92
tuned,ppo,42,118924,76.96787878787879
tuned,ppo,42,123938,79.92084848484848
tuned,ppo,42,128952,79.9
tuned,ppo,42,133966,79.94
tuned,ppo,42,138981,79.82
tuned,ppo,42,143995,77.68
tuned,ppo,42,149009,79.97999999999999
tuned,ppo,42,154023,79.98
tuned,ppo,42,159037,79.96
tuned,ppo,42,164051,74.36359595959594
tuned,ppo,42,169066,79.706
tuned,ppo,42,174080,77.2
tuned,ppo,42,179094,77.36000000000001
tuned,ppo,42,184108,79.75999999999999
tuned,ppo,42,189122,79.88
tuned,ppo,42,194136,77.79878787878808
tuned,ppo,42,199150,79.86
tuned,ppo,42,204165,80.0
tuned,ppo,42,209179,80.0
tuned,ppo,42,214193,77.5
tuned,ppo,42,219207,75.62
tuned,ppo,42,224221,79.69999999999999
tuned,ppo,42,229235,77.25284848484847
tuned,ppo,42,234249,75.28
tuned,ppo,42,239264,75.08
tuned,ppo,42,244278,77.28
tuned,ppo,42,249292,79.79999999999998
tuned,ppo,42,254306,79.88
tuned,ppo,42,259320,78.09309090909112
tuned,ppo,42,264334,79.96
tuned,ppo,42,269349,79.89999999999999
tuned,ppo,42,274363,77.78
tuned,ppo,42,279377,79.94
tuned,ppo,42,284391,77.02
tuned,ppo,42,289405,79.98
tuned,ppo,42,294419,79.96
tuned,ppo,42,299433,80.02391919191919
tuned,ppo,42,304448,77.4
tuned,ppo,42,309462,77.28045454545435
tuned,ppo,42,314476,79.96000000000001
tuned,ppo,42,319490,77.26872727272729
tuned,ppo,42,324504,77.18
tuned,ppo,42,329518,79.88000000000001
tuned,ppo,42,334533,77.44
tuned,ppo,42,339547,80.02000000000001
tuned,ppo,42,344561,79.91999999999999
tuned,ppo,42,349575,79.96000000000001
tuned,ppo,42,354589,77.35999999999999
tuned,ppo,42,359603,77.38
tuned,ppo,42,364617,79.96
tuned,ppo,42,369632,79.96000000000001
tuned,ppo,42,374646,77.99027272727334
tuned,ppo,42,379660,76.69999999999999
tuned,ppo,42,384674,77.1
tuned,ppo,42,389688,79.66666666666671
tuned,ppo,42,394702,79.82
tuned,ppo,42,399716,79.82
tuned,ppo,42,404731,79.77999999999999
tuned,ppo,42,409745,79.88
tuned,ppo,42,414759,79.97656565656567
tuned,ppo,42,419773,79.92
tuned,ppo,42,424787,77.6
tuned,ppo,42,429801,77.3
tuned,ppo,42,434816,79.32
tuned,ppo,42,439830,78.0052727272726
tuned,ppo,42,444844,79.86
tuned,ppo,42,449858,79.97999999999999
tuned,ppo,42,454872,74.28
tuned,ppo,42,459886,80.03999999999999
tuned,ppo,42,464900,79.98
tuned,ppo,42,469915,79.96
tuned,ppo,42,474929,79.97999999999999
tuned,ppo,42,479943,79.89999999999999
tuned,ppo,42,484957,77.03999999999999
tuned,ppo,42,489971,77.16
tuned,ppo,42,494985,80.0
tuned,ppo,42,500000,79.94
tuned,ppo,123,3378,-4.460000000000001
tuned,ppo,123,8394,75.2601893939394
tuned,ppo,123,13410,79.71569023569023
tuned,ppo,123,18427,79.84
tuned,ppo,123,23443,79.84
tuned,ppo,123,28459,79.89999999999999
tuned,ppo,123,33476,80.0
tuned,ppo,123,38492,77.68674747474748
tuned,ppo,123,43509,79.80942760942762
tuned,ppo,123,48525,79.4
tuned,ppo,123,53541,79.91999999999999
tuned,ppo,123,58558,77.5
tuned,ppo,123,63574,79.81761616161617
tuned,ppo,123,68590,79.96000000000001
tuned,ppo,123,73607,79.96000000000001
tuned,ppo,123,78623,79.72
tuned,ppo,123,83640,77.75999999999999
tuned,ppo,123,88656,79.94
tuned,ppo,123,93672,79.91999999999999
tuned,ppo,123,98689,77.8
tuned,ppo,123,103705,79.58
tuned,ppo,123,108722,79.97608080808081
tuned,ppo,123,113738,79.96
tuned,ppo,123,118754,79.64
tuned,ppo,123,123771,79.96
tuned,ppo,123,128787,80.0
tuned,ppo,123,133803,74.44
tuned,ppo,123,138820,80.0
tuned,ppo,123,143836,80.02
tuned,ppo,123,148853,79.6
tuned,ppo,123,153869,80.0
tuned,ppo,123,158885,79.89999999999999
tuned,ppo,123,163902,75.1287542087542
tuned,ppo,123,168918,79.98
tuned,ppo,123,173935,79.94
tuned,ppo,123,178951,80.0
tuned,ppo,123,183967,79.90084848484847
tuned,ppo,123,188984,79.94
tuned,ppo,123,194000,79.97999999999999
tuned,ppo,123,199016,79.8
tuned,ppo,123,204033,79.86
tuned,ppo,123,209049,79.88231649831651
tuned,ppo,123,214066,79.86
tuned,ppo,123,219082,79.9
tuned,ppo,123,224098,79.70518518518516
tuned,ppo,123,229115,79.82
tuned,ppo,123,234131,79.94
tuned,ppo,123,239148,79.91999999999999
tuned,ppo,123,244164,77.98
tuned,ppo,123,249180,79.89999999999999
tuned,ppo,123,254197,79.89131313131314
tuned,ppo,123,259213,79.94
tuned,ppo,123,264229,79.96
tuned,ppo,123,269246,79.90358249158243
tuned,ppo,123,274262,79.86
tuned,ppo,123,279279,79.84281481481483
tuned,ppo,123,284295,79.97999999999999
tuned,ppo,123,289311,77.03999999999999
tuned,ppo,123,294328,79.96
tuned,ppo,123,299344,78.72919191919195
tuned,ppo,123,304361,79.9
tuned,ppo,123,309377,78.8618181818176
tuned,ppo,123,314393,76.66346127946132
tuned,ppo,123,319410,79.85999999999999
tuned,ppo,123,324426,79.78
tuned,ppo,123,329442,79.64
tuned,ppo,123,334459,79.98
tuned,ppo,123,339475,77.75999999999999
tuned,ppo,123,344492,79.92
tuned,ppo,123,349508,79.94
tuned,ppo,123,354524,79.96
tuned,ppo,123,359541,79.96
tuned,ppo,123,364557,79.88
tuned,ppo,123,369574,79.9
tuned,ppo,123,374590,76.94
tuned,ppo,123,379606,79.9
tuned,ppo,123,384623,79.94822895622897
tuned,ppo,123,389639,79.88
tuned,ppo,123,394655,79.84
tuned,ppo,123,399672,79.92
tuned,ppo,123,404688,79.91999999999999
tuned,ppo,123,409705,79.97999999999999
tuned,ppo,123,414721,79.96000000000001
tuned,ppo,123,419737,80.0
tuned,ppo,123,424754,79.94
tuned,ppo,123,429770,79.86
tuned,ppo,123,434787,80.0
tuned,ppo,123,439803,80.0
tuned,ppo,123,444819,79.9165277777778
tuned,ppo,123,449836,79.88
tuned,ppo,123,454852,79.96
tuned,ppo,123,459868,79.8046008471814
tuned,ppo,123,464885,79.96000000000001
tuned,ppo,123,469901,79.74
tuned,ppo,123,474918,77.14
tuned,ppo,123,479934,79.72
tuned,ppo,123,484950,79.96
tuned,ppo,123,489967,79.96000000000001
tuned,ppo,123,494983,78.2179461279461
tuned,ppo,123,500000,79.98
tuned,ppo,2024,3738,-21.16
tuned,ppo,2024,8750,79.53999999999999
tuned,ppo,2024,13763,79.58
tuned,ppo,2024,18776,79.84
tuned,ppo,2024,23788,79.14000000000001
tuned,ppo,2024,28801,80.0
tuned,ppo,2024,33814,74.66
tuned,ppo,2024,38827,79.92
tuned,ppo,2024,43839,79.96
tuned,ppo,2024,48852,79.94
tuned,ppo,2024,53865,79.84
tuned,ppo,2024,58878,67.823111111111
tuned,ppo,2024,63890,67.28963636363638
tuned,ppo,2024,68903,79.94
tuned,ppo,2024,73916,79.28
tuned,ppo,2024,78929,79.72294949494949
tuned,ppo,2024,83941,79.68
tuned,ppo,2024,88954,79.94
tuned,ppo,2024,93967,79.96000000000001
tuned,ppo,2024,98980,79.96
tuned,ppo,2024,103992,80.0
tuned,ppo,2024,109005,37.754303030303326
tuned,ppo,2024,114018,78.98
tuned,ppo,2024,119031,79.85999999999999
tuned,ppo,2024,124043,79.94
tuned,ppo,2024,129056,76.91999999999999
tuned,ppo,2024,134069,79.97524579124578
tuned,ppo,2024,139082,79.95115151515145
tuned,ppo,2024,144094,79.82
tuned,ppo,2024,149107,79.84
tuned,ppo,2024,154120,79.6
tuned,ppo,2024,159133,68.26616693248265
tuned,ppo,2024,164145,79.91999999999999
tuned,ppo,2024,169158,79.75999999999999
tuned,ppo,2024,174171,79.94
tuned,ppo,2024,179184,79.44
tuned,ppo,2024,184196,79.0
tuned,ppo,2024,189209,79.53999999999999
tuned,ppo,2024,194222,79.98
tuned,ppo,2024,199235,79.89999999999999
tuned,ppo,2024,204247,79.91999999999999
tuned,ppo,2024,209260,79.47999999999999
tuned,ppo,2024,214273,-26.08066666666628
tuned,ppo,2024,219286,78.48094276094265
tuned,ppo,2024,224298,79.92
tuned,ppo,2024,229311,79.96
tuned,ppo,2024,234324,79.9236902356902
tuned,ppo,2024,239337,34.49458798511346
tuned,ppo,2024,244349,76.21326839826844
tuned,ppo,2024,249362,79.68
tuned,ppo,2024,254375,75.66
tuned,ppo,2024,259388,66.75498989898982
tuned,ppo,2024,264400,79.29547474747477
tuned,ppo,2024,269413,79.66325609031489
tuned,ppo,2024,274426,79.96
tuned,ppo,2024,279439,79.72
tuned,ppo,2024,284451,79.74000000000001
tuned,ppo,2024,289464,79.2
tuned,ppo,2024,294477,79.66
tuned,ppo,2024,299490,74.95085137085158
tuned,ppo,2024,304502,79.12
tuned,ppo,2024,309515,79.92
tuned,ppo,2024,314528,79.97999999999999
tuned,ppo,2024,319541,79.85999999999999
tuned,ppo,2024,324553,79.86000000000001
tuned,ppo,2024,329566,79.68
tuned,ppo,2024,334579,57.16291666666664
tuned,ppo,2024,339592,79.81306397306402
tuned,ppo,2024,344604,79.9
tuned,ppo,2024,349617,79.88
tuned,ppo,2024,354630,79.94
tuned,ppo,2024,359643,79.56
tuned,ppo,2024,364655,61.9357219251337
tuned,ppo,2024,369668,79.46
tuned,ppo,2024,374681,79.97508417508418
tuned,ppo,2024,379694,79.84
tuned,ppo,2024,384706,79.84
tuned,ppo,2024,389719,79.89999999999999
tuned,ppo,2024,394732,77.52
tuned,ppo,2024,399745,76.72
tuned,ppo,2024,404757,79.73039730639725
tuned,ppo,2024,409770,80.0
tuned,ppo,2024,414783,79.98
tuned,ppo,2024,419796,79.89999999999999
tuned,ppo,2024,424808,76.4002651515152
tuned,ppo,2024,429821,79.96000000000001
tuned,ppo,2024,434834,79.6
tuned,ppo,2024,439847,80.0
tuned,ppo,2024,444859,79.92
tuned,ppo,2024,449872,79.88
tuned,ppo,2024,454885,77.56572727272776
tuned,ppo,2024,459898,79.3
tuned,ppo,2024,464910,76.84989898989909
tuned,ppo,2024,469923,79.86
tuned,ppo,2024,474936,79.78
tuned,ppo,2024,479949,63.50684175084158
tuned,ppo,2024,484961,79.98
tuned,ppo,2024,489974,79.34
tuned,ppo,2024,494987,79.88
tuned,ppo,2024,500000,75.74235294117648
tuned,ppo,7,3751,-18.620000000000005
tuned,ppo,7,8763,79.64882154882154
tuned,ppo,7,13776,79.76
tuned,ppo,7,18788,79.94
tuned,ppo,7,23801,76.58731313131312
tuned,ppo,7,28814,79.88
tuned,ppo,7,33826,79.94
tuned,ppo,7,38839,79.96000000000001
tuned,ppo,7,43851,79.96000000000001
tuned,ppo,7,48864,78.62829545454547
tuned,ppo,7,53877,77.47999999999999
tuned,ppo,7,58889,79.67999999999999
tuned,ppo,7,63902,77.75999999999999
tuned,ppo,7,68915,79.96
tuned,ppo,7,73927,79.97999999999999
tuned,ppo,7,78940,79.94
tuned,ppo,7,83952,80.0
tuned,ppo,7,88965,79.96329966329967
tuned,ppo,7,93978,79.56
tuned,ppo,7,98990,80.0
tuned,ppo,7,104003,79.96
tuned,ppo,7,109015,79.85999999999999
tuned,ppo,7,114028,80.0
tuned,ppo,7,119041,79.97999999999999
tuned,ppo,7,124053,80.0
tuned,ppo,7,129066,79.30000000000001
tuned,ppo,7,134079,79.78818775995249
tuned,ppo,7,139091,79.96
tuned,ppo,7,144104,79.9
tuned,ppo,7,149116,79.96000000000001
tuned,ppo,7,154129,79.37838383838378
tuned,ppo,7,159142,77.22
tuned,ppo,7,164154,80.0
tuned,ppo,7,169167,79.98
tuned,ppo,7,174179,79.84
tuned,ppo,7,179192,77.66
tuned,ppo,7,184205,79.96
tuned,ppo,7,189217,76.28715151515185
tuned,ppo,7,194230,77.17999999999999
tuned,ppo,7,199243,79.9
tuned,ppo,7,204255,79.58000000000001
tuned,ppo,7,209268,79.94
tuned,ppo,7,214280,79.60765151515152
tuned,ppo,7,219293,79.96000000000001
tuned,ppo,7,224306,79.60162962962967
tuned,ppo,7,229318,79.97475935828878
tuned,ppo,7,234331,79.94
tuned,ppo,7,239343,74.92
tuned,ppo,7,244356,79.92
tuned,ppo,7,249369,80.0
tuned,ppo,7,254381,79.91999999999999
tuned,ppo,7,259394,80.0
tuned,ppo,7,264407,79.83999999999999
tuned,ppo,7,269419,80.0
tuned,ppo,7,274432,79.10000000000001
tuned,ppo,7,279444,79.96
tuned,ppo,7,284457,79.84
tuned,ppo,7,289470,79.9997147950089
tuned,ppo,7,294482,79.7
tuned,ppo,7,299495,79.97999999999999
tuned,ppo,7,304507,79.52
tuned,ppo,7,309520,79.77999999999999
tuned,ppo,7,314533,77.12
tuned,ppo,7,319545,79.79999999999998
tuned,ppo,7,324558,80.0
tuned,ppo,7,329571,79.9
tuned,ppo,7,334583,79.96
tuned,ppo,7,339596,79.36
tuned,ppo,7,344608,79.6
tuned,ppo,7,349621,79.93802020202018
tuned,ppo,7,354634,79.56592929292947
tuned,ppo,7,359646,79.98
tuned,ppo,7,364659,80.0
tuned,ppo,7,369671,79.96000000000001
tuned,ppo,7,374684,79.88561616161604
tuned,ppo,7,379697,79.64
tuned,ppo,7,384709,77.78
tuned,ppo,7,389722,79.78
tuned,ppo,7,394735,79.89999999999999
tuned,ppo,7,399747,79.91999999999999
tuned,ppo,7,404760,79.85999999999999
tuned,ppo,7,409772,79.96000000000001
tuned,ppo,7,414785,80.0
tuned,ppo,7,419798,79.96
tuned,ppo,7,424810,61.298030303030394
tuned,ppo,7,429823,79.74
tuned,ppo,7,434835,79.88
tuned,ppo,7,439848,79.90229665071763
tuned,ppo,7,444861,79.96000000000001
tuned,ppo,7,449873,64.81267676767791
tuned,ppo,7,454886,79.64
tuned,ppo,7,459899,79.88
tuned,ppo,7,464911,80.0
tuned,ppo,7,469924,79.91999999999999
tuned,ppo,7,474936,79.68778451178456
tuned,ppo,7,479949,78.0
tuned,ppo,7,484962,79.96000000000001
tuned,ppo,7,489974,79.93835690235687
tuned,ppo,7,494987,79.94
tuned,ppo,7,500000,79.98
tuned,ppo,314,3649,-14.98
tuned,ppo,314,8662,79.25999999999999
tuned,ppo,314,13676,79.82
tuned,ppo,314,18689,76.81551515151514
tuned,ppo,314,23703,79.80022895622895
tuned,ppo,314,28717,79.75999999999999
tuned,ppo,314,33730,79.94
tuned,ppo,314,38744,79.89999999999999
tuned,ppo,314,43758,79.86
tuned,ppo,314,48771,80.0
tuned,ppo,314,53785,79.96000000000001
tuned,ppo,314,58799,79.86
tuned,ppo,314,63812,79.91999999999999
tuned,ppo,314,68826,79.59574410774412
tuned,ppo,314,73840,79.78
tuned,ppo,314,78853,79.9
tuned,ppo,314,83867,79.97999999999999
tuned,ppo,314,88880,80.0
tuned,ppo,314,93894,77.16
tuned,ppo,314,98908,80.0
tuned,ppo,314,103921,79.96000000000001
tuned,ppo,314,108935,79.78
tuned,ppo,314,113949,79.88
tuned,ppo,314,118962,80.0
tuned,ppo,314,123976,79.86
tuned,ppo,314,128990,79.94
tuned,ppo,314,134003,79.96
tuned,ppo,314,139017,79.5556818181818
tuned,ppo,314,144031,79.78040404040401
tuned,ppo,314,149044,79.9
tuned,ppo,314,154058,79.88
tuned,ppo,314,159072,-4.291212121211865
tuned,ppo,314,164085,79.96000000000001
tuned,ppo,314,169099,79.82000000000001
tuned,ppo,314,174112,-3.0693939393936294
tuned,ppo,314,179126,79.88
tuned,ppo,314,184140,79.66
tuned,ppo,314,189153,79.68
tuned,ppo,314,194167,73.05445707070707
tuned,ppo,314,199181,79.17656565656567
tuned,ppo,314,204194,79.97999999999999
tuned,ppo,314,209208,80.0
tuned,ppo,314,214222,79.94
tuned,ppo,314,219235,79.97999999999999
tuned,ppo,314,224249,79.53999999999999
tuned,ppo,314,229263,79.97999999999999
tuned,ppo,314,234276,71.51611111111094
tuned,ppo,314,239290,74.57110101010126
tuned,ppo,314,244304,64.5379276637341
tuned,ppo,314,249317,32.73443269908434
tuned,ppo,314,254331,76.64000000000001
tuned,ppo,314,259344,68.08911515151519
tuned,ppo,314,264358,77.40736363636341
tuned,ppo,314,269372,78.97999999999999
tuned,ppo,314,274385,48.98481818181736
tuned,ppo,314,279399,78.45694444444446
tuned,ppo,314,284413,78.66
tuned,ppo,314,289426,73.29378181818115
tuned,ppo,314,294440,75.1056313131313
tuned,ppo,314,299454,79.66
tuned,ppo,314,304467,79.96
tuned,ppo,314,309481,78.47608585858588
tuned,ppo,314,314495,79.86
tuned,ppo,314,319508,79.78
tuned,ppo,314,324522,79.8
tuned,ppo,314,329536,79.70000000000002
tuned,ppo,314,334549,77.6
tuned,ppo,314,339563,77.75999999999999
tuned,ppo,314,344576,76.88
tuned,ppo,314,349590,79.82
tuned,ppo,314,354604,80.0
tuned,ppo,314,359617,76.72
tuned,ppo,314,364631,79.94
tuned,ppo,314,369645,77.2697601010101
tuned,ppo,314,374658,77.78
tuned,ppo,314,379672,76.96000000000001
tuned,ppo,314,384686,79.9
tuned,ppo,314,389699,79.96
tuned,ppo,314,394713,71.84
tuned,ppo,314,399727,79.92
tuned,ppo,314,404740,76.57543617998144
tuned,ppo,314,409754,79.89999999999999
tuned,ppo,314,414768,77.9
tuned,ppo,314,419781,77.8
tuned,ppo,314,424795,76.12
tuned,ppo,314,429808,45.33906060606084
tuned,ppo,314,434822,79.91999999999999
tuned,ppo,314,439836,75.06965656565657
tuned,ppo,314,444849,42.58
tuned,ppo,314,449863,77.3
tuned,ppo,314,454877,79.78
tuned,ppo,314,459890,79.84
tuned,ppo,314,464904,41.332272727272944
tuned,ppo,314,469918,78.84
tuned,ppo,314,474931,48.04
tuned,ppo,314,479945,77.2
tuned,ppo,314,484959,79.97999999999999
tuned,ppo,314,489972,61.559999999999995
tuned,ppo,314,494986,79.88
tuned,ppo,314,500000,80.0
default,ppo,42,4164,-82.08
default,ppo,42,9172,-34.00639730639724
default,ppo,42,14180,37.17999999999999
default,ppo,42,19189,70.98376811594203
default,ppo,42,24197,70.0
default,ppo,42,29206,74.67202614379086
default,ppo,42,34214,76.07955555555554
default,ppo,42,39223,76.55362962962963
default,ppo,42,44231,79.78
default,ppo,42,49240,79.9
default,ppo,42,54248,79.86000000000001
default,ppo,42,59256,79.86
default,ppo,42,64265,79.88
default,ppo,42,69273,79.27999999999999
default,ppo,42,74282,79.85999999999999
default,ppo,42,79290,80.0
default,ppo,42,84299,77.6
default,ppo,42,89307,80.0
default,ppo,42,94316,79.96000000000001
default,ppo,42,99324,80.0
default,ppo,42,104332,80.0
default,ppo,42,109341,79.98
default,ppo,42,114349,79.98
default,ppo,42,119358,78.42805555555555
default,ppo,42,124366,79.94
default,ppo,42,129375,79.94
default,ppo,42,134383,79.94
default,ppo,42,139392,80.0
default,ppo,42,144400,79.97999999999999
default,ppo,42,149408,80.0
default,ppo,42,154417,79.98
default,ppo,42,159425,80.0
default,ppo,42,164434,79.97999999999999
default,ppo,42,169442,80.0
default,ppo,42,174451,79.67999999999999
default,ppo,42,179459,79.98
default,ppo,42,184468,79.97999999999999
default,ppo,42,189476,80.0
default,ppo,42,194484,77.78
default,ppo,42,199493,80.0
default,ppo,42,204501,79.91999999999999
default,ppo,42,209510,79.88
default,ppo,42,214518,79.95777777777772
default,ppo,42,219527,79.96
default,ppo,42,224535,80.0
default,ppo,42,229544,79.56
default,ppo,42,234552,79.58
default,ppo,42,239560,80.0
default,ppo,42,244569,77.7
default,ppo,42,249577,79.98
default,ppo,42,254586,80.0
default,ppo,42,259594,80.0
default,ppo,42,264603,79.94
default,ppo,42,269611,79.97999999999999
default,ppo,42,274620,79.96000000000001
default,ppo,42,279628,79.98
default,ppo,42,284636,79.96
default,ppo,42,289645,79.96000000000001
default,ppo,42,294653,79.98
default,ppo,42,299662,79.96
default,ppo,42,304670,79.92
default,ppo,42,309679,80.0
default,ppo,42,314687,79.96000000000001
default,ppo,42,319696,79.94
default,ppo,42,324704,80.0
default,ppo,42,329712,72.71626666666671
default,ppo,42,334721,79.06
default,ppo,42,339729,79.96
default,ppo,42,344738,79.94
default,ppo,42,349746,79.97999999999999
default,ppo,42,354755,79.94
default,ppo,42,359763,79.97430555555553
default,ppo,42,364772,79.98
default,ppo,42,369780,80.0
default,ppo,42,374788,79.96
default,ppo,42,379797,80.0
default,ppo,42,384805,79.98
default,ppo,42,389814,79.94
default,ppo,42,394822,80.0
default,ppo,42,399831,79.97999999999999
default,ppo,42,404839,79.96
default,ppo,42,409848,79.98
default,ppo,42,414856,80.0
default,ppo,42,419864,79.96
default,ppo,42,424873,79.82
default,ppo,42,429881,79.96
default,ppo,42,434890,79.97999999999999
default,ppo,42,439898,77.7
default,ppo,42,444907,77.5
default,ppo,42,449915,79.97999999999999
default,ppo,42,454924,79.66
default,ppo,42,459932,80.0
default,ppo,42,464940,80.0
default,ppo,42,469949,79.96
default,ppo,42,474957,79.96
default,ppo,42,479966,79.96
default,ppo,42,484974,73.89607843137264
default,ppo,42,489983,79.97999999999999
default,ppo,42,494991,74.89999999999999
default,ppo,42,500000,79.96
default,ppo,123,4520,-72.7
default,ppo,123,9524,5.040303030303032
default,ppo,123,14529,56.58348484848485
default,ppo,123,19534,72.34727272727274
default,ppo,123,24539,77.07145743145742
default,ppo,123,29544,78.52030303030303
default,ppo,123,34549,79.14695187165776
default,ppo,123,39553,79.66383838383838
default,ppo,123,44558,79.67026515151515
default,ppo,123,49563,79.63999999999999
default,ppo,123,54568,79.8
default,ppo,123,59573,79.94
default,ppo,123,64578,79.92
default,ppo,123,69583,79.86
default,ppo,123,74587,79.9890101010101
default,ppo,123,79592,80.0
default,ppo,123,84597,79.96000000000001
default,ppo,123,89602,79.98
default,ppo,123,94607,79.94
default,ppo,123,99612,79.96
default,ppo,123,104616,79.94
default,ppo,123,109621,79.98
default,ppo,123,114626,79.98
default,ppo,123,119631,80.0
default,ppo,123,124636,79.94
default,ppo,123,129641,79.97999999999999
default,ppo,123,134646,79.96
default,ppo,123,139650,79.98
default,ppo,123,144655,79.89999999999999
default,ppo,123,149660,80.0
default,ppo,123,154665,80.0
default,ppo,123,159670,-16.375682855956704
default,ppo,123,164675,28.913799999999913
default,ppo,123,169680,63.139199999999995
default,ppo,123,174684,79.44646464646465
default,ppo,123,179689,79.94
default,ppo,123,184694,79.97999999999999
default,ppo,123,189699,79.97999999999999
default,ppo,123,194704,79.92
default,ppo,123,199709,79.94
default,ppo,123,204713,80.0
default,ppo,123,209718,80.08
default,ppo,123,214723,79.91999999999999
default,ppo,123,219728,70.00933333333302
default,ppo,123,224733,77.08622222222225
default,ppo,123,229738,79.86
default,ppo,123,234743,79.94
default,ppo,123,239747,79.84265151515152
default,ppo,123,244752,79.94034090909088
default,ppo,123,249757,77.84678030303029
default,ppo,123,254762,79.84
default,ppo,123,259767,79.94
default,ppo,123,264772,80.0
default,ppo,123,269776,80.0
default,ppo,123,274781,78.03999999999999
default,ppo,123,279786,79.88
default,ppo,123,284791,79.97999999999999
default,ppo,123,289796,79.96000000000001
default,ppo,123,294801,80.0
default,ppo,123,299806,79.98
default,ppo,123,304810,79.97999999999999
default,ppo,123,309815,80.0
default,ppo,123,314820,80.0
default,ppo,123,319825,79.94
default,ppo,123,324830,79.92
default,ppo,123,329835,80.02
default,ppo,123,334840,80.0
default,ppo,123,339844,79.86
default,ppo,123,344849,79.14
default,ppo,123,349854,77.78
default,ppo,123,354859,77.9
default,ppo,123,359864,79.94
default,ppo,123,364869,80.12
default,ppo,123,369873,79.94
default,ppo,123,374878,79.96000000000001
default,ppo,123,379883,79.84
default,ppo,123,384888,80.06
default,ppo,123,389893,80.08
default,ppo,123,394898,80.12
default,ppo,123,399903,80.08
default,ppo,123,404907,77.9
default,ppo,123,409912,80.0
default,ppo,123,414917,80.0
default,ppo,123,419922,80.06
default,ppo,123,424927,80.02
default,ppo,123,429932,80.14609848484848
default,ppo,123,434936,79.96000000000001
default,ppo,123,439941,80.0
default,ppo,123,444946,79.1146031746031
default,ppo,123,449951,79.97999999999999
default,ppo,123,454956,80.03999999999999
default,ppo,123,459961,80.08
default,ppo,123,464966,80.17999999999999
default,ppo,123,469970,80.0
default,ppo,123,474975,79.91999999999999
default,ppo,123,479980,77.11999999999999
default,ppo,123,484985,77.94
default,ppo,123,489990,77.75999999999999
default,ppo,123,494995,80.0
default,ppo,123,500000,80.08
default,ppo,2024,4472,-74.94000000000001
default,ppo,2024,9477,-22.257666666666676
default,ppo,2024,14482,57.067301587301586
default,ppo,2024,19488,69.92076923076922
default,ppo,2024,24493,72.54733333333334
default,ppo,2024,29498,78.18249999999999
default,ppo,2024,34504,79.20235294117647
default,ppo,2024,39509,79.44
default,ppo,2024,44514,79.79288888888888
default,ppo,2024,49520,79.972
default,ppo,2024,54525,79.92844444444442
default,ppo,2024,59530,79.98
default,ppo,2024,64536,79.94
default,ppo,2024,69541,79.92
default,ppo,2024,74546,79.99166666666667
default,ppo,2024,79552,79.97999999999999
default,ppo,2024,84557,74.28040650406511
default,ppo,2024,89562,76.84
default,ppo,2024,94568,79.98
default,ppo,2024,99573,79.97999999999999
default,ppo,2024,104578,79.98
default,ppo,2024,109584,79.96000000000001
default,ppo,2024,114589,79.98
default,ppo,2024,119594,79.92
default,ppo,2024,124600,79.96000000000001
default,ppo,2024,129605,79.92
default,ppo,2024,134610,79.97999999999999
default,ppo,2024,139616,79.97125
default,ppo,2024,144621,79.96
default,ppo,2024,149626,79.97999999999999
default,ppo,2024,154632,79.94
default,ppo,2024,159637,79.98
default,ppo,2024,164642,79.96000000000001
default,ppo,2024,169648,80.0
default,ppo,2024,174653,79.97999999999999
default,ppo,2024,179658,79.94
default,ppo,2024,184664,79.97999999999999
default,ppo,2024,189669,79.94
default,ppo,2024,194674,79.89999999999999
default,ppo,2024,199680,79.9175
default,ppo,2024,204685,79.97999999999999
default,ppo,2024,209690,79.96111111111114
default,ppo,2024,214696,79.98
default,ppo,2024,219701,79.98
default,ppo,2024,224706,80.0
default,ppo,2024,229712,80.0
default,ppo,2024,234717,57.836333333333904
default,ppo,2024,239722,63.55857142857149
default,ppo,2024,244728,74.71529411764706
default,ppo,2024,249733,79.38
default,ppo,2024,254738,79.98
default,ppo,2024,259743,79.94
default,ppo,2024,264749,77.41999999999999
default,ppo,2024,269754,79.98
default,ppo,2024,274760,79.94
default,ppo,2024,279765,80.0
default,ppo,2024,284770,80.0
default,ppo,2024,289776,80.0
default,ppo,2024,294781,80.0
default,ppo,2024,299786,80.0
default,ppo,2024,304792,79.96000000000001
default,ppo,2024,309797,80.0
default,ppo,2024,314802,79.92
default,ppo,2024,319808,79.96000000000001
default,ppo,2024,324813,80.0
default,ppo,2024,329818,79.98
default,ppo,2024,334824,79.92
default,ppo,2024,339829,79.98
default,ppo,2024,344834,80.0
default,ppo,2024,349840,80.0
default,ppo,2024,354845,80.0
default,ppo,2024,359850,80.0
default,ppo,2024,364856,80.0
default,ppo,2024,369861,80.0
default,ppo,2024,374866,80.0
default,ppo,2024,379872,77.4
default,ppo,2024,384877,79.53999999999999
default,ppo,2024,389882,80.0
default,ppo,2024,394888,79.55333333333333
default,ppo,2024,399893,79.92
default,ppo,2024,404898,79.98
default,ppo,2024,409904,80.0
default,ppo,2024,414909,79.88
default,ppo,2024,419914,79.99422222222218
default,ppo,2024,424920,80.0
default,ppo,2024,429925,79.98
default,ppo,2024,434930,79.94
default,ppo,2024,439936,79.9
default,ppo,2024,444941,79.68
default,ppo,2024,449946,79.96000000000001
default,ppo,2024,454952,79.96000000000001
default,ppo,2024,459957,80.0
default,ppo,2024,464962,79.96791666666671
default,ppo,2024,469968,79.98
default,ppo,2024,474973,80.0
default,ppo,2024,479978,80.0
default,ppo,2024,484984,79.54
default,ppo,2024,489989,79.52000000000001
default,ppo,2024,494994,79.98
default,ppo,2024,500000,79.97999999999999
default,ppo,7,4301,-77.02000000000001
default,ppo,7,9308,-8.150181818181819
default,ppo,7,14315,58.00464646464646
default,ppo,7,19322,74.15061818181819
default,ppo,7,24329,71.34
default,ppo,7,29336,75.17971139971141
default,ppo,7,34343,78.90145454545454
default,ppo,7,39350,79.68323232323233
default,ppo,7,44357,79.92
default,ppo,7,49364,79.78
default,ppo,7,54371,79.8
default,ppo,7,59378,79.96000000000001
default,ppo,7,64385,79.96000000000001
default,ppo,7,69392,80.0
default,ppo,7,74399,80.0
default,ppo,7,79406,79.94011363636363
default,ppo,7,84413,76.84
default,ppo,7,89421,79.96
default,ppo,7,94428,73.63736363636356
default,ppo,7,99435,25.76045454545456
default,ppo,7,104442,62.26662004661998
default,ppo,7,109449,78.25999999999999
default,ppo,7,114456,79.98
default,ppo,7,119463,79.86
default,ppo,7,124470,79.97999999999999
default,ppo,7,129477,80.0
default,ppo,7,134484,44.182872727273
default,ppo,7,139491,63.34181818181824
default,ppo,7,144498,77.6384511784512
default,ppo,7,149505,79.62
default,ppo,7,154512,79.91689839572193
default,ppo,7,159519,79.47999999999999
default,ppo,7,164526,79.94
default,ppo,7,169534,79.96
default,ppo,7,174541,79.91999999999999
default,ppo,7,179548,79.66609848484848
default,ppo,7,184555,79.98
default,ppo,7,189562,79.96000000000001
default,ppo,7,194569,79.96
default,ppo,7,199576,62.32727272727362
default,ppo,7,204583,75.52972727272724
default,ppo,7,209590,79.9
default,ppo,7,214597,79.9
default,ppo,7,219604,79.94
default,ppo,7,224611,79.96
default,ppo,7,229618,79.88
default,ppo,7,234625,80.0
default,ppo,7,239632,80.0
default,ppo,7,244639,79.94136363636363
default,ppo,7,249646,79.98
default,ppo,7,254654,79.91999999999999
default,ppo,7,259661,79.68
default,ppo,7,264668,79.94606060606064
default,ppo,7,269675,79.96000000000001
default,ppo,7,274682,80.0
default,ppo,7,279689,80.0
default,ppo,7,284696,79.98
default,ppo,7,289703,79.98
default,ppo,7,294710,79.96
default,ppo,7,299717,79.96
default,ppo,7,304724,79.98
default,ppo,7,309731,79.96
default,ppo,7,314738,80.0
default,ppo,7,319745,79.84
default,ppo,7,324752,80.0
default,ppo,7,329759,79.9
default,ppo,7,334767,76.46000000000001
default,ppo,7,339774,79.00242424242424
default,ppo,7,344781,79.98
default,ppo,7,349788,79.94
default,ppo,7,354795,80.0
default,ppo,7,359802,79.97999999999999
default,ppo,7,364809,80.0
default,ppo,7,369816,80.0
default,ppo,7,374823,80.0
default,ppo,7,379830,79.94
default,ppo,7,384837,79.86
default,ppo,7,389844,80.0
default,ppo,7,394851,79.97999999999999
default,ppo,7,399858,79.82000000000001
default,ppo,7,404865,79.97999999999999
default,ppo,7,409872,79.98
default,ppo,7,414879,80.0
default,ppo,7,419887,79.94
default,ppo,7,424894,80.0
default,ppo,7,429901,79.96
default,ppo,7,434908,79.94848484848487
default,ppo,7,439915,79.94
default,ppo,7,444922,80.0
default,ppo,7,449929,80.0
default,ppo,7,454936,80.0
default,ppo,7,459943,79.97999999999999
default,ppo,7,464950,79.52
default,ppo,7,469957,80.0
default,ppo,7,474964,79.96000000000001
default,ppo,7,479971,79.96
default,ppo,7,484978,80.0
default,ppo,7,489985,80.0
default,ppo,7,494992,80.0
default,ppo,7,500000,-2.3399999999999954
default,ppo,314,4169,-79.28
default,ppo,314,9177,-32.047151515151526
default,ppo,314,14185,39.16325962325963
default,ppo,314,19194,67.86588744588744
default,ppo,314,24202,75.44829346092503
default,ppo,314,29210,77.7895374800638
default,ppo,314,34219,79.05329545454546
default,ppo,314,39227,78.57152462121212
default,ppo,314,44236,79.59773737373736
default,ppo,314,49244,79.85931818181818
default,ppo,314,54252,79.88
default,ppo,314,59261,79.91999999999999
default,ppo,314,64269,79.9
default,ppo,314,69278,79.86
default,ppo,314,74286,79.96000000000001
default,ppo,314,79294,80.0
default,ppo,314,84303,79.89587121212121
default,ppo,314,89311,80.0
default,ppo,314,94320,79.96
default,ppo,314,99328,79.94
default,ppo,314,104336,79.96
default,ppo,314,109345,80.0
default,ppo,314,114353,79.89999999999999
default,ppo,314,119362,80.0
default,ppo,314,124370,79.79999999999998
default,ppo,314,129378,79.98
default,ppo,314,134387,79.98
default,ppo,314,139395,80.0
default,ppo,314,144404,80.0
default,ppo,314,149412,79.97999999999999
default,ppo,314,154420,60.14886363636367
default,ppo,314,159429,54.06
default,ppo,314,164437,79.93127272727259
default,ppo,314,169446,80.0
default,ppo,314,174454,80.0
default,ppo,314,179462,80.0
default,ppo,314,184471,79.98
default,ppo,314,189479,79.98
default,ppo,314,194487,79.91999999999999
default,ppo,314,199496,79.92
default,ppo,314,204504,80.0
default,ppo,314,209513,79.85999999999999
default,ppo,314,214521,80.0
default,ppo,314,219529,79.97999999999999
default,ppo,314,224538,79.98
default,ppo,314,229546,80.0
default,ppo,314,234555,79.96000000000001
default,ppo,314,239563,79.98735353535352
default,ppo,314,244571,79.92
default,ppo,314,249580,79.96000000000001
default,ppo,314,254588,79.98
default,ppo,314,259597,80.0
default,ppo,314,264605,80.0
default,ppo,314,269613,80.0
default,ppo,314,274622,79.96
default,ppo,314,279630,79.96
default,ppo,314,284639,80.0
default,ppo,314,289647,79.97443181818183
default,ppo,314,294655,80.0
default,ppo,314,299664,78.2642424242422
default,ppo,314,304672,79.96
default,ppo,314,309681,80.0
default,ppo,314,314689,80.0
default,ppo,314,319697,79.72
default,ppo,314,324706,79.88
default,ppo,314,329714,79.94
default,ppo,314,334723,79.52000000000001
default,ppo,314,339731,80.0
default,ppo,314,344739,80.0
default,ppo,314,349748,80.0
default,ppo,314,354756,79.98
default,ppo,314,359764,79.96000000000001
default,ppo,314,364773,79.97163636363624
default,ppo,314,369781,79.95967676767677
default,ppo,314,374790,79.98
default,ppo,314,379798,79.98
default,ppo,314,384806,80.0
default,ppo,314,389815,80.0
default,ppo,314,394823,80.0
default,ppo,314,399832,79.96
default,ppo,314,404840,79.96000000000001
default,ppo,314,409848,79.88
default,ppo,314,414857,80.0
default,ppo,314,419865,79.93292929292927
default,ppo,314,424874,79.94
default,ppo,314,429882,79.88
default,ppo,314,434890,80.0
default,ppo,314,439899,80.0
default,ppo,314,444907,79.96000000000001
default,ppo,314,449916,79.82
default,ppo,314,454924,79.68
default,ppo,314,459932,79.96
default,ppo,314,464941,79.92
default,ppo,314,469949,79.67999999999999
default,ppo,314,474958,74.46
default,ppo,314,479966,79.96000000000001
default,ppo,314,484974,79.96
default,ppo,314,489983,79.97999999999999
default,ppo,314,494991,79.98
default,ppo,314,500000,80.0
ppo_no_barriers,ppo,42,3313,1.1400000000000001
ppo_no_barriers,ppo,42,8330,79.47999999999999
ppo_no_barriers,ppo,42,13347,79.82
ppo_no_barriers,ppo,42,18364,79.96000000000001
ppo_no_barriers,ppo,42,23381,79.97999999999999
ppo_no_barriers,ppo,42,28398,79.9
ppo_no_barriers,ppo,42,33415,79.94
ppo_no_barriers,ppo,42,38432,79.98
ppo_no_barriers,ppo,42,43449,79.44
ppo_no_barriers,ppo,42,48466,79.88
ppo_no_barriers,ppo,42,53483,79.75999999999999
ppo_no_barriers,ppo,42,58500,77.53999999999999
ppo_no_barriers,ppo,42,63517,77.74
ppo_no_barriers,ppo,42,68534,79.9
ppo_no_barriers,ppo,42,73551,77.69999999999999
ppo_no_barriers,ppo,42,78568,79.94
ppo_no_barriers,ppo,42,83585,79.94
ppo_no_barriers,ppo,42,88602,76.08048260381594
ppo_no_barriers,ppo,42,93619,79.06659090909092
ppo_no_barriers,ppo,42,98636,79.98
ppo_no_barriers,ppo,42,103653,79.8327398989899
ppo_no_barriers,ppo,42,108670,79.88000000000001
ppo_no_barriers,ppo,42,113687,77.62
ppo_no_barriers,ppo,42,118704,79.36
ppo_no_barriers,ppo,42,123721,80.0
ppo_no_barriers,ppo,42,128739,79.88
ppo_no_barriers,ppo,42,133756,79.91999999999999
ppo_no_barriers,ppo,42,138773,79.96
ppo_no_barriers,ppo,42,143790,79.97999999999999
ppo_no_barriers,ppo,42,148807,79.81070707070742
ppo_no_barriers,ppo,42,153824,79.90973484848487
ppo_no_barriers,ppo,42,158841,80.0
ppo_no_barriers,ppo,42,163858,79.87853535353541
ppo_no_barriers,ppo,42,168875,79.91999999999999
ppo_no_barriers,ppo,42,173892,79.85999999999999
ppo_no_barriers,ppo,42,178909,79.88
ppo_no_barriers,ppo,42,183926,76.37163636363623
ppo_no_barriers,ppo,42,188943,79.90236482471782
ppo_no_barriers,ppo,42,193960,79.98
ppo_no_barriers,ppo,42,198977,79.92803030303031
ppo_no_barriers,ppo,42,203994,78.05382828282876
ppo_no_barriers,ppo,42,209011,79.47999999999999
ppo_no_barriers,ppo,42,214028,79.97999999999999
ppo_no_barriers,ppo,42,219045,77.8
ppo_no_barriers,ppo,42,224062,79.450074074074
ppo_no_barriers,ppo,42,229079,79.98647727272729
ppo_no_barriers,ppo,42,234096,79.17999999999999
ppo_no_barriers,ppo,42,239113,79.68
ppo_no_barriers,ppo,42,244130,76.24
ppo_no_barriers,ppo,42,249147,80.0
ppo_no_barriers,ppo,42,254165,79.72
ppo_no_barriers,ppo,42,259182,78.86000000000001
ppo_no_barriers,ppo,42,264199,77.62
ppo_no_barriers,ppo,42,269216,79.74
ppo_no_barriers,ppo,42,274233,79.52315151515154
ppo_no_barriers,ppo,42,279250,79.92
ppo_no_barriers,ppo,42,284267,79.86
ppo_no_barriers,ppo,42,289284,77.56
ppo_no_barriers,ppo,42,294301,78.64
ppo_no_barriers,ppo,42,299318,79.72
ppo_no_barriers,ppo,42,304335,80.0
ppo_no_barriers,ppo,42,309352,80.0
ppo_no_barriers,ppo,42,314369,79.98
ppo_no_barriers,ppo,42,319386,79.97999999999999
ppo_no_barriers,ppo,42,324403,79.39999999999999
ppo_no_barriers,ppo,42,329420,79.69999999999999
ppo_no_barriers,ppo,42,334437,78.54666666666814
ppo_no_barriers,ppo,42,339454,79.91999999999999
ppo_no_barriers,ppo,42,344471,79.9
ppo_no_barriers,ppo,42,349488,80.0
ppo_no_barriers,ppo,42,354505,78.57861775651256
ppo_no_barriers,ppo,42,359522,74.11880914407224
ppo_no_barriers,ppo,42,364539,79.94
ppo_no_barriers,ppo,42,369556,80.0
ppo_no_barriers,ppo,42,374573,79.97999999999999
ppo_no_barriers,ppo,42,379591,79.96
ppo_no_barriers,ppo,42,384608,79.9
ppo_no_barriers,ppo,42,389625,79.96
ppo_no_barriers,ppo,42,394642,79.98
ppo_no_barriers,ppo,42,399659,80.0
ppo_no_barriers,ppo,42,404676,79.94
ppo_no_barriers,ppo,42,409693,79.91999999999999
ppo_no_barriers,ppo,42,414710,79.92208754208754
ppo_no_barriers,ppo,42,419727,79.9
ppo_no_barriers,ppo,42,424744,79.98
ppo_no_barriers,ppo,42,429761,79.98
ppo_no_barriers,ppo,42,434778,76.56
ppo_no_barriers,ppo,42,439795,79.92
ppo_no_barriers,ppo,42,444812,79.64
ppo_no_barriers,ppo,42,449829,80.0
ppo_no_barriers,ppo,42,454846,80.0
ppo_no_barriers,ppo,42,459863,79.91999999999999
ppo_no_barriers,ppo,42,464880,77.14
ppo_no_barriers,ppo,42,469897,79.86
ppo_no_barriers,ppo,42,474914,73.95659451659502
ppo_no_barriers,ppo,42,479931,79.42335353535344
ppo_no_barriers,ppo,42,484948,79.96000000000001
ppo_no_barriers,ppo,42,489965,79.98
ppo_no_barriers,ppo,42,494982,79.75999999999999
ppo_no_barriers,ppo,42,500000,79.94
ppo_no_barriers,ppo,123,3146,3.38
ppo_no_barriers,ppo,123,8164,79.32012121212121
ppo_no_barriers,ppo,123,13183,79.6855681818182
ppo_no_barriers,ppo,123,18202,79.40957575757575
ppo_no_barriers,ppo,123,23220,79.9
ppo_no_barriers,ppo,123,28239,79.92
ppo_no_barriers,ppo,123,33258,79.96
ppo_no_barriers,ppo,123,38277,79.69863636363637
ppo_no_barriers,ppo,123,43295,79.97999999999999
ppo_no_barriers,ppo,123,48314,79.84
ppo_no_barriers,ppo,123,53333,78.52000000000001
ppo_no_barriers,ppo,123,58352,79.98
ppo_no_barriers,ppo,123,63370,79.41999999999999
ppo_no_barriers,ppo,123,68389,79.84
ppo_no_barriers,ppo,123,73408,79.98
ppo_no_barriers,ppo,123,78426,47.049090909090886
ppo_no_barriers,ppo,123,83445,79.68
ppo_no_barriers,ppo,123,88464,77.12
ppo_no_barriers,ppo,123,93483,79.72
ppo_no_barriers,ppo,123,98501,79.98
ppo_no_barriers,ppo,123,103520,80.0
ppo_no_barriers,ppo,123,108539,80.0
ppo_no_barriers,ppo,123,113558,80.0
ppo_no_barriers,ppo,123,118576,79.98
ppo_no_barriers,ppo,123,123595,79.94
ppo_no_barriers,ppo,123,128614,80.0
ppo_no_barriers,ppo,123,133632,79.8
ppo_no_barriers,ppo,123,138651,80.0
ppo_no_barriers,ppo,123,143670,79.92
ppo_no_barriers,ppo,123,148689,79.94
ppo_no_barriers,ppo,123,153707,79.96000000000001
ppo_no_barriers,ppo,123,158726,79.8
ppo_no_barriers,ppo,123,163745,79.58
ppo_no_barriers,ppo,123,168764,79.97999999999999
ppo_no_barriers,ppo,123,173782,79.92
ppo_no_barriers,ppo,123,178801,79.92
ppo_no_barriers,ppo,123,183820,79.74
ppo_no_barriers,ppo,123,188838,79.92
ppo_no_barriers,ppo,123,193857,79.98
ppo_no_barriers,ppo,123,198876,80.0
ppo_no_barriers,ppo,123,203895,78.97999999999999
ppo_no_barriers,ppo,123,208913,80.0
ppo_no_barriers,ppo,123,213932,79.96000000000001
ppo_no_barriers,ppo,123,218951,77.44
ppo_no_barriers,ppo,123,223970,78.97999999999999
ppo_no_barriers,ppo,123,228988,76.96
ppo_no_barriers,ppo,123,234007,79.91999999999999
ppo_no_barriers,ppo,123,239026,79.88545454545454
ppo_no_barriers,ppo,123,244044,79.24000000000001
ppo_no_barriers,ppo,123,249063,79.94
ppo_no_barriers,ppo,123,254082,79.83999999999999
ppo_no_barriers,ppo,123,259101,79.96000000000001
ppo_no_barriers,ppo,123,264119,79.74000000000001
ppo_no_barriers,ppo,123,269138,79.89999999999999
ppo_no_barriers,ppo,123,274157,79.79340909090904
ppo_no_barriers,ppo,123,279176,77.68
ppo_no_barriers,ppo,123,284194,79.31890909090846
ppo_no_barriers,ppo,123,289213,80.0
ppo_no_barriers,ppo,123,294232,79.96
ppo_no_barriers,ppo,123,299250,76.78
ppo_no_barriers,ppo,123,304269,80.0
ppo_no_barriers,ppo,123,309288,79.2722314049586
ppo_no_barriers,ppo,123,314307,79.88
ppo_no_barriers,ppo,123,319325,78.64545454545451
ppo_no_barriers,ppo,123,324344,79.94
ppo_no_barriers,ppo,123,329363,79.66
ppo_no_barriers,ppo,123,334382,79.98
ppo_no_barriers,ppo,123,339400,79.94
ppo_no_barriers,ppo,123,344419,79.94693181818177
ppo_no_barriers,ppo,123,349438,79.79999999999998
ppo_no_barriers,ppo,123,354456,76.4
ppo_no_barriers,ppo,123,359475,79.22
ppo_no_barriers,ppo,123,364494,77.36
ppo_no_barriers,ppo,123,369513,79.86
ppo_no_barriers,ppo,123,374531,79.94
ppo_no_barriers,ppo,123,379550,79.94
ppo_no_barriers,ppo,123,384569,80.0
ppo_no_barriers,ppo,123,389588,79.95066666666666
ppo_no_barriers,ppo,123,394606,79.9
ppo_no_barriers,ppo,123,399625,79.86
ppo_no_barriers,ppo,123,404644,79.84
ppo_no_barriers,ppo,123,409662,79.97080213903737
ppo_no_barriers,ppo,123,414681,78.22
ppo_no_barriers,ppo,123,419700,74.98
ppo_no_barriers,ppo,123,424719,79.96545454545459
ppo_no_barriers,ppo,123,429737,79.96
ppo_no_barriers,ppo,123,434756,79.9
ppo_no_barriers,ppo,123,439775,79.49999999999999
ppo_no_barriers,ppo,123,444794,79.97999999999999
ppo_no_barriers,ppo,123,449812,79.88
ppo_no_barriers,ppo,123,454831,79.91999999999999
ppo_no_barriers,ppo,123,459850,79.78
ppo_no_barriers,ppo,123,464868,79.94
ppo_no_barriers,ppo,123,469887,79.96
ppo_no_barriers,ppo,123,474906,80.0
ppo_no_barriers,ppo,123,479925,80.0
ppo_no_barriers,ppo,123,484943,75.76727272727061
ppo_no_barriers,ppo,123,489962,72.82
ppo_no_barriers,ppo,123,494981,79.94
ppo_no_barriers,ppo,123,500000,79.78888888888888
ppo_no_barriers,ppo,2024,3617,-15.14
ppo_no_barriers,ppo,2024,8630,79.17182736455464
ppo_no_barriers,ppo,2024,13644,79.91999999999999
ppo_no_barriers,ppo,2024,18658,79.86
ppo_no_barriers,ppo,2024,23672,79.9
ppo_no_barriers,ppo,2024,28686,79.9
ppo_no_barriers,ppo,2024,33700,79.66
ppo_no_barriers,ppo,2024,38714,79.9
ppo_no_barriers,ppo,2024,43728,79.97999999999999
ppo_no_barriers,ppo,2024,48742,78.7
ppo_no_barriers,ppo,2024,53756,79.82
ppo_no_barriers,ppo,2024,58770,79.88
ppo_no_barriers,ppo,2024,63784,79.82
ppo_no_barriers,ppo,2024,68798,78.21903030303022
ppo_no_barriers,ppo,2024,73812,79.97999999999999
ppo_no_barriers,ppo,2024,78826,79.91999999999999
ppo_no_barriers,ppo,2024,83840,79.91999999999999
ppo_no_barriers,ppo,2024,88854,79.96
ppo_no_barriers,ppo,2024,93868,79.8
ppo_no_barriers,ppo,2024,98882,59.08614718614721
ppo_no_barriers,ppo,2024,103896,79.98
ppo_no_barriers,ppo,2024,108910,80.0
ppo_no_barriers,ppo,2024,113924,77.64
ppo_no_barriers,ppo,2024,118938,79.73999999999998
ppo_no_barriers,ppo,2024,123952,66.3
ppo_no_barriers,ppo,2024,128966,79.97999999999999
ppo_no_barriers,ppo,2024,133980,79.94
ppo_no_barriers,ppo,2024,138994,79.99357575757577
ppo_no_barriers,ppo,2024,144008,80.0
ppo_no_barriers,ppo,2024,149022,77.6
ppo_no_barriers,ppo,2024,154036,74.6
ppo_no_barriers,ppo,2024,159050,79.99208080808081
ppo_no_barriers,ppo,2024,164064,80.0
ppo_no_barriers,ppo,2024,169078,79.8
ppo_no_barriers,ppo,2024,174091,80.0
ppo_no_barriers,ppo,2024,179105,80.0
ppo_no_barriers,ppo,2024,184119,79.97999999999999
ppo_no_barriers,ppo,2024,189133,79.98
ppo_no_barriers,ppo,2024,194147,77.6
ppo_no_barriers,ppo,2024,199161,79.84
ppo_no_barriers,ppo,2024,204175,79.97999999999999
ppo_no_barriers,ppo,2024,209189,79.48
ppo_no_barriers,ppo,2024,214203,79.96000000000001
ppo_no_barriers,ppo,2024,219217,79.47999999999999
ppo_no_barriers,ppo,2024,224231,79.55999999999999
ppo_no_barriers,ppo,2024,229245,79.89999999999999
ppo_no_barriers,ppo,2024,234259,79.94
ppo_no_barriers,ppo,2024,239273,79.69999999999999
ppo_no_barriers,ppo,2024,244287,79.92431818181815
ppo_no_barriers,ppo,2024,249301,74.06184848484803
ppo_no_barriers,ppo,2024,254315,79.94
ppo_no_barriers,ppo,2024,259329,79.96
ppo_no_barriers,ppo,2024,264343,79.94
ppo_no_barriers,ppo,2024,269357,79.01329966329956
ppo_no_barriers,ppo,2024,274371,79.98
ppo_no_barriers,ppo,2024,279385,79.52
ppo_no_barriers,ppo,2024,284399,79.82087121212119
ppo_no_barriers,ppo,2024,289413,77.39999999999999
ppo_no_barriers,ppo,2024,294427,79.8
ppo_no_barriers,ppo,2024,299441,79.98
ppo_no_barriers,ppo,2024,304455,79.94
ppo_no_barriers,ppo,2024,309469,79.93620202020199
ppo_no_barriers,ppo,2024,314483,80.0
ppo_no_barriers,ppo,2024,319497,80.0
ppo_no_barriers,ppo,2024,324511,79.96000000000001
ppo_no_barriers,ppo,2024,329525,79.98
ppo_no_barriers,ppo,2024,334539,64.23777777777778
ppo_no_barriers,ppo,2024,339552,72.6332525252526
ppo_no_barriers,ppo,2024,344566,79.84
ppo_no_barriers,ppo,2024,349580,79.74
ppo_no_barriers,ppo,2024,354594,79.78
ppo_no_barriers,ppo,2024,359608,79.86
ppo_no_barriers,ppo,2024,364622,64.93690909090924
ppo_no_barriers,ppo,2024,369636,79.82
ppo_no_barriers,ppo,2024,374650,79.88
ppo_no_barriers,ppo,2024,379664,79.75999999999999
ppo_no_barriers,ppo,2024,384678,79.72
ppo_no_barriers,ppo,2024,389692,79.02000000000001
ppo_no_barriers,ppo,2024,394706,79.46909090909094
ppo_no_barriers,ppo,2024,399720,79.94
ppo_no_barriers,ppo,2024,404734,10.229292929293592
ppo_no_barriers,ppo,2024,409748,79.94
ppo_no_barriers,ppo,2024,414762,79.51999999999998
ppo_no_barriers,ppo,2024,419776,79.94
ppo_no_barriers,ppo,2024,424790,80.0
ppo_no_barriers,ppo,2024,429804,79.84
ppo_no_barriers,ppo,2024,434818,18.069984051036947
ppo_no_barriers,ppo,2024,439832,77.02000000000001
ppo_no_barriers,ppo,2024,444846,53.9603333333339
ppo_no_barriers,ppo,2024,449860,62.425333333333725
ppo_no_barriers,ppo,2024,454874,79.9
ppo_no_barriers,ppo,2024,459888,79.76757575757568
ppo_no_barriers,ppo,2024,464902,79.9
ppo_no_barriers,ppo,2024,469916,79.7
ppo_no_barriers,ppo,2024,474930,79.83999999999999
ppo_no_barriers,ppo,2024,479944,79.56
ppo_no_barriers,ppo,2024,484958,73.76081504701995
ppo_no_barriers,ppo,2024,489972,79.62
ppo_no_barriers,ppo,2024,494986,79.98
ppo_no_barriers,ppo,2024,500000,79.4
ppo_no_barriers,ppo,7,3635,-17.3
ppo_no_barriers,ppo,7,8648,79.23171717171718
ppo_no_barriers,ppo,7,13662,79.74
ppo_no_barriers,ppo,7,18676,79.98
ppo_no_barriers,ppo,7,23690,79.84
ppo_no_barriers,ppo,7,28703,79.94
ppo_no_barriers,ppo,7,33717,79.11711229946523
ppo_no_barriers,ppo,7,38731,79.91999999999999
ppo_no_barriers,ppo,7,43745,80.0
ppo_no_barriers,ppo,7,48759,79.79999999999998
ppo_no_barriers,ppo,7,53772,72.96000000000001
ppo_no_barriers,ppo,7,58786,79.98
ppo_no_barriers,ppo,7,63800,80.0
ppo_no_barriers,ppo,7,68814,79.94
ppo_no_barriers,ppo,7,73828,79.94
ppo_no_barriers,ppo,7,78841,77.75999999999999
ppo_no_barriers,ppo,7,83855,79.97999999999999
ppo_no_barriers,ppo,7,88869,79.82
ppo_no_barriers,ppo,7,93883,79.96
ppo_no_barriers,ppo,7,98896,80.0
ppo_no_barriers,ppo,7,103910,79.8
ppo_no_barriers,ppo,7,108924,80.0
ppo_no_barriers,ppo,7,113938,80.0
ppo_no_barriers,ppo,7,118952,76.19636363636353
ppo_no_barriers,ppo,7,123965,77.34
ppo_no_barriers,ppo,7,128979,80.0
ppo_no_barriers,ppo,7,133993,80.0
ppo_no_barriers,ppo,7,139007,79.98
ppo_no_barriers,ppo,7,144021,79.97341414141414
ppo_no_barriers,ppo,7,149034,79.97999999999999
ppo_no_barriers,ppo,7,154048,79.98
ppo_no_barriers,ppo,7,159062,79.74000000000001
ppo_no_barriers,ppo,7,164076,79.78
ppo_no_barriers,ppo,7,169090,79.875
ppo_no_barriers,ppo,7,174103,80.0
ppo_no_barriers,ppo,7,179117,79.98
ppo_no_barriers,ppo,7,184131,79.62048484848486
ppo_no_barriers,ppo,7,189145,79.97999999999999
ppo_no_barriers,ppo,7,194158,79.98
ppo_no_barriers,ppo,7,199172,79.96
ppo_no_barriers,ppo,7,204186,79.78
ppo_no_barriers,ppo,7,209200,79.89773737373739
ppo_no_barriers,ppo,7,214214,79.96
ppo_no_barriers,ppo,7,219227,79.95717171717172
ppo_no_barriers,ppo,7,224241,79.88
ppo_no_barriers,ppo,7,229255,77.4
ppo_no_barriers,ppo,7,234269,79.86000000000001
ppo_no_barriers,ppo,7,239283,79.91999999999999
ppo_no_barriers,ppo,7,244296,78.96000000000001
ppo_no_barriers,ppo,7,249310,79.96
ppo_no_barriers,ppo,7,254324,79.88
ppo_no_barriers,ppo,7,259338,79.9
ppo_no_barriers,ppo,7,264351,79.9
ppo_no_barriers,ppo,7,269365,79.79280303030303
ppo_no_barriers,ppo,7,274379,65.6660606060604
ppo_no_barriers,ppo,7,279393,79.78
ppo_no_barriers,ppo,7,284407,72.94292929292929
ppo_no_barriers,ppo,7,289420,78.68511363636361
ppo_no_barriers,ppo,7,294434,79.82
ppo_no_barriers,ppo,7,299448,79.62
ppo_no_barriers,ppo,7,304462,79.96
ppo_no_barriers,ppo,7,309476,79.5
ppo_no_barriers,ppo,7,314489,79.91999999999999
ppo_no_barriers,ppo,7,319503,79.9
ppo_no_barriers,ppo,7,324517,79.97999999999999
ppo_no_barriers,ppo,7,329531,78.8
ppo_no_barriers,ppo,7,334545,79.98
ppo_no_barriers,ppo,7,339558,77.58
ppo_no_barriers,ppo,7,344572,79.98
ppo_no_barriers,ppo,7,349586,79.93914438502671
ppo_no_barriers,ppo,7,354600,79.91999999999999
ppo_no_barriers,ppo,7,359613,78.03295454545454
ppo_no_barriers,ppo,7,364627,79.94
ppo_no_barriers,ppo,7,369641,79.92935606060607
ppo_no_barriers,ppo,7,374655,79.94
ppo_no_barriers,ppo,7,379669,79.46000000000001
ppo_no_barriers,ppo,7,384682,79.5099840510367
ppo_no_barriers,ppo,7,389696,80.0
ppo_no_barriers,ppo,7,394710,79.94
ppo_no_barriers,ppo,7,399724,77.46
ppo_no_barriers,ppo,7,404738,74.79285831285686
ppo_no_barriers,ppo,7,409751,75.6
ppo_no_barriers,ppo,7,414765,79.96000000000001
ppo_no_barriers,ppo,7,419779,80.0
ppo_no_barriers,ppo,7,424793,69.95757575757577
ppo_no_barriers,ppo,7,429806,79.57858585858594
ppo_no_barriers,ppo,7,434820,79.78
ppo_no_barriers,ppo,7,439834,78.04000000000232
ppo_no_barriers,ppo,7,444848,80.0
ppo_no_barriers,ppo,7,449862,78.25999999999999
ppo_no_barriers,ppo,7,454875,77.38
ppo_no_barriers,ppo,7,459889,10.859393939394213
ppo_no_barriers,ppo,7,464903,79.97999999999999
ppo_no_barriers,ppo,7,469917,79.91999999999999
ppo_no_barriers,ppo,7,474931,-50.89500000000006
ppo_no_barriers,ppo,7,479944,79.28
ppo_no_barriers,ppo,7,484958,65.97920454545456
ppo_no_barriers,ppo,7,489972,79.24
ppo_no_barriers,ppo,7,494986,79.98
ppo_no_barriers,ppo,7,500000,79.6
ppo_no_barriers,ppo,314,3292,0.7600000000000007
ppo_no_barriers,ppo,314,8309,79.56
ppo_no_barriers,ppo,314,13326,79.83934006734006
ppo_no_barriers,ppo,314,18343,79.8
ppo_no_barriers,ppo,314,23361,79.84934680134681
ppo_no_barriers,ppo,314,28378,77.59843434343426
ppo_no_barriers,ppo,314,33395,79.36
ppo_no_barriers,ppo,314,38412,79.96
ppo_no_barriers,ppo,314,43430,77.24
ppo_no_barriers,ppo,314,48447,79.8
ppo_no_barriers,ppo,314,53464,80.0
ppo_no_barriers,ppo,314,58481,79.91999999999999
ppo_no_barriers,ppo,314,63499,79.88
ppo_no_barriers,ppo,314,68516,79.82
ppo_no_barriers,ppo,314,73533,77.48
ppo_no_barriers,ppo,314,78550,77.56
ppo_no_barriers,ppo,314,83568,79.92
ppo_no_barriers,ppo,314,88585,79.97999999999999
ppo_no_barriers,ppo,314,93602,79.74000000000001
ppo_no_barriers,ppo,314,98619,79.94
ppo_no_barriers,ppo,314,103637,79.78
ppo_no_barriers,ppo,314,108654,79.89999999999999
ppo_no_barriers,ppo,314,113671,79.96
ppo_no_barriers,ppo,314,118688,80.0
ppo_no_barriers,ppo,314,123706,76.88
ppo_no_barriers,ppo,314,128723,79.7
ppo_no_barriers,ppo,314,133740,79.94
ppo_no_barriers,ppo,314,138757,79.58
ppo_no_barriers,ppo,314,143775,79.62
ppo_no_barriers,ppo,314,148792,79.85999999999999
ppo_no_barriers,ppo,314,153809,79.97999999999999
ppo_no_barriers,ppo,314,158826,79.96
ppo_no_barriers,ppo,314,163844,79.96
ppo_no_barriers,ppo,314,168861,79.26000000000002
ppo_no_barriers,ppo,314,173878,79.76878114478114
ppo_no_barriers,ppo,314,178895,79.7
ppo_no_barriers,ppo,314,183913,79.98
ppo_no_barriers,ppo,314,188930,79.96000000000001
ppo_no_barriers,ppo,314,193947,77.74
ppo_no_barriers,ppo,314,198964,79.84
ppo_no_barriers,ppo,314,203982,79.9
ppo_no_barriers,ppo,314,208999,79.85999999999999
ppo_no_barriers,ppo,314,214016,79.92
ppo_no_barriers,ppo,314,219033,77.8
ppo_no_barriers,ppo,314,224051,79.97999999999999
ppo_no_barriers,ppo,314,229068,79.42954545454545
ppo_no_barriers,ppo,314,234085,79.94
ppo_no_barriers,ppo,314,239102,79.96000000000001
ppo_no_barriers,ppo,314,244120,50.311242424242316
ppo_no_barriers,ppo,314,249137,79.94
ppo_no_barriers,ppo,314,254154,78.8
ppo_no_barriers,ppo,314,259171,79.62
ppo_no_barriers,ppo,314,264189,79.52
ppo_no_barriers,ppo,314,269206,79.36555555555573
ppo_no_barriers,ppo,314,274223,80.0
ppo_no_barriers,ppo,314,279240,80.0
ppo_no_barriers,ppo,314,284258,74.67999999999999
ppo_no_barriers,ppo,314,289275,79.96
ppo_no_barriers,ppo,314,294292,60.74
ppo_no_barriers,ppo,314,299309,79.78
ppo_no_barriers,ppo,314,304327,79.86731060606057
ppo_no_barriers,ppo,314,309344,79.96
ppo_no_barriers,ppo,314,314361,79.94
ppo_no_barriers,ppo,314,319378,80.0
ppo_no_barriers,ppo,314,324396,79.7
ppo_no_barriers,ppo,314,329413,79.76
ppo_no_barriers,ppo,314,334430,79.91999999999999
ppo_no_barriers,ppo,314,339447,79.82
ppo_no_barriers,ppo,314,344465,77.52
ppo_no_barriers,ppo,314,349482,79.9
ppo_no_barriers,ppo,314,354499,59.63573939393914
ppo_no_barriers,ppo,314,359516,79.64
ppo_no_barriers,ppo,314,364534,79.97999999999999
ppo_no_barriers,ppo,314,369551,79.44
ppo_no_barriers,ppo,314,374568,79.81649831649833
ppo_no_barriers,ppo,314,379585,79.94
ppo_no_barriers,ppo,314,384603,80.0
ppo_no_barriers,ppo,314,389620,80.0
ppo_no_barriers,ppo,314,394637,79.88
ppo_no_barriers,ppo,314,399654,79.98
ppo_no_barriers,ppo,314,404672,79.82
ppo_no_barriers,ppo,314,409689,79.96019138755963
ppo_no_barriers,ppo,314,414706,79.92
ppo_no_barriers,ppo,314,419723,79.98
ppo_no_barriers,ppo,314,424741,63.3651313131315
ppo_no_barriers,ppo,314,429758,79.77795286195291
ppo_no_barriers,ppo,314,434775,77.56
ppo_no_barriers,ppo,314,439792,45.5447272727266
ppo_no_barriers,ppo,314,444810,79.94
ppo_no_barriers,ppo,314,449827,79.98
ppo_no_barriers,ppo,314,454844,78.74000000000001
ppo_no_barriers,ppo,314,459861,79.91999999999999
ppo_no_barriers,ppo,314,464879,79.36595286195289
ppo_no_barriers,ppo,314,469896,79.96
ppo_no_barriers,ppo,314,474913,79.94
ppo_no_barriers,ppo,314,479930,79.84
ppo_no_barriers,ppo,314,484948,79.80969696969696
ppo_no_barriers,ppo,314,489965,80.0
ppo_no_barriers,ppo,314,494982,79.77999999999999
ppo_no_barriers,ppo,314,500000,-55.169999999999995
ppo_no_shaping,ppo,42,4281,-94.82000000000001
ppo_no_shaping,ppo,42,9288,-95.17493324045049
ppo_no_shaping,ppo,42,14295,-90.4846913580247
ppo_no_shaping,ppo,42,19302,-89.3174181818182
ppo_no_shaping,ppo,42,24310,-90.32600118835413
ppo_no_shaping,ppo,42,29317,-89.0
ppo_no_shaping,ppo,42,34324,-91.67799002685081
ppo_no_shaping,ppo,42,39331,-77.57104444444445
ppo_no_shaping,ppo,42,44339,-66.56
ppo_no_shaping,ppo,42,49346,-51.64991735537173
ppo_no_shaping,ppo,42,54353,-36.83166868686867
ppo_no_shaping,ppo,42,59360,-31.91422222222225
ppo_no_shaping,ppo,42,64368,-15.738402203856596
ppo_no_shaping,ppo,42,69375,-9.913640104751211
ppo_no_shaping,ppo,42,74382,-13.885294322535701
ppo_no_shaping,ppo,42,79389,-7.8089839572192385
ppo_no_shaping,ppo,42,84397,-5.247684537684534
ppo_no_shaping,ppo,42,89404,-7.856401047512147
ppo_no_shaping,ppo,42,94411,-10.626212121212133
ppo_no_shaping,ppo,42,99418,-4.865670995670974
ppo_no_shaping,ppo,42,104426,-13.714298989898944
ppo_no_shaping,ppo,42,109433,-8.622121212121213
ppo_no_shaping,ppo,42,114440,-6.319905437352334
ppo_no_shaping,ppo,42,119448,-2.019109614665148
ppo_no_shaping,ppo,42,124455,-6.653076923076251
ppo_no_shaping,ppo,42,129462,-3.16
ppo_no_shaping,ppo,42,134469,-4.779307359307422
ppo_no_shaping,ppo,42,139477,-3.3886545454545405
ppo_no_shaping,ppo,42,144484,-6.0660082304527485
ppo_no_shaping,ppo,42,149491,-7.963503213957831
ppo_no_shaping,ppo,42,154498,-5.378136924803602
ppo_no_shaping,ppo,42,159506,-3.518561121418642
ppo_no_shaping,ppo,42,164513,-5.555073815073814
ppo_no_shaping,ppo,42,169520,-4.252098765432128
ppo_no_shaping,ppo,42,174527,-1.0482828282827976
ppo_no_shaping,ppo,42,179535,-5.2177861952861715
ppo_no_shaping,ppo,42,184542,1.854335664335634
ppo_no_shaping,ppo,42,189549,-0.9199999999999999
ppo_no_shaping,ppo,42,194556,-1.6
ppo_no_shaping,ppo,42,199564,-8.48
ppo_no_shaping,ppo,42,204571,-2.1663919191919265
ppo_no_shaping,ppo,42,209578,-6.206786382341891
ppo_no_shaping,ppo,42,214586,-8.8354657687991
ppo_no_shaping,ppo,42,219593,-2.98
ppo_no_shaping,ppo,42,224600,-1.3734979423868505
ppo_no_shaping,ppo,42,229607,-6.866771159874604
ppo_no_shaping,ppo,42,234615,-1.3757030303032545
ppo_no_shaping,ppo,42,239622,-4.92
ppo_no_shaping,ppo,42,244629,-4.528170594837326
ppo_no_shaping,ppo,42,249636,-0.7795959595959779
ppo_no_shaping,ppo,42,254644,-2.814904601571098
ppo_no_shaping,ppo,42,259651,-5.452233445566899
ppo_no_shaping,ppo,42,264658,-0.9953460531239398
ppo_no_shaping,ppo,42,269665,-0.7822820800598452
ppo_no_shaping,ppo,42,274673,-4.119300699300724
ppo_no_shaping,ppo,42,279680,-1.1428607918261604
ppo_no_shaping,ppo,42,284687,-1.2186457164235485
ppo_no_shaping,ppo,42,289694,-2.7799551066218156
ppo_no_shaping,ppo,42,294702,-2.5444282828282567
ppo_no_shaping,ppo,42,299709,-2.7800000000000002
ppo_no_shaping,ppo,42,304716,-0.5199999999999999
ppo_no_shaping,ppo,42,309724,-0.6199999999999998
ppo_no_shaping,ppo,42,314731,1.0423599632688407
ppo_no_shaping,ppo,42,319738,-2.9428282828283656
ppo_no_shaping,ppo,42,324745,1.1384885895996857
ppo_no_shaping,ppo,42,329753,-0.5084100261877759
ppo_no_shaping,ppo,42,334760,-2.470123456790138
ppo_no_shaping,ppo,42,339767,1.1701010101003342
ppo_no_shaping,ppo,42,344774,-2.76
ppo_no_shaping,ppo,42,349782,1.2160173160173
ppo_no_shaping,ppo,42,354789,-2.277535353535321
ppo_no_shaping,ppo,42,359796,-0.43999999999999995
ppo_no_shaping,ppo,42,364803,0.6559595959596939
ppo_no_shaping,ppo,42,369811,0.741005291005214
ppo_no_shaping,ppo,42,374818,-2.07056721056722
ppo_no_shaping,ppo,42,379825,-0.20163860830530114
ppo_no_shaping,ppo,42,384832,0.8887392442947235
ppo_no_shaping,ppo,42,389840,-1.2587301587307593
ppo_no_shaping,ppo,42,394847,1.38
ppo_no_shaping,ppo,42,399854,-2.0848110736999663
ppo_no_shaping,ppo,42,404862,-0.3799999999999999
ppo_no_shaping,ppo,42,409869,-0.45788856304986686
ppo_no_shaping,ppo,42,414876,1.3248565656566063
ppo_no_shaping,ppo,42,419883,1.210613830613841
ppo_no_shaping,ppo,42,424891,-0.1972027972028052
ppo_no_shaping,ppo,42,429898,1.1042050130939094
ppo_no_shaping,ppo,42,434905,-0.5435878787879832
ppo_no_shaping,ppo,42,439912,-0.8799999999999999
ppo_no_shaping,ppo,42,444920,-0.56
ppo_no_shaping,ppo,42,449927,1.22
ppo_no_shaping,ppo,42,454934,1.1694545454544947
ppo_no_shaping,ppo,42,459941,-1.3036848484849555
ppo_no_shaping,ppo,42,464949,1.7456565656564913
ppo_no_shaping,ppo,42,469956,-0.24775757575663704
ppo_no_shaping,ppo,42,474963,-0.6810624766180343
ppo_no_shaping,ppo,42,479970,-4.142642424242478
ppo_no_shaping,ppo,42,484978,-3.7119128787879894
ppo_no_shaping,ppo,42,489985,-2.5304451926673446
ppo_no_shaping,ppo,42,494992,-1.1512308267864435
ppo_no_shaping,ppo,42,500000,1.0123076923076924
ppo_no_shaping,ppo,123,4475,-95.19999999999999
ppo_no_shaping,ppo,123,9480,-93.09230303030303
ppo_no_shaping,ppo,123,14485,-89.7818765972983
ppo_no_shaping,ppo,123,19490,-90.63040000000001
ppo_no_shaping,ppo,123,24496,-93.15444005270093
ppo_no_shaping,ppo,123,29501,-89.0025393939394
ppo_no_shaping,ppo,123,34506,-91.49563636363635
ppo_no_shaping,ppo,123,39512,-91.74973333333335
ppo_no_shaping,ppo,123,44517,-81.61957575757576
ppo_no_shaping,ppo,123,49522,-55.45395454545457
ppo_no_shaping,ppo,123,54528,-1.1400000000000001
ppo_no_shaping,ppo,123,59533,2.563111111111105
ppo_no_shaping,ppo,123,64538,3.84
ppo_no_shaping,ppo,123,69543,4.8
ppo_no_shaping,ppo,123,74549,4.8
ppo_no_shaping,ppo,123,79554,4.959999999999999
ppo_no_shaping,ppo,123,84559,4.6
ppo_no_shaping,ppo,123,89565,4.8
ppo_no_shaping,ppo,123,94570,5.0
ppo_no_shaping,ppo,123,99575,4.98
ppo_no_shaping,ppo,123,104581,2.8774242424242407
ppo_no_shaping,ppo,123,109586,3.0
ppo_no_shaping,ppo,123,114591,4.96
ppo_no_shaping,ppo,123,119596,3.04
ppo_no_shaping,ppo,123,124602,5.0
ppo_no_shaping,ppo,123,129607,4.92
ppo_no_shaping,ppo,123,134612,4.9151515151515195
ppo_no_shaping,ppo,123,139618,4.76
ppo_no_shaping,ppo,123,144623,2.98
ppo_no_shaping,ppo,123,149628,4.9799999999999995
ppo_no_shaping,ppo,123,154634,4.88
ppo_no_shaping,ppo,123,159639,4.64
ppo_no_shaping,ppo,123,164644,4.8999999999999995
ppo_no_shaping,ppo,123,169650,4.88
ppo_no_shaping,ppo,123,174655,5.0
ppo_no_shaping,ppo,123,179660,-1.1399999999999997
ppo_no_shaping,ppo,123,184665,4.9799999999999995
ppo_no_shaping,ppo,123,189671,5.0
ppo_no_shaping,ppo,123,194676,4.862770562770644
ppo_no_shaping,ppo,123,199681,4.9399999999999995
ppo_no_shaping,ppo,123,204687,3.0
ppo_no_shaping,ppo,123,209692,2.751784511784661
ppo_no_shaping,ppo,123,214697,5.0
ppo_no_shaping,ppo,123,219703,4.96
ppo_no_shaping,ppo,123,224708,4.88
ppo_no_shaping,ppo,123,229713,4.9399999999999995
ppo_no_shaping,ppo,123,234718,4.96
ppo_no_shaping,ppo,123,239724,4.96
ppo_no_shaping,ppo,123,244729,4.359999999999999
ppo_no_shaping,ppo,123,249734,5.0
ppo_no_shaping,ppo,123,254740,4.952310606060637
ppo_no_shaping,ppo,123,259745,4.5
ppo_no_shaping,ppo,123,264750,4.9399999999999995
ppo_no_shaping,ppo,123,269756,4.98
ppo_no_shaping,ppo,123,274761,4.98
ppo_no_shaping,ppo,123,279766,4.92
ppo_no_shaping,ppo,123,284771,3.0
ppo_no_shaping,ppo,123,289777,-17.151727272726827
ppo_no_shaping,ppo,123,294782,-90.63271822704668
ppo_no_shaping,ppo,123,299787,4.9799999999999995
ppo_no_shaping,ppo,123,304793,4.76
ppo_no_shaping,ppo,123,309798,4.859999999999999
ppo_no_shaping,ppo,123,314803,4.9399999999999995
ppo_no_shaping,ppo,123,319809,4.82
ppo_no_shaping,ppo,123,324814,4.92
ppo_no_shaping,ppo,123,329819,4.84
ppo_no_shaping,ppo,123,334825,4.859999999999999
ppo_no_shaping,ppo,123,339830,4.8364040404040525
ppo_no_shaping,ppo,123,344835,-1.8599999999999999
ppo_no_shaping,ppo,123,349840,4.9
ppo_no_shaping,ppo,123,354846,-2.959999999999999
ppo_no_shaping,ppo,123,359851,4.9399999999999995
ppo_no_shaping,ppo,123,364856,4.5
ppo_no_shaping,ppo,123,369862,4.84
ppo_no_shaping,ppo,123,374867,4.959999999999999
ppo_no_shaping,ppo,123,379872,5.0
ppo_no_shaping,ppo,123,384878,4.9799999999999995
ppo_no_shaping,ppo,123,389883,4.9399999999999995
ppo_no_shaping,ppo,123,394888,4.105909090909292
ppo_no_shaping,ppo,123,399893,4.779999999999999
ppo_no_shaping,ppo,123,404899,4.68
ppo_no_shaping,ppo,123,409904,2.54
ppo_no_shaping,ppo,123,414909,4.98
ppo_no_shaping,ppo,123,419915,-2.339999999999999
ppo_no_shaping,ppo,123,424920,3.979272727272706
ppo_no_shaping,ppo,123,429925,3.0848484848486253
ppo_no_shaping,ppo,123,434931,4.76
ppo_no_shaping,ppo,123,439936,3.0000000000000004
ppo_no_shaping,ppo,123,444941,-0.5199999999999994
ppo_no_shaping,ppo,123,449946,2.7399595959595557
ppo_no_shaping,ppo,123,454952,4.699999999999999
ppo_no_shaping,ppo,123,459957,5.0
ppo_no_shaping,ppo,123,464962,4.9399999999999995
ppo_no_shaping,ppo,123,469968,4.9799999999999995
ppo_no_shaping,ppo,123,474973,4.98
ppo_no_shaping,ppo,123,479978,4.88
ppo_no_shaping,ppo,123,484984,5.0
ppo_no_shaping,ppo,123,489989,4.82
ppo_no_shaping,ppo,123,494994,4.9399999999999995
ppo_no_shaping,ppo,123,500000,4.74
ppo_no_shaping,ppo,2024,4423,-95.06
ppo_no_shaping,ppo,2024,9428,-95.10000000000001
ppo_no_shaping,ppo,2024,14434,-84.16868402333192
ppo_no_shaping,ppo,2024,19440,-7.64955266955267
ppo_no_shaping,ppo,2024,24446,4.290775757575769
ppo_no_shaping,ppo,2024,29452,-0.660510992275702
ppo_no_shaping,ppo,2024,34457,5.459999999999999
ppo_no_shaping,ppo,2024,39463,9.030814022578722
ppo_no_shaping,ppo,2024,44469,2.938434343434345
ppo_no_shaping,ppo,2024,49475,2.610101010101013
ppo_no_shaping,ppo,2024,54481,2.2170000000000285
ppo_no_shaping,ppo,2024,59487,1.2363398692810466
ppo_no_shaping,ppo,2024,64492,7.171836007130127
ppo_no_shaping,ppo,2024,69498,5.071232323232363
ppo_no_shaping,ppo,2024,74504,7.906539074960134
ppo_no_shaping,ppo,2024,79510,3.227159090909098
ppo_no_shaping,ppo,2024,84516,5.933147474747523
ppo_no_shaping,ppo,2024,89522,3.1790808080808044
ppo_no_shaping,ppo,2024,94527,7.779999999999999
ppo_no_shaping,ppo,2024,99533,8.824804567413269
ppo_no_shaping,ppo,2024,104539,7.040308972073664
ppo_no_shaping,ppo,2024,109545,5.581884848484911
ppo_no_shaping,ppo,2024,114551,5.945000000000063
ppo_no_shaping,ppo,2024,119557,4.919999999999999
ppo_no_shaping,ppo,2024,124562,8.90777183600715
ppo_no_shaping,ppo,2024,129568,6.778092929293005
ppo_no_shaping,ppo,2024,134574,9.5
ppo_no_shaping,ppo,2024,139580,9.354652406417161
ppo_no_shaping,ppo,2024,144586,7.7292806856443566
ppo_no_shaping,ppo,2024,149592,2.899999999999999
ppo_no_shaping,ppo,2024,154597,9.739999999999998
ppo_no_shaping,ppo,2024,159603,3.6725965537730714
ppo_no_shaping,ppo,2024,164609,7.227082590611981
ppo_no_shaping,ppo,2024,169615,7.972156862745005
ppo_no_shaping,ppo,2024,174621,5.34
ppo_no_shaping,ppo,2024,179626,10.2
ppo_no_shaping,ppo,2024,184632,7.627379679144359
ppo_no_shaping,ppo,2024,189638,9.999786096256473
ppo_no_shaping,ppo,2024,194644,4.961057635175256
ppo_no_shaping,ppo,2024,199650,6.0600000000000005
ppo_no_shaping,ppo,2024,204656,6.468853238264975
ppo_no_shaping,ppo,2024,209661,9.019809863339178
ppo_no_shaping,ppo,2024,214667,11.279999999999998
ppo_no_shaping,ppo,2024,219673,6.659999999999999
ppo_no_shaping,ppo,2024,224679,8.270326797385591
ppo_no_shaping,ppo,2024,229685,9.3
ppo_no_shaping,ppo,2024,234691,8.849494949494982
ppo_no_shaping,ppo,2024,239696,10.870353535353496
ppo_no_shaping,ppo,2024,244702,11.464741532976793
ppo_no_shaping,ppo,2024,249708,11.233345216874527
ppo_no_shaping,ppo,2024,254714,6.779999999999999
ppo_no_shaping,ppo,2024,259720,7.159999999999999
ppo_no_shaping,ppo,2024,264726,7.830984848484878
ppo_no_shaping,ppo,2024,269731,11.04
ppo_no_shaping,ppo,2024,274737,11.456791443850243
ppo_no_shaping,ppo,2024,279743,8.620972222222262
ppo_no_shaping,ppo,2024,284749,11.2841077441078
ppo_no_shaping,ppo,2024,289755,11.325632798574002
ppo_no_shaping,ppo,2024,294761,10.860050505050458
ppo_no_shaping,ppo,2024,299766,11.206440879382084
ppo_no_shaping,ppo,2024,304772,10.950871212121202
ppo_no_shaping,ppo,2024,309778,8.862373737373854
ppo_no_shaping,ppo,2024,314784,11.059999999999999
ppo_no_shaping,ppo,2024,319790,11.001722488038267
ppo_no_shaping,ppo,2024,324796,11.004949494949543
ppo_no_shaping,ppo,2024,329801,10.018989898986765
ppo_no_shaping,ppo,2024,334807,11.0
ppo_no_shaping,ppo,2024,339813,10.7970291146762
ppo_no_shaping,ppo,2024,344819,8.953383838383889
ppo_no_shaping,ppo,2024,349825,10.643181818181912
ppo_no_shaping,ppo,2024,354830,9.025101010100915
ppo_no_shaping,ppo,2024,359836,4.7
ppo_no_shaping,ppo,2024,364842,9.014331550802076
ppo_no_shaping,ppo,2024,369848,10.86
ppo_no_shaping,ppo,2024,374854,11.02
ppo_no_shaping,ppo,2024,379860,10.512335115864955
ppo_no_shaping,ppo,2024,384865,9.011527035056393
ppo_no_shaping,ppo,2024,389871,10.56
ppo_no_shaping,ppo,2024,394877,2.779999999999999
ppo_no_shaping,ppo,2024,399883,11.659691027926335
ppo_no_shaping,ppo,2024,404889,11.038015448603614
ppo_no_shaping,ppo,2024,409895,7.699999999999999
ppo_no_shaping,ppo,2024,414900,4.67280170122284
ppo_no_shaping,ppo,2024,419906,11.34
ppo_no_shaping,ppo,2024,424912,11.012121212121153
ppo_no_shaping,ppo,2024,429918,11.397979797979932
ppo_no_shaping,ppo,2024,434924,11.19991681521101
ppo_no_shaping,ppo,2024,439930,9.059999999999999
ppo_no_shaping,ppo,2024,444935,9.16
ppo_no_shaping,ppo,2024,449941,11.03141414141428
ppo_no_shaping,ppo,2024,454947,9.389625668448998
ppo_no_shaping,ppo,2024,459953,10.632192513369132
ppo_no_shaping,ppo,2024,464959,11.1
ppo_no_shaping,ppo,2024,469965,11.403493761140851
ppo_no_shaping,ppo,2024,474970,8.7285799168153
ppo_no_shaping,ppo,2024,479976,8.774763636363623
ppo_no_shaping,ppo,2024,484982,9.6
ppo_no_shaping,ppo,2024,489988,7.990725252525845
ppo_no_shaping,ppo,2024,494994,11.13748068924514
ppo_no_shaping,ppo,2024,500000,8.66235294117647
ppo_no_shaping,ppo,7,4499,-97.88
ppo_no_shaping,ppo,7,9504,-91.98000000000002
ppo_no_shaping,ppo,7,14509,-91.7858787878788
ppo_no_shaping,ppo,7,19514,-91.189423815621
ppo_no_shaping,ppo,7,24519,-89.28751515151517
ppo_no_shaping,ppo,7,29524,-91.52969696969697
ppo_no_shaping,ppo,7,34529,-86.34849529780566
ppo_no_shaping,ppo,7,39534,-90.27717171717173
ppo_no_shaping,ppo,7,44539,-89.94139393939395
ppo_no_shaping,ppo,7,49544,-87.65025454545456
ppo_no_shaping,ppo,7,54549,-89.46000000000001
ppo_no_shaping,ppo,7,59554,-90.02000000000001
ppo_no_shaping,ppo,7,64559,-91.63858181818183
ppo_no_shaping,ppo,7,69564,-88.44556363636366
ppo_no_shaping,ppo,7,74569,-91.00991487912837
ppo_no_shaping,ppo,7,79574,-88.74000000000001
ppo_no_shaping,ppo,7,84579,-89.23303030303029
ppo_no_shaping,ppo,7,89585,-87.81970315398888
ppo_no_shaping,ppo,7,94590,-88.8216
ppo_no_shaping,ppo,7,99595,-89.16917575757579
ppo_no_shaping,ppo,7,104600,-90.4509818181818
ppo_no_shaping,ppo,7,109605,-89.48
ppo_no_shaping,ppo,7,114610,-90.5
ppo_no_shaping,ppo,7,119615,-89.46
ppo_no_shaping,ppo,7,124620,-88.8562691853601
ppo_no_shaping,ppo,7,129625,-87.8493878787879
ppo_no_shaping,ppo,7,134630,-89.50342424242426
ppo_no_shaping,ppo,7,139635,-90.56
ppo_no_shaping,ppo,7,144640,-89.4
ppo_no_shaping,ppo,7,149645,-90.06
ppo_no_shaping,ppo,7,154650,-88.52
ppo_no_shaping,ppo,7,159655,-88.5
ppo_no_shaping,ppo,7,164660,-90.68
ppo_no_shaping,ppo,7,169666,-90.42500000000001
ppo_no_shaping,ppo,7,174671,-90.70865454545455
ppo_no_shaping,ppo,7,179676,-90.22249508067691
ppo_no_shaping,ppo,7,184681,-91.66974808324207
ppo_no_shaping,ppo,7,189686,-90.52424242424244
ppo_no_shaping,ppo,7,194691,-91.7286424242425
ppo_no_shaping,ppo,7,199696,-89.03752727272725
ppo_no_shaping,ppo,7,204701,-89.53506666666674
ppo_no_shaping,ppo,7,209706,-89.83751515151518
ppo_no_shaping,ppo,7,214711,-89.18624839948792
ppo_no_shaping,ppo,7,219716,-88.78895757575758
ppo_no_shaping,ppo,7,224721,-89.18
ppo_no_shaping,ppo,7,229726,-89.36000000000001
ppo_no_shaping,ppo,7,234731,-89.01474747474752
ppo_no_shaping,ppo,7,239736,-88.2803636363636
ppo_no_shaping,ppo,7,244741,-90.8453198653199
ppo_no_shaping,ppo,7,249746,-90.55549696969697
ppo_no_shaping,ppo,7,254752,-89.83603030303031
ppo_no_shaping,ppo,7,259757,-86.9989090909091
ppo_no_shaping,ppo,7,264762,-89.64
ppo_no_shaping,ppo,7,269767,-89.73847272727275
ppo_no_shaping,ppo,7,274772,-89.96972727272731
ppo_no_shaping,ppo,7,279777,-89.53499999999995
ppo_no_shaping,ppo,7,284782,-87.82000000000001
ppo_no_shaping,ppo,7,289787,-89.32904242424223
ppo_no_shaping,ppo,7,294792,-87.54
ppo_no_shaping,ppo,7,299797,-88.26118787878794
ppo_no_shaping,ppo,7,304802,-90.07645454545452
ppo_no_shaping,ppo,7,309807,-90.74000000000001
ppo_no_shaping,ppo,7,314812,-90.72
ppo_no_shaping,ppo,7,319817,-89.26000000000002
ppo_no_shaping,ppo,7,324822,-88.24000000000001
ppo_no_shaping,ppo,7,329827,-89.94406060606062
ppo_no_shaping,ppo,7,334833,-88.94
ppo_no_shaping,ppo,7,339838,-90.56054545454546
ppo_no_shaping,ppo,7,344843,-90.66
ppo_no_shaping,ppo,7,349848,-90.4
ppo_no_shaping,ppo,7,354853,-91.56224242424244
ppo_no_shaping,ppo,7,359858,-92.05969696969697
ppo_no_shaping,ppo,7,364863,-90.08000000000001
ppo_no_shaping,ppo,7,369868,-90.4
ppo_no_shaping,ppo,7,374873,-89.76000000000002
ppo_no_shaping,ppo,7,379878,-89.41709090909094
ppo_no_shaping,ppo,7,384883,-90.61878787878784
ppo_no_shaping,ppo,7,389888,-90.4
ppo_no_shaping,ppo,7,394893,-90.5
ppo_no_shaping,ppo,7,399898,-90.96878787878792
ppo_no_shaping,ppo,7,404903,-89.9311515151515
ppo_no_shaping,ppo,7,409908,-89.44
ppo_no_shaping,ppo,7,414913,-91.30596969696967
ppo_no_shaping,ppo,7,419919,-90.98296969696975
ppo_no_shaping,ppo,7,424924,-89.68
ppo_no_shaping,ppo,7,429929,-90.4
ppo_no_shaping,ppo,7,434934,-89.92000000000002
ppo_no_shaping,ppo,7,439939,-88.26000000000002
ppo_no_shaping,ppo,7,444944,-90.66
ppo_no_shaping,ppo,7,449949,-89.27460606060608
ppo_no_shaping,ppo,7,454954,-90.56
ppo_no_shaping,ppo,7,459959,-90.18
ppo_no_shaping,ppo,7,464964,-90.95457575757575
ppo_no_shaping,ppo,7,469969,-89.88000000000001
ppo_no_shaping,ppo,7,474974,-89.86000000000001
ppo_no_shaping,ppo,7,479979,-90.58000000000001
ppo_no_shaping,ppo,7,484984,-89.54
ppo_no_shaping,ppo,7,489989,-90.7668787878788
ppo_no_shaping,ppo,7,494994,-90.72806060606062
ppo_no_shaping,ppo,7,500000,-90.58000000000001
ppo_no_shaping,ppo,314,4301,-94.62
ppo_no_shaping,ppo,314,9308,-95.74000000000001
ppo_no_shaping,ppo,314,14315,-94.88012121212122
ppo_no_shaping,ppo,314,19322,-91.64763636363638
ppo_no_shaping,ppo,314,24329,-90.77709090909092
ppo_no_shaping,ppo,314,29336,-92.42
ppo_no_shaping,ppo,314,34343,-91.49663636363637
ppo_no_shaping,ppo,314,39350,-90.20000000000002
ppo_no_shaping,ppo,314,44357,-89.30035914702583
ppo_no_shaping,ppo,314,49364,-87.64494545454548
ppo_no_shaping,ppo,314,54371,-89.62260606060606
ppo_no_shaping,ppo,314,59378,-89.50000000000001
ppo_no_shaping,ppo,314,64385,-89.93572727272728
ppo_no_shaping,ppo,314,69392,-88.4
ppo_no_shaping,ppo,314,74399,-89.62429752066124
ppo_no_shaping,ppo,314,79406,-90.14909090909092
ppo_no_shaping,ppo,314,84413,-90.37566149297858
ppo_no_shaping,ppo,314,89421,-88.0
ppo_no_shaping,ppo,314,94428,-88.82000000000001
ppo_no_shaping,ppo,314,99435,-89.74000000000001
ppo_no_shaping,ppo,314,104442,-88.62521212121214
ppo_no_shaping,ppo,314,109449,-87.06827272727273
ppo_no_shaping,ppo,314,114456,-89.08000000000001
ppo_no_shaping,ppo,314,119463,-91.5
ppo_no_shaping,ppo,314,124470,-90.43719008264465
ppo_no_shaping,ppo,314,129477,-91.26000000000002
ppo_no_shaping,ppo,314,134484,-91.14
ppo_no_shaping,ppo,314,139491,-90.53285412262173
ppo_no_shaping,ppo,314,144498,-89.38130303030304
ppo_no_shaping,ppo,314,149505,-89.63767272727266
ppo_no_shaping,ppo,314,154512,-90.32000000000001
ppo_no_shaping,ppo,314,159519,-90.30000000000001
ppo_no_shaping,ppo,314,164526,-89.48000000000002
ppo_no_shaping,ppo,314,169534,-91.18
ppo_no_shaping,ppo,314,174541,-90.75999999999999
ppo_no_shaping,ppo,314,179548,-89.68
ppo_no_shaping,ppo,314,184555,-91.24000000000001
ppo_no_shaping,ppo,314,189562,-91.88000000000001
ppo_no_shaping,ppo,314,194569,-89.28
ppo_no_shaping,ppo,314,199576,-90.9
ppo_no_shaping,ppo,314,204583,-90.5
ppo_no_shaping,ppo,314,209590,-89.66748484848483
ppo_no_shaping,ppo,314,214597,-90.76345454545458
ppo_no_shaping,ppo,314,219604,-90.14000000000001
ppo_no_shaping,ppo,314,224611,-90.91366666666666
ppo_no_shaping,ppo,314,229618,-90.77972727272727
ppo_no_shaping,ppo,314,234625,-89.06
ppo_no_shaping,ppo,314,239632,-89.58984848484849
ppo_no_shaping,ppo,314,244639,-90.7230909090909
ppo_no_shaping,ppo,314,249646,-91.34
ppo_no_shaping,ppo,314,254654,-88.66
ppo_no_shaping,ppo,314,259661,-90.42
ppo_no_shaping,ppo,314,264668,-89.52552727272732
ppo_no_shaping,ppo,314,269675,-89.3144242424242
ppo_no_shaping,ppo,314,274682,-91.4034545454546
ppo_no_shaping,ppo,314,279689,-90.32
ppo_no_shaping,ppo,314,284696,-89.48
ppo_no_shaping,ppo,314,289703,-91.54
ppo_no_shaping,ppo,314,294710,-89.14751515151515
ppo_no_shaping,ppo,314,299717,-90.03542424242426
ppo_no_shaping,ppo,314,304724,-89.34
ppo_no_shaping,ppo,314,309731,-90.76
ppo_no_shaping,ppo,314,314738,-89.54000000000002
ppo_no_shaping,ppo,314,319745,-89.43963636363635
ppo_no_shaping,ppo,314,324752,-89.31825454545458
ppo_no_shaping,ppo,314,329759,-89.60000000000001
ppo_no_shaping,ppo,314,334767,-89.68
ppo_no_shaping,ppo,314,339774,-89.6303743315508
ppo_no_shaping,ppo,314,344781,-89.14275151515153
ppo_no_shaping,ppo,314,349788,-90.78
ppo_no_shaping,ppo,314,354795,-90.52224242424244
ppo_no_shaping,ppo,314,359802,-91.18069696969698
ppo_no_shaping,ppo,314,364809,-88.98033057851231
ppo_no_shaping,ppo,314,369816,-90.74000000000001
ppo_no_shaping,ppo,314,374823,-88.34
ppo_no_shaping,ppo,314,379830,-88.86000000000001
ppo_no_shaping,ppo,314,384837,-89.5
ppo_no_shaping,ppo,314,389844,-88.13366666666668
ppo_no_shaping,ppo,314,394851,-88.22772727272731
ppo_no_shaping,ppo,314,399858,-89.0
ppo_no_shaping,ppo,314,404865,-87.68
ppo_no_shaping,ppo,314,409872,-87.28
ppo_no_shaping,ppo,314,414879,-90.93402918069582
ppo_no_shaping,ppo,314,419887,-89.20295757575744
ppo_no_shaping,ppo,314,424894,-89.60390909090911
ppo_no_shaping,ppo,314,429901,-88.52000000000001
ppo_no_shaping,ppo,314,434908,-89.66624242424243
ppo_no_shaping,ppo,314,439915,-85.64000000000001
ppo_no_shaping,ppo,314,444922,-90.70000000000002
ppo_no_shaping,ppo,314,449929,-90.0
ppo_no_shaping,ppo,314,454936,-89.52000000000001
ppo_no_shaping,ppo,314,459943,-91.28
ppo_no_shaping,ppo,314,464950,-90.32957575757575
ppo_no_shaping,ppo,314,469957,-89.34
ppo_no_shaping,ppo,314,474964,-88.9
ppo_no_shaping,ppo,314,479971,-89.88
ppo_no_shaping,ppo,314,484978,-88.80000000000001
ppo_no_shaping,ppo,314,489985,-89.60000000000001
ppo_no_shaping,ppo,314,494992,-89.54414545454546
ppo_no_shaping,ppo,314,500000,-90.22
